ApplicationID,CandidateID,JobRoleKey,SourceKey,AppliedDate,FurthestStageKey,Status,HiredDate,TimeToHireDays
1,3117,43,5,2026-04-14,1,Withdrawn,,
2,2095,63,1,2025-12-10,1,Rejected,,
3,40,52,2,2025-05-11,2,Rejected,,
4,1854,18,5,2026-04-20,2,Withdrawn,,
5,1842,41,4,2025-01-06,2,Rejected,,
6,2342,30,3,2026-01-26,2,Rejected,,
7,703,14,2,2025-03-16,3,Rejected,,
8,2460,61,4,2025-01-27,5,Hired,2025-03-04,36
9,790,53,5,2026-01-05,2,Withdrawn,,
10,2310,25,1,2025-06-01,2,Withdrawn,,
11,1220,3,5,2025-12-28,1,Rejected,,
12,350,26,2,2025-03-02,1,Rejected,,
13,1841,49,3,2025-11-17,1,Rejected,,
14,857,30,3,2025-11-09,2,Rejected,,
15,1127,64,6,2026-02-28,1,Rejected,,
16,1533,6,1,2025-10-19,1,Rejected,,
17,2383,25,1,2025-12-24,2,Rejected,,
18,1290,15,1,2025-02-18,5,Hired,2025-04-06,47
19,2772,10,1,2025-10-09,2,Rejected,,
20,358,26,6,2026-01-09,2,Rejected,,
21,2588,21,1,2025-05-09,3,Rejected,,
22,2121,10,4,2025-12-16,2,Rejected,,
23,2965,21,1,2025-12-29,1,Rejected,,
24,2619,11,1,2026-01-22,1,Withdrawn,,
25,3004,6,1,2026-04-18,2,Rejected,,
26,2939,33,3,2025-07-14,1,Rejected,,
27,1358,54,2,2026-01-05,2,Rejected,,
28,2580,50,2,2025-02-09,1,Rejected,,
29,1539,17,3,2025-08-13,1,Rejected,,
30,2854,24,1,2025-02-21,1,Rejected,,
31,1738,38,4,2025-04-25,2,Rejected,,
32,2475,32,2,2025-01-31,1,Rejected,,
33,895,25,2,2025-09-05,1,Rejected,,
34,1537,2,3,2026-05-21,3,Rejected,,
35,504,37,1,2025-11-16,2,Rejected,,
36,2368,57,4,2025-09-28,5,Hired,2025-10-19,21
37,802,19,1,2025-05-22,1,Rejected,,
38,1737,56,5,2025-04-19,2,Withdrawn,,
39,2537,35,2,2025-05-30,5,Hired,2025-06-26,27
40,360,30,2,2025-12-24,3,Rejected,,
41,2556,6,5,2025-05-27,3,Rejected,,
42,78,24,3,2026-03-06,2,Rejected,,
43,2919,37,2,2026-05-20,1,Rejected,,
44,1754,16,2,2025-09-16,3,Rejected,,
45,2051,25,2,2026-01-07,1,Rejected,,
46,1047,23,4,2025-12-08,1,Rejected,,
47,368,48,1,2025-10-14,3,Rejected,,
48,2474,54,3,2025-02-15,2,Rejected,,
49,1082,16,1,2026-01-11,2,Rejected,,
50,3102,1,3,2026-05-22,1,Withdrawn,,
51,2354,42,3,2025-01-08,1,Rejected,,
52,1581,49,3,2025-03-04,1,Rejected,,
53,752,4,1,2025-11-25,1,Rejected,,
54,3170,47,4,2025-03-14,1,Withdrawn,,
55,1861,6,2,2025-04-15,1,Rejected,,
56,2270,21,2,2025-06-20,5,Hired,2025-07-08,18
57,280,53,1,2025-06-17,5,Hired,2025-07-17,30
58,1816,46,2,2025-03-06,2,Withdrawn,,
59,2170,22,1,2026-05-15,1,Rejected,,
60,2338,52,6,2026-05-09,3,Rejected,,
61,205,24,1,2025-04-25,2,Withdrawn,,
62,3032,38,2,2026-02-07,1,Rejected,,
63,855,29,4,2026-01-20,1,Rejected,,
64,2391,19,3,2025-10-23,1,Rejected,,
65,149,57,2,2025-12-04,2,Rejected,,
66,1762,22,3,2025-06-22,3,Rejected,,
67,2314,7,3,2025-05-20,1,Rejected,,
68,2068,58,3,2025-02-05,2,Rejected,,
69,2474,38,2,2026-02-04,1,Rejected,,
70,2850,50,3,2026-01-02,2,Rejected,,
71,923,27,3,2025-03-14,1,Rejected,,
72,1399,6,3,2025-07-24,2,Rejected,,
73,2357,38,3,2026-02-04,3,Withdrawn,,
74,630,59,4,2025-01-02,1,Rejected,,
75,3188,22,4,2025-06-13,1,Rejected,,
76,17,2,1,2026-04-26,2,Rejected,,
77,2683,53,4,2025-09-30,1,Rejected,,
78,1650,46,5,2025-11-05,1,Rejected,,
79,2598,32,1,2025-05-11,1,Withdrawn,,
80,1268,61,1,2026-01-06,2,Withdrawn,,
81,1635,6,3,2026-05-25,1,Rejected,,
82,322,30,3,2025-05-20,2,Rejected,,
83,733,10,1,2025-08-24,2,Rejected,,
84,2839,45,5,2025-02-28,4,Rejected,,
85,1633,19,1,2026-05-21,5,Hired,2026-06-14,24
86,982,13,3,2025-07-29,5,Hired,2025-09-07,40
87,3032,47,2,2025-01-08,1,Rejected,,
88,799,22,3,2026-02-16,3,Rejected,,
89,2685,54,4,2026-03-31,1,Rejected,,
90,373,44,1,2025-04-04,2,Rejected,,
91,114,48,3,2025-05-16,1,Rejected,,
92,33,12,2,2026-02-21,1,Withdrawn,,
93,3053,18,1,2025-11-27,1,Rejected,,
94,3066,14,3,2025-12-30,1,Rejected,,
95,1417,58,2,2025-12-23,2,Withdrawn,,
96,697,64,5,2025-05-31,1,Rejected,,
97,2725,32,2,2026-05-19,1,Rejected,,
98,1480,20,2,2025-12-16,3,Rejected,,
99,2450,45,1,2026-02-13,1,Rejected,,
100,982,50,4,2025-11-07,1,Rejected,,
101,1852,68,4,2025-03-15,1,Rejected,,
102,3174,12,1,2025-10-30,1,Rejected,,
103,2982,52,2,2025-06-25,5,Hired,2025-07-20,25
104,447,40,2,2025-01-03,2,Rejected,,
105,1233,14,2,2025-12-23,3,Rejected,,
106,2109,9,3,2025-09-03,1,Rejected,,
107,1969,54,6,2025-03-09,1,Rejected,,
108,1198,43,2,2026-03-30,1,Rejected,,
109,152,16,3,2025-01-21,2,Rejected,,
110,1734,38,3,2026-02-25,2,Rejected,,
111,1414,11,1,2025-04-13,1,Rejected,,
112,337,40,1,2025-05-03,2,Rejected,,
113,630,12,2,2026-01-31,1,Rejected,,
114,1199,39,3,2026-03-13,1,Rejected,,
115,2625,49,2,2025-12-28,1,Rejected,,
116,1972,60,3,2025-10-03,2,Rejected,,
117,1262,10,2,2026-04-14,1,Withdrawn,,
118,2646,56,3,2025-04-19,5,Hired,2025-05-20,31
119,1105,55,5,2025-01-11,2,Rejected,,
120,1524,40,3,2026-01-17,1,Withdrawn,,
121,425,12,6,2025-04-02,1,Rejected,,
122,598,42,1,2025-07-10,2,Rejected,,
123,106,62,4,2025-02-10,1,Rejected,,
124,2112,31,5,2026-04-24,1,Rejected,,
125,2471,8,4,2025-03-07,5,Hired,2025-04-20,44
126,2782,13,6,2025-01-13,5,Hired,2025-03-14,60
127,1232,22,6,2025-08-10,4,Rejected,,
128,3099,57,3,2025-09-09,2,Rejected,,
129,1149,56,1,2025-06-12,5,Hired,2025-06-29,17
130,3050,9,3,2025-03-02,2,Rejected,,
131,2099,18,2,2026-01-09,1,Rejected,,
132,3058,12,1,2025-03-29,1,Rejected,,
133,955,65,4,2026-03-27,1,Rejected,,
134,3069,9,1,2026-05-09,1,Rejected,,
135,1213,21,6,2025-04-17,2,Rejected,,
136,111,8,1,2026-04-16,3,Rejected,,
137,1932,23,2,2026-05-31,1,Rejected,,
138,1029,3,3,2025-04-25,2,Rejected,,
139,677,38,4,2025-06-02,2,Rejected,,
140,660,56,5,2025-12-31,5,Hired,2026-01-26,26
141,1729,12,6,2025-03-25,1,Rejected,,
142,2074,57,4,2025-11-26,5,Hired,2025-12-15,19
143,2732,60,4,2026-01-04,3,Rejected,,
144,1566,28,1,2025-11-26,2,Rejected,,
145,2340,29,4,2026-03-15,1,Rejected,,
146,1894,35,1,2026-04-13,1,Withdrawn,,
147,577,1,4,2025-05-22,2,Rejected,,
148,1240,28,3,2025-01-21,3,Rejected,,
149,1211,29,4,2025-06-01,1,Rejected,,
150,515,8,1,2025-04-07,1,Rejected,,
151,2150,15,5,2026-01-19,2,Withdrawn,,
152,1831,30,4,2025-04-08,2,Rejected,,
153,99,58,3,2025-10-29,1,Rejected,,
154,2235,11,4,2026-02-07,1,Rejected,,
155,2833,20,1,2025-01-31,5,Hired,2025-02-25,25
156,1226,49,1,2025-12-28,5,Hired,2026-02-13,47
157,644,56,1,2025-05-19,1,Rejected,,
158,3124,36,3,2026-04-12,1,Withdrawn,,
159,1013,5,1,2026-04-02,1,Rejected,,
160,2186,10,5,2025-01-13,2,Rejected,,
161,939,52,1,2025-01-28,2,Withdrawn,,
162,2900,35,6,2025-02-28,1,Withdrawn,,
163,2962,21,1,2026-05-22,1,Withdrawn,,
164,1175,13,1,2025-12-19,2,Rejected,,
165,467,16,6,2026-01-17,3,Rejected,,
166,2127,41,5,2025-06-04,1,Rejected,,
167,3195,34,6,2025-01-19,1,Rejected,,
168,448,65,4,2025-02-03,2,Rejected,,
169,885,49,2,2025-07-28,1,Rejected,,
170,2324,44,4,2025-10-10,1,Rejected,,
171,1095,5,2,2025-01-29,1,Rejected,,
172,2683,6,3,2025-10-22,1,Rejected,,
173,2235,11,1,2025-09-14,1,Rejected,,
174,99,16,5,2025-01-28,1,Rejected,,
175,1099,5,1,2025-07-18,2,Rejected,,
176,1526,32,1,2025-04-21,1,Rejected,,
177,456,44,3,2026-02-06,1,Rejected,,
178,1940,64,1,2025-08-21,1,Rejected,,
179,1638,39,6,2025-05-11,1,Rejected,,
180,863,26,3,2025-05-17,1,Rejected,,
181,3191,64,3,2025-10-18,1,Withdrawn,,
182,1074,56,3,2025-12-14,5,Hired,2026-01-13,30
183,1870,5,2,2025-12-13,2,Rejected,,
184,1769,33,3,2025-01-17,1,Rejected,,
185,1085,28,2,2025-12-10,2,Rejected,,
186,84,19,1,2025-10-06,1,Rejected,,
187,628,19,5,2025-05-13,2,Rejected,,
188,852,6,3,2025-07-08,1,Rejected,,
189,227,17,1,2026-03-01,2,Withdrawn,,
190,2506,28,3,2025-08-25,1,Rejected,,
191,1865,58,3,2026-03-19,2,Rejected,,
192,2890,17,4,2026-04-21,1,Rejected,,
193,1454,7,2,2025-10-19,2,Rejected,,
194,2679,36,1,2026-01-11,2,Withdrawn,,
195,2169,11,1,2026-05-07,1,Rejected,,
196,2796,7,1,2025-09-29,1,Rejected,,
197,819,31,1,2025-07-15,1,Rejected,,
198,1730,58,1,2025-07-07,5,Hired,2025-08-03,27
199,302,54,2,2025-05-20,2,Rejected,,
200,1668,6,4,2026-02-08,2,Rejected,,
201,1936,34,4,2025-05-10,1,Rejected,,
202,2110,28,6,2025-12-18,1,Rejected,,
203,1823,20,1,2026-05-25,2,Rejected,,
204,1432,3,6,2025-12-20,2,Rejected,,
205,1080,21,4,2026-01-18,2,Withdrawn,,
206,10,36,1,2025-05-23,1,Rejected,,
207,2251,1,3,2025-12-19,1,Rejected,,
208,1007,23,4,2025-04-12,2,Rejected,,
209,2871,12,1,2025-09-15,1,Rejected,,
210,590,14,3,2025-12-20,5,Hired,2026-02-10,52
211,123,35,4,2026-05-16,1,Rejected,,
212,1055,2,4,2025-02-14,5,Hired,2025-03-24,38
213,2231,56,1,2025-03-19,2,Withdrawn,,
214,1146,66,2,2025-07-05,1,Rejected,,
215,3056,47,1,2025-07-15,1,Rejected,,
216,492,21,6,2025-03-14,2,Rejected,,
217,2613,60,1,2026-04-25,2,Rejected,,
218,255,37,4,2025-04-10,5,Hired,2025-05-09,29
219,547,12,3,2025-01-27,5,Hired,2025-03-13,45
220,1623,46,3,2025-11-05,2,Rejected,,
221,2222,55,3,2025-11-13,1,Withdrawn,,
222,2170,59,2,2025-08-08,2,Rejected,,
223,2212,5,4,2025-09-10,1,Rejected,,
224,1265,53,1,2025-01-23,1,Rejected,,
225,46,31,4,2025-12-18,1,Rejected,,
226,2195,60,2,2025-07-25,1,Rejected,,
227,2459,66,1,2026-02-25,1,Rejected,,
228,2611,60,3,2026-05-03,2,Rejected,,
229,638,1,2,2025-04-30,1,Rejected,,
230,890,60,1,2026-02-18,1,Rejected,,
231,475,58,4,2025-10-31,1,Rejected,,
232,1157,43,1,2025-10-30,1,Rejected,,
233,2098,18,3,2025-04-11,2,Rejected,,
234,2870,28,2,2026-01-12,1,Rejected,,
235,1168,40,3,2026-02-18,2,Rejected,,
236,268,33,4,2025-10-21,2,Rejected,,
237,670,67,4,2025-05-01,1,Rejected,,
238,3048,24,4,2026-04-14,1,Rejected,,
239,1847,34,2,2026-04-05,1,Rejected,,
240,2013,11,3,2026-01-26,1,Rejected,,
241,1322,7,1,2025-05-16,1,Rejected,,
242,2556,15,2,2026-05-24,1,Withdrawn,,
243,3132,8,6,2025-11-08,1,Withdrawn,,
244,1724,35,1,2026-02-27,1,Rejected,,
245,327,27,2,2026-01-17,2,Withdrawn,,
246,248,56,3,2025-06-30,1,Rejected,,
247,117,7,4,2026-01-10,1,Withdrawn,,
248,2688,15,3,2025-07-06,3,Rejected,,
249,2554,67,3,2025-06-22,2,Rejected,,
250,3003,46,1,2026-05-03,3,Rejected,,
251,2890,42,4,2025-04-08,3,Rejected,,
252,957,16,1,2025-05-14,3,Rejected,,
253,2645,3,1,2025-11-06,1,Rejected,,
254,1014,56,3,2026-05-18,1,Rejected,,
255,1104,4,2,2025-10-21,5,Hired,2025-12-12,52
256,2674,15,2,2026-05-13,1,Rejected,,
257,242,26,5,2025-12-20,1,Rejected,,
258,3077,21,1,2026-01-25,4,Rejected,,
259,3147,55,3,2026-03-15,2,Rejected,,
260,1463,42,1,2025-08-20,3,Rejected,,
261,1186,24,2,2025-12-13,1,Rejected,,
262,2416,19,6,2025-12-11,1,Rejected,,
263,2727,11,3,2025-03-05,1,Rejected,,
264,345,55,2,2026-04-21,3,Rejected,,
265,739,35,1,2025-11-13,1,Rejected,,
266,1031,14,5,2025-09-26,1,Rejected,,
267,3066,1,6,2025-05-28,1,Rejected,,
268,1598,6,1,2025-07-21,5,Hired,2025-09-03,44
269,2454,9,1,2025-12-10,1,Rejected,,
270,1342,12,4,2026-04-30,1,Rejected,,
271,623,69,4,2026-02-28,3,Rejected,,
272,2736,22,2,2026-01-21,1,Rejected,,
273,1899,25,2,2025-02-26,4,Rejected,,
274,3038,51,2,2026-01-20,1,Rejected,,
275,3002,43,1,2025-01-02,2,Rejected,,
276,2667,28,4,2025-03-03,1,Rejected,,
277,3106,16,5,2025-06-04,5,Hired,2025-06-29,25
278,3107,23,2,2025-01-19,3,Rejected,,
279,1818,43,4,2026-02-02,2,Withdrawn,,
280,681,35,4,2025-06-04,3,Rejected,,
281,1767,44,2,2026-03-06,1,Rejected,,
282,75,3,1,2025-12-31,1,Rejected,,
283,2054,14,3,2026-02-15,1,Rejected,,
284,515,52,1,2025-12-29,3,Rejected,,
285,996,51,2,2025-03-02,1,Rejected,,
286,1297,14,3,2025-10-07,1,Rejected,,
287,2130,21,2,2025-09-14,1,Rejected,,
288,551,21,2,2025-03-11,1,Rejected,,
289,366,42,3,2025-08-13,2,Rejected,,
290,2791,25,4,2026-05-23,1,Rejected,,
291,1883,11,4,2025-12-21,1,Rejected,,
292,2189,51,5,2025-12-18,1,Rejected,,
293,943,39,1,2025-06-01,1,Rejected,,
294,740,23,1,2025-05-25,1,Rejected,,
295,1097,62,3,2025-09-29,2,Rejected,,
296,81,4,5,2025-08-19,1,Rejected,,
297,1309,21,4,2026-04-29,2,Rejected,,
298,2481,18,5,2025-01-12,2,Rejected,,
299,3097,61,1,2025-03-20,1,Rejected,,
300,3048,5,5,2025-10-08,1,Rejected,,
301,1136,39,3,2026-03-12,1,Rejected,,
302,1611,16,3,2026-01-26,2,Rejected,,
303,906,3,1,2025-09-22,1,Rejected,,
304,2660,59,1,2025-03-31,1,Rejected,,
305,2683,49,6,2026-02-02,1,Rejected,,
306,2873,1,6,2025-07-28,1,Rejected,,
307,511,25,5,2025-01-26,3,Rejected,,
308,923,44,1,2025-10-21,2,Rejected,,
309,944,32,3,2026-05-11,2,Rejected,,
310,1522,33,1,2025-11-15,2,Rejected,,
311,792,55,4,2025-12-25,1,Rejected,,
312,122,37,1,2026-05-18,1,Rejected,,
313,2378,14,6,2025-02-27,5,Hired,2025-04-27,59
314,2387,32,3,2026-04-20,1,Rejected,,
315,1829,40,4,2026-01-02,1,Rejected,,
316,2359,50,1,2026-04-15,3,Rejected,,
317,2936,18,5,2025-08-23,1,Rejected,,
318,3020,40,4,2025-09-19,1,Rejected,,
319,899,7,1,2025-11-17,2,Rejected,,
320,1872,6,4,2025-07-06,3,Rejected,,
321,2789,6,2,2025-04-25,1,Rejected,,
322,196,34,2,2025-07-31,1,Withdrawn,,
323,3162,19,3,2025-11-29,2,Rejected,,
324,495,4,4,2025-12-29,3,Rejected,,
325,275,9,4,2026-04-29,1,Rejected,,
326,1098,49,1,2026-03-17,1,Rejected,,
327,1067,54,3,2025-09-24,2,Rejected,,
328,36,16,2,2025-10-05,3,Rejected,,
329,1215,24,4,2025-03-09,2,Rejected,,
330,3135,68,1,2025-04-22,3,Rejected,,
331,2958,21,1,2026-05-27,1,Withdrawn,,
332,1463,37,4,2025-06-01,1,Withdrawn,,
333,1455,21,6,2025-04-05,2,Rejected,,
334,601,49,4,2025-03-12,1,Rejected,,
335,788,56,1,2025-07-29,3,Rejected,,
336,337,8,1,2026-02-13,1,Rejected,,
337,529,20,1,2025-08-08,5,Hired,2025-08-31,23
338,561,2,1,2025-06-30,1,Rejected,,
339,2291,52,1,2025-12-25,5,Hired,2026-01-21,27
340,2163,47,4,2025-09-19,1,Rejected,,
341,403,16,2,2025-02-26,5,Hired,2025-03-19,21
342,2513,20,4,2025-11-27,2,Rejected,,
343,2230,35,2,2025-12-25,1,Rejected,,
344,2313,29,2,2026-02-19,1,Rejected,,
345,1573,12,1,2025-03-27,3,Rejected,,
346,1276,50,2,2025-02-26,1,Rejected,,
347,860,12,1,2026-05-15,1,Rejected,,
348,575,43,2,2025-03-20,1,Rejected,,
349,1828,41,1,2026-05-10,2,Rejected,,
350,2759,36,2,2026-02-27,1,Rejected,,
351,2382,20,3,2025-07-14,2,Rejected,,
352,569,17,1,2026-01-17,2,Rejected,,
353,2524,1,5,2026-04-24,1,Rejected,,
354,1894,41,6,2026-05-05,2,Rejected,,
355,284,59,2,2025-07-26,1,Rejected,,
356,2803,57,4,2025-09-27,2,Withdrawn,,
357,289,29,3,2026-03-15,2,Rejected,,
358,2223,9,1,2025-07-24,2,Rejected,,
359,2590,40,3,2026-02-01,1,Rejected,,
360,2345,12,1,2025-11-05,1,Rejected,,
361,3062,52,1,2025-06-15,3,Withdrawn,,
362,2688,30,1,2025-07-29,2,Rejected,,
363,1239,9,4,2025-01-12,2,Rejected,,
364,888,31,4,2026-04-29,1,Withdrawn,,
365,490,32,1,2025-05-18,1,Withdrawn,,
366,2253,57,4,2026-01-24,5,Hired,2026-02-23,30
367,604,2,5,2025-04-01,2,Rejected,,
368,2604,16,2,2025-12-30,3,Rejected,,
369,3020,19,3,2025-04-24,1,Rejected,,
370,2392,21,1,2025-02-07,3,Rejected,,
371,2671,24,3,2025-05-26,2,Rejected,,
372,1897,13,1,2025-08-14,1,Rejected,,
373,221,5,4,2026-03-27,1,Withdrawn,,
374,1404,50,2,2025-03-23,2,Rejected,,
375,690,27,2,2025-12-14,1,Withdrawn,,
376,781,37,2,2025-05-21,1,Rejected,,
377,1335,11,3,2025-06-14,1,Rejected,,
378,1249,59,4,2026-03-13,4,Rejected,,
379,1823,32,3,2026-05-02,1,Rejected,,
380,227,23,6,2025-01-17,2,Rejected,,
381,2633,17,2,2026-04-27,1,Rejected,,
382,2056,68,5,2025-03-16,5,Hired,2025-04-17,32
383,2215,47,1,2025-08-20,1,Rejected,,
384,3118,17,4,2025-04-25,2,Rejected,,
385,3178,18,5,2025-08-12,1,Rejected,,
386,2973,47,4,2025-01-12,3,Rejected,,
387,925,25,5,2025-06-19,5,Hired,2025-07-25,36
388,1514,21,1,2025-05-17,2,Withdrawn,,
389,1649,37,5,2026-02-10,1,Rejected,,
390,3184,35,1,2025-08-15,1,Rejected,,
391,1012,32,4,2025-04-11,1,Rejected,,
392,2162,40,2,2025-12-01,2,Rejected,,
393,405,48,4,2025-08-12,3,Rejected,,
394,45,6,1,2025-02-18,2,Rejected,,
395,1229,47,3,2025-03-09,3,Rejected,,
396,3105,27,2,2026-05-23,1,Rejected,,
397,1090,47,4,2025-04-14,1,Rejected,,
398,3150,22,2,2026-01-16,3,Rejected,,
399,1922,35,5,2025-11-11,1,Rejected,,
400,2752,17,6,2025-12-25,1,Rejected,,
401,137,36,1,2026-01-14,2,Rejected,,
402,2401,25,3,2025-06-12,3,Rejected,,
403,2298,15,1,2025-05-20,5,Hired,2025-07-02,43
404,2383,33,5,2025-08-27,5,Hired,2025-10-01,35
405,1572,37,2,2026-04-29,5,Hired,2026-06-03,35
406,3081,1,5,2026-05-30,1,Rejected,,
407,116,46,2,2025-11-19,1,Rejected,,
408,1540,43,6,2026-01-20,1,Rejected,,
409,1486,39,1,2026-04-29,5,Hired,2026-05-26,27
410,1743,27,1,2026-05-12,4,Rejected,,
411,2480,46,6,2025-07-16,5,Hired,2025-09-14,60
412,519,58,6,2026-04-01,2,Withdrawn,,
413,3192,60,4,2026-02-11,3,Rejected,,
414,1098,9,2,2025-07-06,1,Rejected,,
415,946,61,3,2025-10-17,3,Rejected,,
416,736,38,4,2025-05-05,2,Rejected,,
417,651,12,3,2026-04-10,3,Rejected,,
418,483,55,4,2025-04-22,1,Rejected,,
419,2322,56,1,2026-01-26,1,Rejected,,
420,145,34,5,2025-04-03,2,Rejected,,
421,1525,65,1,2025-04-11,2,Rejected,,
422,255,17,2,2025-02-24,1,Withdrawn,,
423,2450,13,2,2025-02-22,1,Rejected,,
424,2522,5,2,2025-02-24,1,Withdrawn,,
425,1800,27,4,2026-04-24,2,Rejected,,
426,2478,4,3,2025-03-30,1,Rejected,,
427,2486,24,1,2025-03-07,3,Rejected,,
428,1643,29,1,2025-01-27,1,Rejected,,
429,1212,15,3,2025-07-13,1,Rejected,,
430,2067,30,3,2025-06-11,3,Rejected,,
431,1279,34,4,2026-05-20,2,Rejected,,
432,2327,22,4,2025-03-29,1,Rejected,,
433,2366,36,1,2025-05-25,2,Rejected,,
434,1305,20,4,2026-02-26,1,Rejected,,
435,270,60,4,2025-03-15,3,Rejected,,
436,1146,3,2,2025-08-05,1,Rejected,,
437,1647,31,5,2025-06-23,3,Rejected,,
438,649,13,4,2025-12-12,1,Rejected,,
439,2138,60,3,2025-11-25,3,Rejected,,
440,2865,10,4,2025-11-30,4,Rejected,,
441,1387,48,3,2026-05-19,3,Rejected,,
442,442,56,2,2025-05-08,1,Rejected,,
443,2073,11,3,2025-08-23,1,Rejected,,
444,2415,20,3,2025-10-13,1,Rejected,,
445,1557,44,1,2026-01-02,2,Rejected,,
446,1056,20,6,2025-05-10,1,Rejected,,
447,441,25,1,2025-01-19,1,Rejected,,
448,353,53,1,2025-05-22,2,Rejected,,
449,1900,36,3,2025-04-27,1,Withdrawn,,
450,264,12,2,2025-05-29,1,Rejected,,
451,3026,24,4,2026-05-14,2,Rejected,,
452,265,10,3,2025-09-21,1,Rejected,,
453,3030,19,5,2025-08-06,5,Hired,2025-09-08,33
454,1863,44,3,2025-11-22,2,Rejected,,
455,279,10,4,2025-02-07,1,Rejected,,
456,2584,1,1,2025-09-29,1,Rejected,,
457,2725,24,1,2026-04-18,1,Withdrawn,,
458,275,33,3,2025-02-23,2,Rejected,,
459,2045,25,6,2025-06-05,1,Rejected,,
460,775,56,1,2026-01-01,2,Rejected,,
461,125,33,3,2025-05-22,1,Rejected,,
462,473,29,5,2025-05-04,1,Rejected,,
463,2259,2,1,2025-07-07,1,Rejected,,
464,2161,48,1,2025-10-03,1,Rejected,,
465,2154,25,1,2026-02-23,2,Rejected,,
466,2383,17,4,2025-01-27,1,Rejected,,
467,384,47,1,2025-04-30,3,Rejected,,
468,2854,23,3,2026-02-04,2,Rejected,,
469,672,34,3,2025-09-08,3,Rejected,,
470,2210,4,2,2026-03-04,1,Rejected,,
471,644,26,6,2025-07-09,1,Rejected,,
472,751,37,1,2025-03-20,3,Rejected,,
473,2844,49,6,2026-01-19,1,Rejected,,
474,1155,1,6,2025-08-19,1,Rejected,,
475,1059,10,2,2025-11-29,2,Rejected,,
476,583,23,4,2025-03-17,1,Rejected,,
477,1593,58,2,2025-01-16,3,Rejected,,
478,1404,50,5,2026-02-28,1,Withdrawn,,
479,1267,65,2,2025-07-05,2,Withdrawn,,
480,3091,45,6,2025-07-14,1,Rejected,,
481,1776,69,5,2025-10-03,3,Rejected,,
482,1835,20,1,2026-04-28,4,Withdrawn,,
483,1434,1,1,2025-08-05,2,Rejected,,
484,1360,27,1,2025-06-12,3,Rejected,,
485,1882,5,4,2026-04-22,1,Rejected,,
486,1294,56,5,2025-08-13,5,Hired,2025-09-14,32
487,93,43,6,2025-09-06,2,Rejected,,
488,2367,13,3,2026-04-30,3,Withdrawn,,
489,78,39,1,2025-06-23,1,Rejected,,
490,3169,21,3,2025-11-28,1,Rejected,,
491,2862,51,4,2025-11-16,1,Rejected,,
492,2872,17,1,2025-11-08,2,Withdrawn,,
493,1576,8,5,2025-01-20,1,Rejected,,
494,1700,25,1,2026-05-11,1,Withdrawn,,
495,266,21,4,2026-01-08,2,Rejected,,
496,1017,34,4,2026-02-25,2,Rejected,,
497,1408,30,3,2025-04-21,3,Rejected,,
498,144,13,1,2025-04-20,5,Hired,2025-05-25,35
499,830,48,4,2025-04-26,1,Rejected,,
500,1411,1,4,2026-02-11,2,Withdrawn,,
501,559,64,1,2026-02-07,2,Rejected,,
502,1709,58,2,2025-04-04,2,Rejected,,
503,1649,31,4,2025-04-10,1,Rejected,,
504,1853,54,1,2025-03-29,2,Rejected,,
505,3188,15,1,2025-11-26,2,Rejected,,
506,2405,23,1,2025-05-12,1,Rejected,,
507,339,8,1,2026-05-01,1,Rejected,,
508,1869,30,1,2025-09-16,2,Rejected,,
509,1059,1,4,2025-03-27,1,Withdrawn,,
510,2102,55,1,2026-01-04,2,Rejected,,
511,1132,5,1,2025-12-24,1,Rejected,,
512,772,2,5,2026-01-22,1,Withdrawn,,
513,1840,53,3,2025-01-04,1,Rejected,,
514,3077,52,3,2026-02-16,1,Rejected,,
515,647,6,4,2026-04-05,1,Rejected,,
516,1621,29,4,2025-06-14,1,Rejected,,
517,2849,42,1,2026-05-30,2,Rejected,,
518,2853,12,1,2025-11-28,1,Withdrawn,,
519,2337,9,6,2025-12-09,2,Withdrawn,,
520,238,47,3,2025-04-16,1,Rejected,,
521,873,16,4,2025-07-15,1,Rejected,,
522,1281,58,3,2025-06-09,2,Rejected,,
523,1848,27,1,2026-05-29,1,Rejected,,
524,1526,48,4,2025-04-20,1,Rejected,,
525,1783,26,2,2025-03-15,1,Withdrawn,,
526,1196,2,3,2026-02-13,1,Rejected,,
527,1864,3,6,2025-06-23,1,Rejected,,
528,2690,46,1,2026-02-13,3,Rejected,,
529,1627,66,4,2026-02-25,5,Hired,2026-03-28,31
530,1430,24,2,2026-01-12,3,Rejected,,
531,1228,11,2,2025-03-23,2,Rejected,,
532,70,44,3,2025-01-23,2,Rejected,,
533,1695,52,1,2026-01-10,4,Rejected,,
534,669,2,5,2025-12-02,1,Rejected,,
535,354,51,6,2025-10-04,1,Rejected,,
536,3080,33,3,2025-01-08,1,Rejected,,
537,1063,34,2,2026-01-04,2,Rejected,,
538,75,10,4,2026-02-24,1,Rejected,,
539,2433,7,2,2026-01-15,1,Rejected,,
540,2602,33,1,2025-05-26,1,Rejected,,
541,954,66,1,2025-02-24,1,Rejected,,
542,2561,19,1,2025-12-22,1,Rejected,,
543,1208,49,4,2025-09-23,3,Rejected,,
544,2655,51,1,2025-03-29,1,Rejected,,
545,370,8,3,2026-03-25,1,Withdrawn,,
546,447,69,1,2025-08-21,1,Rejected,,
547,306,60,3,2025-05-27,2,Rejected,,
548,2606,23,1,2025-06-18,1,Withdrawn,,
549,3018,21,3,2025-05-30,5,Hired,2025-06-19,20
550,376,17,1,2026-05-06,3,Rejected,,
551,1783,54,1,2025-06-11,1,Rejected,,
552,1224,12,1,2026-03-02,3,Withdrawn,,
553,1335,7,3,2025-01-08,1,Withdrawn,,
554,290,20,2,2025-06-25,2,Rejected,,
555,1136,5,3,2025-07-13,1,Rejected,,
556,2900,68,4,2026-04-01,4,Rejected,,
557,285,46,4,2025-09-02,1,Rejected,,
558,902,36,1,2025-01-26,3,Rejected,,
559,3036,2,1,2025-11-15,1,Withdrawn,,
560,1372,63,1,2025-12-19,1,Rejected,,
561,2463,42,2,2025-09-19,1,Rejected,,
562,3171,29,1,2025-05-14,5,Hired,2025-06-11,28
563,2220,34,1,2025-05-18,1,Rejected,,
564,2650,43,3,2026-01-01,1,Rejected,,
565,237,48,1,2025-02-23,1,Rejected,,
566,2828,19,1,2026-02-08,2,Rejected,,
567,1153,17,1,2025-01-02,5,Hired,2025-01-31,29
568,2979,10,4,2025-02-28,1,Rejected,,
569,317,51,2,2026-04-04,1,Rejected,,
570,2678,57,6,2025-03-01,5,Hired,2025-03-24,23
571,759,12,4,2026-03-16,1,Rejected,,
572,430,5,4,2025-03-08,2,Rejected,,
573,1403,59,6,2025-11-08,2,Rejected,,
574,403,29,2,2025-01-31,1,Rejected,,
575,1492,12,3,2026-01-17,1,Rejected,,
576,784,68,3,2025-07-27,1,Rejected,,
577,1365,39,3,2025-03-05,1,Rejected,,
578,1564,7,3,2025-10-04,1,Rejected,,
579,1279,24,3,2026-05-18,2,Rejected,,
580,1670,38,1,2025-01-02,4,Rejected,,
581,2085,13,1,2026-04-26,1,Rejected,,
582,2293,18,4,2025-09-01,2,Rejected,,
583,1744,56,3,2025-12-10,1,Rejected,,
584,2756,28,3,2026-01-19,2,Rejected,,
585,1388,47,4,2026-03-01,1,Rejected,,
586,247,47,1,2026-04-08,1,Rejected,,
587,2572,68,1,2025-01-11,3,Rejected,,
588,1670,15,1,2025-08-25,1,Withdrawn,,
589,213,58,4,2025-06-09,1,Rejected,,
590,619,15,4,2026-03-19,1,Rejected,,
591,627,42,2,2025-01-28,2,Rejected,,
592,3111,13,3,2025-10-29,3,Rejected,,
593,1622,22,1,2025-03-26,3,Withdrawn,,
594,3104,8,4,2025-03-30,5,Hired,2025-05-08,39
595,1363,55,3,2025-06-03,1,Rejected,,
596,1687,25,1,2026-05-30,2,Rejected,,
597,8,24,2,2026-05-26,1,Rejected,,
598,2714,11,1,2025-04-28,3,Rejected,,
599,2715,23,4,2025-09-29,3,Rejected,,
600,2257,9,1,2025-09-17,3,Rejected,,
601,2141,36,4,2026-03-07,3,Rejected,,
602,3118,53,1,2025-07-25,1,Rejected,,
603,856,41,1,2025-02-05,1,Rejected,,
604,1441,11,6,2025-12-05,1,Rejected,,
605,2571,19,4,2025-12-07,1,Rejected,,
606,548,14,3,2026-03-14,1,Rejected,,
607,1710,12,1,2026-02-08,1,Rejected,,
608,1304,2,5,2025-08-29,2,Rejected,,
609,2901,63,4,2025-03-29,2,Rejected,,
610,2088,69,1,2025-12-24,1,Withdrawn,,
611,791,20,4,2025-03-23,2,Rejected,,
612,796,67,5,2025-09-02,2,Rejected,,
613,483,36,2,2025-10-15,1,Rejected,,
614,2971,4,1,2025-03-24,1,Rejected,,
615,461,12,4,2026-03-11,2,Rejected,,
616,2686,41,2,2025-03-31,1,Rejected,,
617,1821,65,3,2025-11-19,2,Rejected,,
618,1348,46,1,2026-01-17,1,Rejected,,
619,555,25,2,2025-08-11,1,Rejected,,
620,445,66,3,2025-11-10,1,Rejected,,
621,212,16,4,2025-08-23,4,Rejected,,
622,2135,58,2,2025-03-03,2,Rejected,,
623,593,15,1,2026-03-30,2,Rejected,,
624,27,46,6,2026-02-06,1,Rejected,,
625,1850,56,3,2025-03-31,3,Rejected,,
626,771,21,6,2025-11-24,1,Withdrawn,,
627,2857,61,3,2026-04-11,1,Rejected,,
628,1778,54,6,2025-11-25,3,Rejected,,
629,1423,45,4,2025-09-28,3,Rejected,,
630,1092,31,1,2025-12-29,1,Rejected,,
631,1994,15,1,2026-03-31,5,Hired,2026-05-06,36
632,382,67,3,2025-09-08,1,Withdrawn,,
633,1597,22,4,2025-09-25,1,Rejected,,
634,2219,32,4,2026-03-27,1,Rejected,,
635,1634,57,1,2025-12-31,1,Rejected,,
636,1270,27,3,2026-03-30,1,Rejected,,
637,456,18,3,2026-01-10,1,Rejected,,
638,1446,26,3,2025-12-16,1,Rejected,,
639,564,32,3,2025-12-24,1,Rejected,,
640,12,5,3,2025-03-31,4,Rejected,,
641,1539,49,5,2025-09-25,2,Rejected,,
642,2779,33,2,2025-07-21,1,Rejected,,
643,2527,69,1,2025-09-22,1,Rejected,,
644,2487,32,4,2025-08-08,5,Hired,2025-09-13,36
645,2687,29,3,2025-12-11,1,Rejected,,
646,2931,51,1,2026-03-01,1,Rejected,,
647,1375,8,4,2025-03-22,3,Rejected,,
648,326,21,5,2025-09-03,1,Rejected,,
649,1991,32,1,2026-05-28,1,Rejected,,
650,223,45,1,2025-01-16,2,Rejected,,
651,1184,68,1,2025-10-16,3,Rejected,,
652,1903,2,1,2025-07-29,1,Rejected,,
653,2023,20,1,2026-04-28,2,Rejected,,
654,2058,5,1,2026-01-20,1,Rejected,,
655,3064,24,1,2025-04-01,3,Rejected,,
656,144,40,2,2026-01-28,3,Withdrawn,,
657,2277,16,1,2026-05-03,1,Rejected,,
658,35,11,4,2025-04-21,1,Rejected,,
659,2558,12,3,2025-05-02,1,Rejected,,
660,708,47,5,2025-05-21,1,Rejected,,
661,1578,44,2,2025-08-29,3,Withdrawn,,
662,2478,5,4,2026-05-18,1,Rejected,,
663,837,56,6,2025-05-02,5,Hired,2025-05-28,26
664,1196,50,5,2026-04-07,2,Rejected,,
665,72,13,1,2025-05-05,1,Rejected,,
666,3079,50,1,2025-06-09,5,Hired,2025-07-22,43
667,2364,8,1,2025-12-16,2,Rejected,,
668,3049,42,3,2025-12-03,1,Rejected,,
669,1975,21,4,2025-02-22,2,Rejected,,
670,947,22,1,2025-07-16,1,Rejected,,
671,2105,21,1,2026-02-12,1,Rejected,,
672,397,24,4,2025-11-20,2,Rejected,,
673,1519,69,2,2025-08-08,1,Rejected,,
674,824,60,2,2025-04-19,2,Rejected,,
675,302,64,6,2026-05-04,1,Rejected,,
676,699,64,1,2026-04-12,1,Rejected,,
677,1813,15,3,2026-05-03,1,Rejected,,
678,2836,27,5,2026-05-29,1,Rejected,,
679,1421,28,1,2025-10-02,1,Rejected,,
680,484,19,1,2025-07-09,3,Rejected,,
681,1917,36,4,2025-10-17,2,Rejected,,
682,520,50,3,2026-04-15,1,Withdrawn,,
683,3100,53,4,2025-06-23,1,Rejected,,
684,1963,17,5,2025-10-19,1,Rejected,,
685,3121,22,3,2025-12-18,3,Rejected,,
686,1772,64,4,2025-05-06,1,Withdrawn,,
687,1580,55,6,2025-04-30,2,Rejected,,
688,2916,54,3,2025-08-14,2,Rejected,,
689,2364,16,1,2026-04-15,1,Rejected,,
690,2257,30,2,2025-05-11,3,Rejected,,
691,690,44,1,2025-12-05,3,Rejected,,
692,1056,4,2,2026-04-09,1,Rejected,,
693,3086,22,1,2025-03-04,2,Rejected,,
694,1665,13,1,2025-12-17,1,Rejected,,
695,355,12,4,2025-06-10,1,Rejected,,
696,2775,38,3,2025-12-12,2,Rejected,,
697,2612,14,1,2025-12-26,3,Rejected,,
698,691,34,5,2025-03-31,1,Rejected,,
699,1158,16,2,2026-01-16,3,Rejected,,
700,3094,20,2,2025-12-12,1,Rejected,,
701,248,50,6,2025-09-11,4,Rejected,,
702,3120,4,4,2025-04-29,1,Rejected,,
703,2468,33,1,2025-06-18,2,Rejected,,
704,2311,43,1,2025-01-25,2,Rejected,,
705,2619,3,4,2025-04-14,2,Rejected,,
706,586,23,1,2026-01-07,2,Rejected,,
707,450,13,5,2026-01-11,1,Withdrawn,,
708,2575,51,6,2026-04-07,1,Rejected,,
709,2709,48,5,2025-11-06,3,Withdrawn,,
710,3009,18,3,2025-10-04,5,Hired,2025-10-27,23
711,814,39,1,2025-04-01,3,Rejected,,
712,379,6,1,2025-01-03,1,Rejected,,
713,2628,8,3,2026-02-04,5,Hired,2026-03-29,53
714,2460,32,2,2025-07-12,5,Hired,2025-08-12,31
715,792,49,4,2025-02-01,1,Withdrawn,,
716,2369,56,3,2026-04-17,1,Rejected,,
717,2737,7,4,2025-02-10,1,Rejected,,
718,1482,53,1,2026-03-17,5,Hired,2026-04-12,26
719,2479,26,1,2025-04-29,5,Hired,2025-06-06,38
720,199,22,1,2026-03-19,1,Withdrawn,,
721,2503,9,2,2025-06-15,1,Rejected,,
722,1130,14,1,2025-09-27,5,Hired,2025-11-09,43
723,1124,52,1,2026-05-12,1,Rejected,,
724,2672,5,2,2026-03-16,1,Rejected,,
725,2234,53,4,2026-03-29,1,Rejected,,
726,3161,29,6,2026-02-21,1,Rejected,,
727,1838,13,5,2025-01-06,3,Rejected,,
728,712,15,2,2025-01-03,1,Rejected,,
729,2853,16,2,2025-09-22,1,Rejected,,
730,2215,16,1,2025-07-26,1,Rejected,,
731,3092,68,2,2025-08-03,5,Hired,2025-09-08,36
732,580,36,2,2025-05-12,1,Rejected,,
733,1820,44,1,2025-08-08,1,Withdrawn,,
734,130,23,1,2025-01-22,3,Rejected,,
735,1992,53,2,2026-04-01,2,Rejected,,
736,1802,60,3,2026-02-24,4,Rejected,,
737,183,16,3,2025-05-29,1,Rejected,,
738,1708,28,2,2026-02-09,2,Rejected,,
739,1079,22,2,2026-01-28,2,Rejected,,
740,2293,54,1,2025-07-11,1,Rejected,,
741,3001,15,1,2025-11-13,2,Rejected,,
742,636,6,1,2025-02-09,1,Rejected,,
743,2399,63,4,2025-11-21,1,Rejected,,
744,1730,47,1,2025-12-02,3,Rejected,,
745,2837,11,1,2025-03-31,1,Rejected,,
746,1530,25,3,2025-06-23,2,Rejected,,
747,2348,23,1,2025-01-27,3,Rejected,,
748,2680,28,6,2026-02-07,2,Withdrawn,,
749,171,9,5,2025-12-14,1,Rejected,,
750,2183,34,1,2026-03-27,1,Rejected,,
751,2611,17,4,2025-06-12,5,Hired,2025-07-05,23
752,2480,53,4,2026-03-13,1,Rejected,,
753,2237,14,1,2026-02-02,1,Rejected,,
754,2851,8,4,2025-02-23,5,Hired,2025-04-13,49
755,1707,63,2,2026-02-01,1,Rejected,,
756,725,38,5,2025-06-05,1,Withdrawn,,
757,979,57,1,2025-06-07,1,Rejected,,
758,1590,24,2,2026-05-24,3,Withdrawn,,
759,51,57,5,2025-01-12,2,Rejected,,
760,1849,38,1,2025-04-19,1,Rejected,,
761,1145,1,3,2025-03-26,1,Rejected,,
762,159,57,2,2026-01-03,2,Rejected,,
763,885,19,3,2025-07-17,1,Rejected,,
764,2049,3,4,2025-08-11,2,Rejected,,
765,368,58,3,2025-08-16,5,Hired,2025-09-12,27
766,2665,35,6,2025-12-31,1,Rejected,,
767,2905,5,2,2025-04-24,1,Rejected,,
768,2444,33,2,2026-03-26,1,Rejected,,
769,3152,46,1,2025-02-28,4,Rejected,,
770,2396,19,2,2026-01-04,2,Rejected,,
771,2523,62,1,2025-02-22,1,Rejected,,
772,12,6,1,2025-05-25,2,Rejected,,
773,1079,14,1,2026-04-03,2,Rejected,,
774,2157,33,4,2025-04-10,2,Rejected,,
775,2170,48,3,2025-04-19,2,Rejected,,
776,2272,46,5,2025-05-27,1,Withdrawn,,
777,442,24,3,2025-11-01,2,Rejected,,
778,2399,55,2,2025-09-30,5,Hired,2025-10-31,31
779,3182,6,4,2025-01-13,3,Rejected,,
780,1802,57,2,2025-12-12,2,Rejected,,
781,1217,8,1,2025-06-02,1,Rejected,,
782,1294,24,2,2025-01-08,1,Rejected,,
783,1188,59,1,2025-05-19,1,Rejected,,
784,2389,1,1,2025-11-07,2,Rejected,,
785,2624,28,4,2026-05-31,1,Rejected,,
786,2329,28,1,2025-08-09,1,Withdrawn,,
787,2086,32,3,2026-04-11,3,Rejected,,
788,1697,50,3,2026-05-23,2,Rejected,,
789,2135,9,1,2025-08-23,1,Rejected,,
790,2746,8,2,2025-05-27,2,Rejected,,
791,2589,53,2,2025-04-10,3,Rejected,,
792,506,54,1,2025-03-20,2,Rejected,,
793,1335,41,3,2025-12-12,1,Rejected,,
794,960,18,3,2026-01-12,4,Rejected,,
795,38,49,1,2026-01-14,1,Rejected,,
796,1820,37,1,2025-01-14,4,Rejected,,
797,1122,47,3,2025-01-05,1,Rejected,,
798,603,44,4,2026-05-29,1,Rejected,,
799,1099,48,4,2025-09-10,5,Hired,2025-10-31,51
800,2158,47,3,2026-01-01,1,Rejected,,
801,2746,57,6,2025-08-29,1,Rejected,,
802,2318,33,3,2025-04-21,3,Rejected,,
803,2275,36,4,2025-05-28,1,Rejected,,
804,288,10,1,2026-05-02,1,Rejected,,
805,2828,17,5,2025-09-28,1,Rejected,,
806,2924,10,5,2026-04-27,1,Rejected,,
807,1113,30,4,2025-09-22,5,Hired,2025-10-27,35
808,1023,8,1,2025-07-27,1,Rejected,,
809,53,65,6,2026-03-09,1,Rejected,,
810,1125,41,4,2026-03-07,3,Withdrawn,,
811,2850,31,2,2026-02-13,3,Rejected,,
812,3038,39,2,2026-04-03,1,Rejected,,
813,826,55,1,2025-09-09,2,Withdrawn,,
814,2243,12,2,2025-05-12,2,Rejected,,
815,3167,25,1,2025-05-24,1,Rejected,,
816,1297,52,3,2025-06-17,1,Rejected,,
817,2349,24,6,2026-02-26,1,Rejected,,
818,1414,66,4,2026-05-24,1,Rejected,,
819,2553,11,2,2025-07-22,1,Rejected,,
820,2524,55,3,2025-10-31,1,Rejected,,
821,2778,35,5,2026-05-31,2,Rejected,,
822,962,9,1,2025-04-06,1,Rejected,,
823,1675,21,2,2026-01-25,3,Rejected,,
824,627,50,1,2026-01-31,2,Rejected,,
825,1309,3,1,2025-02-26,1,Rejected,,
826,1064,26,4,2026-01-07,1,Rejected,,
827,574,4,1,2025-02-08,1,Rejected,,
828,1655,58,1,2025-11-04,5,Hired,2025-12-01,27
829,2182,51,5,2025-05-13,1,Rejected,,
830,2576,6,1,2026-04-19,1,Rejected,,
831,2851,28,2,2025-02-08,1,Rejected,,
832,755,8,5,2025-02-12,1,Rejected,,
833,1809,12,5,2025-02-01,3,Rejected,,
834,886,15,2,2025-11-07,2,Rejected,,
835,1526,53,2,2026-05-18,2,Rejected,,
836,1019,6,5,2025-09-01,1,Rejected,,
837,2202,38,1,2026-02-19,1,Withdrawn,,
838,2247,2,3,2026-01-21,1,Rejected,,
839,678,28,1,2025-02-16,2,Rejected,,
840,1558,57,2,2025-09-20,2,Rejected,,
841,1799,22,2,2025-03-28,1,Withdrawn,,
842,2257,42,1,2025-09-22,2,Rejected,,
843,3169,18,1,2025-09-20,1,Rejected,,
844,2748,19,3,2026-04-03,1,Rejected,,
845,234,2,3,2025-03-03,5,Hired,2025-04-12,40
846,1478,6,5,2025-11-11,3,Rejected,,
847,2234,34,1,2025-05-27,3,Rejected,,
848,357,40,2,2025-07-17,1,Withdrawn,,
849,1253,21,4,2025-06-01,1,Rejected,,
850,474,53,1,2025-12-09,2,Rejected,,
851,650,20,4,2026-03-26,3,Rejected,,
852,2055,21,5,2025-01-28,5,Hired,2025-02-19,22
853,525,9,5,2026-02-28,1,Rejected,,
854,2705,5,4,2025-09-26,1,Withdrawn,,
855,2547,35,1,2026-01-07,3,Rejected,,
856,1660,35,4,2025-01-31,1,Rejected,,
857,137,18,2,2026-04-04,5,Hired,2026-05-01,27
858,1249,42,1,2025-09-11,3,Withdrawn,,
859,906,17,1,2025-03-17,3,Rejected,,
860,2011,46,5,2025-05-20,1,Rejected,,
861,1235,20,2,2025-03-18,1,Withdrawn,,
862,2767,51,3,2025-03-26,1,Rejected,,
863,1246,61,4,2026-01-08,1,Rejected,,
864,213,48,1,2025-09-03,1,Rejected,,
865,2242,34,3,2026-04-23,3,Rejected,,
866,3104,15,4,2025-08-20,2,Rejected,,
867,1797,55,3,2025-10-01,5,Hired,2025-11-07,37
868,2453,1,5,2025-12-30,3,Rejected,,
869,647,28,4,2026-03-26,1,Rejected,,
870,2334,2,1,2026-03-25,5,Hired,2026-05-10,46
871,1701,46,3,2026-02-24,1,Rejected,,
872,463,16,3,2025-04-15,2,Rejected,,
873,1767,51,4,2025-04-25,1,Rejected,,
874,3200,47,1,2025-08-01,3,Rejected,,
875,3175,50,2,2025-06-14,1,Rejected,,
876,2926,19,3,2025-06-11,2,Rejected,,
877,1707,58,2,2025-11-16,5,Hired,2025-12-20,34
878,1610,35,1,2025-04-26,1,Rejected,,
879,2210,37,2,2025-02-22,1,Withdrawn,,
880,326,25,4,2025-11-17,2,Rejected,,
881,3026,52,2,2025-03-20,2,Rejected,,
882,2484,27,2,2025-11-16,3,Rejected,,
883,167,62,3,2025-01-04,1,Rejected,,
884,2507,53,5,2025-04-21,3,Rejected,,
885,583,10,1,2025-04-05,1,Rejected,,
886,74,2,4,2025-08-06,1,Rejected,,
887,1222,38,1,2025-05-10,1,Rejected,,
888,985,21,3,2026-01-30,5,Hired,2026-02-25,26
889,2150,39,4,2025-06-20,2,Rejected,,
890,662,33,3,2025-11-14,1,Rejected,,
891,137,57,6,2025-11-22,1,Rejected,,
892,2041,14,1,2026-04-20,2,Withdrawn,,
893,94,12,3,2025-04-26,1,Rejected,,
894,321,24,5,2025-02-28,1,Rejected,,
895,310,33,1,2026-02-19,2,Rejected,,
896,724,23,3,2026-02-28,1,Rejected,,
897,1382,53,2,2025-05-24,1,Rejected,,
898,1690,49,5,2025-03-23,1,Rejected,,
899,2448,4,4,2025-07-01,3,Rejected,,
900,792,5,1,2025-03-27,5,Hired,2025-05-14,48
901,1153,39,6,2025-09-01,1,Rejected,,
902,2593,12,3,2026-04-10,3,Withdrawn,,
903,2895,4,3,2026-02-28,1,Rejected,,
904,1251,28,1,2025-10-27,1,Withdrawn,,
905,383,4,5,2025-10-25,2,Rejected,,
906,2961,47,1,2025-04-17,2,Rejected,,
907,1588,29,2,2025-02-23,3,Rejected,,
908,489,43,4,2025-08-16,1,Rejected,,
909,700,1,3,2025-07-13,1,Rejected,,
910,931,63,3,2025-04-16,1,Rejected,,
911,1605,32,1,2025-10-09,2,Rejected,,
912,1173,13,2,2025-10-03,2,Rejected,,
913,1024,20,1,2025-06-05,1,Rejected,,
914,1087,20,4,2025-04-01,5,Hired,2025-05-06,35
915,3034,47,5,2025-11-21,2,Rejected,,
916,222,64,1,2025-08-30,3,Rejected,,
917,191,19,2,2025-07-28,1,Rejected,,
918,2564,56,4,2025-07-08,1,Rejected,,
919,1352,68,3,2026-03-18,1,Rejected,,
920,21,55,1,2025-04-16,1,Rejected,,
921,1005,53,4,2025-10-06,3,Rejected,,
922,1219,26,2,2025-05-23,1,Rejected,,
923,2460,46,3,2025-06-06,1,Rejected,,
924,454,24,1,2026-01-16,2,Rejected,,
925,2211,15,3,2025-01-05,1,Rejected,,
926,1823,30,3,2025-10-12,3,Rejected,,
927,646,3,2,2025-03-10,1,Rejected,,
928,857,44,2,2025-03-29,1,Rejected,,
929,1888,3,6,2025-06-17,1,Rejected,,
930,1424,11,1,2025-11-03,2,Rejected,,
931,452,64,3,2026-05-28,3,Rejected,,
932,3123,63,2,2025-01-19,5,Hired,2025-02-09,21
933,964,35,3,2025-05-04,2,Rejected,,
934,2405,46,4,2026-04-21,1,Rejected,,
935,1344,47,3,2025-07-17,1,Rejected,,
936,1105,14,1,2025-04-09,2,Rejected,,
937,827,13,3,2026-03-29,5,Hired,2026-05-14,46
938,1305,15,1,2026-03-26,1,Rejected,,
939,2992,36,1,2025-07-22,1,Rejected,,
940,466,63,2,2026-05-03,2,Rejected,,
941,2744,14,3,2026-03-12,2,Rejected,,
942,563,19,5,2025-03-09,1,Rejected,,
943,2554,61,1,2026-04-09,3,Rejected,,
944,1788,48,2,2025-03-08,3,Rejected,,
945,2226,18,1,2025-05-18,5,Hired,2025-06-17,30
946,1627,43,3,2025-09-18,1,Rejected,,
947,2495,50,4,2025-01-17,1,Rejected,,
948,2815,27,1,2025-04-10,1,Rejected,,
949,1788,8,3,2025-05-17,1,Rejected,,
950,231,14,3,2025-04-22,1,Rejected,,
951,938,68,4,2025-02-10,5,Hired,2025-03-28,46
952,1100,23,3,2025-04-10,3,Rejected,,
953,513,60,4,2025-09-23,5,Hired,2025-10-20,27
954,2393,62,1,2025-09-16,1,Rejected,,
955,2976,20,1,2025-09-21,3,Rejected,,
956,3170,43,6,2025-03-17,2,Withdrawn,,
957,590,10,4,2025-10-20,1,Rejected,,
958,514,3,3,2025-12-06,2,Rejected,,
959,2885,9,1,2026-01-16,1,Rejected,,
960,655,16,4,2025-04-03,1,Rejected,,
961,2200,7,2,2025-08-27,1,Rejected,,
962,3166,23,1,2026-04-06,2,Rejected,,
963,2738,13,3,2025-11-01,2,Rejected,,
964,1568,12,4,2026-02-10,1,Rejected,,
965,2449,54,4,2025-05-18,5,Hired,2025-06-23,36
966,1909,62,3,2026-03-09,2,Rejected,,
967,2309,9,1,2026-05-05,2,Withdrawn,,
968,1274,34,3,2025-10-23,1,Rejected,,
969,883,61,2,2025-07-01,1,Rejected,,
970,705,45,2,2025-11-10,1,Rejected,,
971,855,29,3,2025-04-22,1,Rejected,,
972,2623,4,1,2025-10-03,1,Rejected,,
973,1301,19,6,2026-01-21,2,Rejected,,
974,1565,50,4,2026-03-31,5,Hired,2026-05-04,34
975,2770,59,1,2025-02-05,1,Rejected,,
976,2578,2,1,2025-03-06,1,Rejected,,
977,431,16,4,2026-04-16,2,Rejected,,
978,503,17,2,2025-04-09,1,Rejected,,
979,1135,54,4,2025-12-13,2,Rejected,,
980,1362,33,3,2025-09-15,2,Rejected,,
981,1938,33,6,2025-06-18,3,Rejected,,
982,2398,7,5,2025-08-17,1,Rejected,,
983,216,11,2,2025-03-09,5,Hired,2025-04-24,46
984,2681,2,4,2026-04-26,1,Withdrawn,,
985,3122,64,2,2025-06-04,1,Rejected,,
986,120,43,3,2025-11-12,1,Withdrawn,,
987,2659,5,1,2025-01-17,5,Hired,2025-02-28,42
988,829,20,6,2025-11-02,1,Rejected,,
989,2501,1,4,2025-03-14,1,Rejected,,
990,3022,1,3,2025-05-06,2,Rejected,,
991,2969,47,6,2025-08-14,1,Rejected,,
992,1556,34,4,2025-08-19,2,Rejected,,
993,2210,20,3,2025-06-28,5,Hired,2025-07-26,28
994,2899,6,1,2025-08-01,1,Rejected,,
995,2746,46,2,2025-06-23,5,Hired,2025-08-06,44
996,381,52,3,2026-05-04,2,Rejected,,
997,2635,17,6,2026-04-27,2,Rejected,,
998,1486,10,3,2026-02-17,2,Rejected,,
999,388,2,1,2025-06-04,1,Rejected,,
1000,588,13,4,2026-03-13,2,Rejected,,
1001,795,29,4,2025-07-04,2,Rejected,,
1002,1328,56,2,2025-09-05,5,Hired,2025-09-27,22
1003,1678,36,1,2025-06-06,1,Rejected,,
1004,524,61,4,2025-03-15,3,Rejected,,
1005,512,64,2,2026-04-25,3,Rejected,,
1006,245,10,4,2026-02-15,1,Rejected,,
1007,2585,18,2,2025-09-16,1,Rejected,,
1008,1310,5,4,2025-03-17,1,Rejected,,
1009,3023,16,2,2025-07-22,1,Rejected,,
1010,2326,52,2,2026-01-20,2,Rejected,,
1011,1858,66,3,2025-11-11,1,Rejected,,
1012,2646,38,1,2025-10-28,2,Rejected,,
1013,2319,47,2,2025-10-12,1,Rejected,,
1014,662,51,1,2025-07-14,5,Hired,2025-09-02,50
1015,522,17,5,2026-05-13,2,Rejected,,
1016,2,3,2,2025-05-08,1,Withdrawn,,
1017,2230,29,1,2025-12-14,5,Hired,2026-01-15,32
1018,449,38,2,2025-08-09,1,Rejected,,
1019,2858,39,1,2025-04-25,1,Rejected,,
1020,1069,66,2,2025-10-19,3,Rejected,,
1021,2893,35,6,2026-05-07,1,Rejected,,
1022,856,30,3,2025-04-11,5,Hired,2025-05-17,36
1023,2861,38,6,2025-02-16,1,Rejected,,
1024,1925,69,1,2025-03-20,2,Withdrawn,,
1025,26,49,1,2025-06-02,3,Rejected,,
1026,2491,2,6,2025-04-24,1,Rejected,,
1027,2560,10,1,2025-09-21,3,Rejected,,
1028,362,24,5,2025-01-12,5,Hired,2025-02-09,28
1029,955,53,4,2026-02-09,1,Rejected,,
1030,2846,50,4,2026-02-09,1,Rejected,,
1031,1407,12,1,2025-08-05,5,Hired,2025-09-23,49
1032,1292,14,2,2025-01-06,1,Withdrawn,,
1033,2436,31,1,2025-12-16,1,Rejected,,
1034,2377,15,4,2025-08-10,5,Hired,2025-09-25,46
1035,3108,7,4,2025-09-13,1,Rejected,,
1036,2475,56,1,2025-02-21,1,Rejected,,
1037,2898,16,3,2025-04-20,5,Hired,2025-05-09,19
1038,1942,5,1,2025-07-21,1,Rejected,,
1039,2048,44,1,2025-05-02,2,Rejected,,
1040,2559,28,2,2026-02-12,1,Rejected,,
1041,1098,26,6,2025-03-16,2,Rejected,,
1042,1115,24,4,2025-11-01,5,Hired,2025-11-26,25
1043,106,12,2,2026-03-07,3,Rejected,,
1044,1324,3,3,2025-03-21,1,Rejected,,
1045,227,37,1,2026-02-15,1,Rejected,,
1046,1600,3,3,2025-12-24,1,Withdrawn,,
1047,1702,4,4,2025-03-17,2,Withdrawn,,
1048,923,11,2,2025-11-02,1,Rejected,,
1049,3039,44,2,2025-10-10,3,Rejected,,
1050,80,14,3,2026-05-27,2,Rejected,,
1051,957,41,2,2025-05-16,3,Rejected,,
1052,743,42,1,2025-04-01,2,Rejected,,
1053,1180,55,2,2025-07-04,3,Rejected,,
1054,1852,19,3,2025-11-11,1,Rejected,,
1055,838,15,1,2025-11-07,2,Rejected,,
1056,239,56,1,2026-05-24,3,Rejected,,
1057,2731,60,1,2026-05-20,5,Hired,2026-06-21,32
1058,893,18,1,2025-06-13,2,Rejected,,
1059,1695,7,6,2025-11-08,1,Withdrawn,,
1060,1593,13,4,2025-07-14,1,Rejected,,
1061,459,16,2,2026-05-26,3,Rejected,,
1062,156,58,2,2026-05-24,1,Rejected,,
1063,883,19,3,2025-04-26,2,Rejected,,
1064,2106,60,3,2026-02-14,1,Rejected,,
1065,2631,1,4,2025-08-29,2,Rejected,,
1066,3096,37,1,2025-08-07,3,Rejected,,
1067,957,21,5,2025-04-26,1,Rejected,,
1068,2607,56,1,2025-02-12,1,Withdrawn,,
1069,1956,45,3,2026-05-11,1,Withdrawn,,
1070,1837,41,4,2025-06-07,1,Rejected,,
1071,2735,4,6,2026-03-19,1,Rejected,,
1072,966,2,1,2026-03-18,3,Rejected,,
1073,2543,3,3,2026-01-27,3,Rejected,,
1074,1912,18,2,2025-04-06,1,Rejected,,
1075,388,37,3,2025-01-30,1,Rejected,,
1076,2442,56,2,2025-10-26,1,Rejected,,
1077,2804,47,5,2025-10-25,2,Rejected,,
1078,1059,30,3,2026-03-04,5,Hired,2026-04-01,28
1079,1039,26,2,2025-07-22,3,Rejected,,
1080,1061,2,1,2025-12-10,3,Withdrawn,,
1081,55,27,1,2026-02-03,3,Rejected,,
1082,3136,37,2,2025-04-08,2,Rejected,,
1083,284,35,3,2025-01-15,1,Rejected,,
1084,2791,54,6,2025-08-26,1,Withdrawn,,
1085,1971,59,2,2025-07-22,1,Rejected,,
1086,1201,55,3,2025-07-11,1,Rejected,,
1087,1915,30,3,2026-04-12,1,Rejected,,
1088,2478,58,2,2025-03-28,2,Rejected,,
1089,527,8,1,2026-03-23,1,Rejected,,
1090,1346,1,2,2025-04-19,3,Rejected,,
1091,2234,21,2,2025-07-01,1,Rejected,,
1092,1674,41,5,2026-01-24,2,Rejected,,
1093,1280,36,6,2025-09-22,2,Rejected,,
1094,756,39,1,2025-06-03,2,Rejected,,
1095,797,36,3,2025-05-11,3,Rejected,,
1096,2220,5,3,2025-11-03,5,Hired,2025-12-16,43
1097,2217,51,3,2026-02-16,1,Rejected,,
1098,32,56,1,2026-02-21,1,Rejected,,
1099,2708,16,1,2026-02-12,2,Rejected,,
1100,741,15,1,2026-05-26,1,Rejected,,
1101,2330,55,4,2025-07-11,5,Hired,2025-08-03,23
1102,381,46,4,2026-05-08,1,Rejected,,
1103,1930,26,3,2025-05-19,3,Rejected,,
1104,2759,26,2,2025-04-08,5,Hired,2025-05-13,35
1105,648,13,5,2025-07-05,1,Rejected,,
1106,1680,55,1,2025-10-29,2,Rejected,,
1107,625,50,2,2025-12-23,1,Rejected,,
1108,1118,64,5,2025-12-26,2,Rejected,,
1109,925,33,1,2026-01-25,5,Hired,2026-02-24,30
1110,1629,38,1,2025-02-17,3,Rejected,,
1111,1175,6,5,2025-02-22,1,Rejected,,
1112,1800,5,2,2025-01-01,1,Rejected,,
1113,2488,24,6,2025-12-11,5,Hired,2026-01-09,29
1114,1864,25,2,2025-10-19,2,Rejected,,
1115,2858,51,4,2025-08-20,1,Rejected,,
1116,2528,6,4,2026-02-21,2,Rejected,,
1117,1668,56,5,2026-03-07,1,Rejected,,
1118,1247,4,4,2026-04-28,1,Rejected,,
1119,1964,53,3,2026-03-10,1,Rejected,,
1120,726,43,4,2026-03-01,3,Rejected,,
1121,2512,17,6,2026-05-17,1,Rejected,,
1122,2584,17,4,2025-05-18,3,Rejected,,
1123,73,50,1,2025-10-15,5,Hired,2025-11-19,35
1124,1848,27,4,2025-06-10,3,Rejected,,
1125,536,68,3,2026-04-07,2,Rejected,,
1126,1986,24,2,2025-05-31,2,Rejected,,
1127,1058,49,2,2025-10-15,2,Rejected,,
1128,1120,49,2,2025-12-23,2,Rejected,,
1129,543,57,2,2026-03-13,3,Rejected,,
1130,885,55,6,2026-01-14,5,Hired,2026-02-19,36
1131,3174,23,1,2025-09-25,5,Hired,2025-10-23,28
1132,1399,21,3,2025-07-08,1,Rejected,,
1133,188,51,4,2025-12-23,1,Rejected,,
1134,1264,25,1,2025-10-01,2,Rejected,,
1135,1088,11,2,2026-03-17,5,Hired,2026-04-24,38
1136,3176,38,6,2025-12-05,3,Rejected,,
1137,296,33,1,2025-09-04,1,Rejected,,
1138,1642,24,4,2025-04-25,2,Rejected,,
1139,359,33,1,2025-07-28,2,Rejected,,
1140,452,16,2,2025-05-26,3,Rejected,,
1141,2886,37,1,2025-06-25,1,Rejected,,
1142,2076,41,4,2025-09-06,1,Rejected,,
1143,2537,13,3,2025-01-14,1,Rejected,,
1144,437,35,4,2025-07-08,1,Rejected,,
1145,874,57,2,2025-06-02,3,Rejected,,
1146,474,49,6,2025-09-15,1,Rejected,,
1147,327,51,2,2026-04-13,1,Rejected,,
1148,522,47,4,2025-05-17,1,Rejected,,
1149,1568,5,3,2026-01-10,1,Withdrawn,,
1150,1308,32,4,2025-10-22,2,Rejected,,
1151,2935,17,4,2026-03-08,2,Rejected,,
1152,1677,58,4,2025-04-09,2,Rejected,,
1153,1471,57,5,2026-01-11,1,Rejected,,
1154,3091,44,1,2026-05-09,1,Rejected,,
1155,1993,4,1,2025-06-17,2,Rejected,,
1156,1714,10,2,2025-06-13,1,Rejected,,
1157,3114,21,1,2026-01-22,1,Rejected,,
1158,1247,63,1,2026-02-15,4,Withdrawn,,
1159,1896,10,1,2026-02-27,3,Rejected,,
1160,1439,1,4,2025-01-30,1,Withdrawn,,
1161,2587,54,6,2025-01-02,3,Rejected,,
1162,247,11,4,2026-04-21,1,Rejected,,
1163,2175,39,3,2026-04-17,1,Rejected,,
1164,1292,62,4,2026-03-15,2,Rejected,,
1165,577,26,4,2025-04-17,1,Rejected,,
1166,1467,31,1,2025-06-25,2,Rejected,,
1167,205,55,2,2026-04-01,5,Hired,2026-05-06,35
1168,891,39,6,2025-10-05,2,Rejected,,
1169,112,22,1,2025-05-05,2,Withdrawn,,
1170,2304,37,3,2025-11-19,1,Rejected,,
1171,3104,56,2,2025-08-26,1,Rejected,,
1172,3092,12,1,2025-08-20,1,Withdrawn,,
1173,1394,4,1,2025-03-05,1,Rejected,,
1174,1369,24,3,2026-01-08,5,Hired,2026-01-29,21
1175,857,68,5,2025-01-03,1,Rejected,,
1176,2986,2,4,2025-09-28,1,Rejected,,
1177,2989,26,1,2025-03-19,1,Rejected,,
1178,2485,8,5,2025-04-06,1,Rejected,,
1179,2671,42,2,2026-04-23,3,Rejected,,
1180,1572,52,3,2026-02-22,1,Rejected,,
1181,2462,7,3,2025-10-03,5,Hired,2025-11-20,48
1182,2361,58,1,2025-10-31,3,Rejected,,
1183,718,53,4,2026-04-25,1,Rejected,,
1184,1212,40,4,2025-01-27,3,Rejected,,
1185,2073,52,4,2025-08-02,2,Rejected,,
1186,2567,66,1,2025-08-17,5,Hired,2025-09-25,39
1187,2809,53,1,2026-05-26,2,Rejected,,
1188,685,45,3,2025-03-03,2,Rejected,,
1189,2193,48,3,2025-01-02,1,Rejected,,
1190,1287,11,3,2026-01-22,5,Hired,2026-03-12,49
1191,2103,42,1,2025-01-24,1,Rejected,,
1192,2771,12,2,2026-04-28,5,Hired,2026-06-03,36
1193,2685,29,1,2025-12-20,1,Rejected,,
1194,745,56,1,2025-09-16,1,Rejected,,
1195,997,59,1,2026-05-23,1,Rejected,,
1196,1384,58,1,2025-11-27,1,Rejected,,
1197,2913,25,1,2025-09-25,1,Rejected,,
1198,2104,42,3,2026-02-03,2,Rejected,,
1199,2187,69,3,2025-11-23,1,Rejected,,
1200,136,37,1,2025-06-19,5,Hired,2025-07-25,36
1201,916,66,5,2025-04-23,5,Hired,2025-05-30,37
1202,1151,36,6,2025-10-28,1,Rejected,,
1203,2276,69,3,2026-03-31,2,Withdrawn,,
1204,2569,8,1,2025-06-01,3,Rejected,,
1205,2687,7,1,2025-12-10,1,Rejected,,
1206,1335,63,4,2026-01-12,1,Rejected,,
1207,862,2,6,2025-02-11,5,Hired,2025-03-23,40
1208,3171,10,1,2025-05-23,1,Rejected,,
1209,2102,28,4,2025-08-29,1,Rejected,,
1210,2159,36,2,2026-04-24,1,Rejected,,
1211,437,54,3,2025-11-21,3,Rejected,,
1212,3095,31,5,2026-04-04,1,Rejected,,
1213,2356,28,6,2026-02-11,5,Hired,2026-03-05,22
1214,1609,46,2,2025-03-16,1,Rejected,,
1215,2396,63,6,2025-03-02,1,Rejected,,
1216,2041,44,2,2025-04-20,2,Rejected,,
1217,1902,41,4,2025-10-15,2,Rejected,,
1218,697,39,4,2025-03-16,1,Rejected,,
1219,2859,55,3,2025-06-27,3,Rejected,,
1220,846,61,2,2025-06-30,2,Rejected,,
1221,2065,29,1,2025-09-07,2,Rejected,,
1222,1270,26,1,2025-10-06,2,Rejected,,
1223,2754,43,1,2025-11-25,1,Rejected,,
1224,2306,65,2,2025-07-13,2,Rejected,,
1225,2933,56,1,2026-01-31,2,Rejected,,
1226,2666,10,2,2025-03-15,1,Rejected,,
1227,1941,38,1,2025-04-13,5,Hired,2025-05-24,41
1228,2935,36,1,2025-04-01,2,Rejected,,
1229,1068,12,5,2026-03-25,1,Rejected,,
1230,2869,4,4,2025-10-02,2,Rejected,,
1231,2500,8,1,2026-01-18,1,Rejected,,
1232,1616,50,2,2025-10-19,1,Rejected,,
1233,1983,50,3,2026-04-30,1,Rejected,,
1234,3064,28,5,2025-11-10,3,Rejected,,
1235,1828,24,5,2025-01-17,3,Rejected,,
1236,2572,14,1,2026-05-11,5,Hired,2026-06-19,39
1237,803,54,1,2026-01-31,2,Rejected,,
1238,2351,34,3,2026-02-25,3,Rejected,,
1239,2445,25,4,2025-10-20,1,Rejected,,
1240,1481,41,3,2025-03-02,1,Rejected,,
1241,2166,1,1,2025-04-08,1,Rejected,,
1242,2546,25,1,2025-10-25,2,Rejected,,
1243,1316,5,1,2025-08-21,1,Rejected,,
1244,1138,26,1,2025-09-07,2,Rejected,,
1245,2715,50,1,2025-07-13,1,Rejected,,
1246,295,37,5,2025-05-01,1,Rejected,,
1247,1050,36,3,2025-03-13,5,Hired,2025-04-04,22
1248,2988,3,2,2025-05-08,2,Rejected,,
1249,1947,22,5,2025-11-12,1,Rejected,,
1250,1520,10,1,2025-06-10,5,Hired,2025-07-30,50
1251,2261,25,1,2025-10-13,1,Rejected,,
1252,1338,35,4,2025-05-22,1,Withdrawn,,
1253,1024,51,1,2026-01-30,3,Rejected,,
1254,2725,56,2,2026-05-04,3,Rejected,,
1255,2816,7,1,2025-01-21,1,Rejected,,
1256,291,18,2,2026-04-09,1,Rejected,,
1257,2853,6,2,2025-11-28,3,Withdrawn,,
1258,2484,11,1,2025-08-01,1,Rejected,,
1259,81,50,2,2025-05-04,2,Rejected,,
1260,1416,29,2,2025-06-04,2,Rejected,,
1261,2758,2,3,2025-01-31,1,Rejected,,
1262,2933,35,3,2026-02-11,1,Rejected,,
1263,1111,3,3,2026-02-24,1,Rejected,,
1264,1463,43,2,2026-05-03,4,Rejected,,
1265,177,14,6,2025-06-22,1,Rejected,,
1266,1291,20,4,2026-05-12,1,Rejected,,
1267,2693,23,1,2025-08-07,2,Rejected,,
1268,82,36,4,2025-06-18,1,Rejected,,
1269,333,60,5,2025-06-27,2,Rejected,,
1270,673,14,2,2026-02-02,1,Rejected,,
1271,972,14,5,2025-04-30,3,Rejected,,
1272,2067,20,6,2025-08-11,5,Hired,2025-09-10,30
1273,1217,59,5,2025-08-16,2,Rejected,,
1274,2144,45,4,2025-08-11,2,Rejected,,
1275,2833,37,2,2026-01-02,2,Withdrawn,,
1276,178,58,2,2026-04-18,2,Rejected,,
1277,1864,25,5,2025-08-12,2,Rejected,,
1278,2709,53,3,2025-09-27,1,Rejected,,
1279,3181,57,4,2026-03-30,3,Rejected,,
1280,2067,26,4,2026-03-12,4,Rejected,,
1281,2002,38,3,2025-12-16,1,Withdrawn,,
1282,3124,22,3,2025-06-17,1,Rejected,,
1283,470,59,4,2025-03-03,3,Rejected,,
1284,3061,35,6,2026-01-03,1,Rejected,,
1285,2025,4,2,2025-09-12,3,Rejected,,
1286,2664,29,4,2025-04-17,2,Withdrawn,,
1287,2315,33,1,2026-04-22,5,Hired,2026-05-20,28
1288,1813,30,4,2026-01-12,3,Rejected,,
1289,741,25,3,2025-10-19,3,Rejected,,
1290,149,66,2,2025-09-01,2,Rejected,,
1291,3030,20,1,2025-05-21,1,Rejected,,
1292,193,42,4,2025-06-14,2,Rejected,,
1293,565,3,4,2025-07-09,1,Rejected,,
1294,2082,1,1,2025-06-20,2,Rejected,,
1295,178,59,5,2026-05-02,5,Hired,2026-05-30,28
1296,1811,41,6,2025-08-28,2,Rejected,,
1297,2544,4,2,2025-06-18,2,Rejected,,
1298,1580,12,1,2025-11-01,3,Rejected,,
1299,2067,45,5,2025-09-20,1,Rejected,,
1300,113,5,3,2025-12-15,3,Withdrawn,,
1301,590,30,3,2025-12-16,1,Rejected,,
1302,2397,22,2,2026-01-20,2,Rejected,,
1303,2897,21,3,2025-01-21,1,Rejected,,
1304,2345,37,1,2025-11-29,1,Withdrawn,,
1305,190,66,5,2026-05-12,1,Rejected,,
1306,385,40,4,2026-02-21,1,Rejected,,
1307,1578,3,1,2026-01-03,5,Hired,2026-02-14,42
1308,546,20,1,2025-08-15,5,Hired,2025-09-07,23
1309,2791,43,3,2026-04-01,2,Rejected,,
1310,2384,59,1,2026-05-04,1,Rejected,,
1311,2997,8,1,2026-05-02,2,Withdrawn,,
1312,1639,43,5,2025-12-18,4,Rejected,,
1313,790,58,1,2025-11-23,2,Rejected,,
1314,1914,18,5,2025-09-27,1,Rejected,,
1315,924,28,4,2025-02-01,3,Rejected,,
1316,2963,15,2,2026-05-30,2,Rejected,,
1317,2185,56,1,2025-05-27,3,Rejected,,
1318,234,35,1,2026-05-21,1,Rejected,,
1319,3070,29,2,2025-02-15,5,Hired,2025-03-25,38
1320,3193,12,2,2025-01-03,2,Rejected,,
1321,211,27,3,2026-04-02,1,Rejected,,
1322,1815,58,1,2025-09-30,1,Withdrawn,,
1323,2751,63,2,2026-01-17,2,Rejected,,
1324,349,52,1,2025-05-23,1,Rejected,,
1325,1857,11,1,2025-06-29,1,Rejected,,
1326,126,26,1,2026-03-17,1,Rejected,,
1327,2634,61,1,2026-02-22,5,Hired,2026-04-01,38
1328,2281,57,1,2025-03-29,3,Rejected,,
1329,778,47,1,2026-03-05,1,Rejected,,
1330,1446,7,3,2025-04-14,1,Withdrawn,,
1331,1260,32,5,2025-08-02,2,Rejected,,
1332,2974,51,4,2025-11-08,1,Rejected,,
1333,3054,26,6,2025-11-14,2,Rejected,,
1334,1478,58,2,2025-09-24,2,Rejected,,
1335,811,45,5,2025-03-01,2,Rejected,,
1336,1597,22,2,2025-12-14,1,Rejected,,
1337,2621,3,1,2025-11-05,5,Hired,2025-12-26,51
1338,1262,57,3,2025-10-02,2,Rejected,,
1339,109,2,1,2025-10-30,3,Rejected,,
1340,2869,18,4,2026-01-19,1,Rejected,,
1341,242,16,3,2026-01-06,5,Hired,2026-02-03,28
1342,565,68,4,2025-08-06,1,Rejected,,
1343,2442,24,1,2025-11-07,1,Rejected,,
1344,860,8,3,2025-03-07,2,Withdrawn,,
1345,1363,40,1,2025-06-21,1,Rejected,,
1346,1439,57,3,2025-05-28,1,Rejected,,
1347,3028,14,4,2025-09-12,1,Withdrawn,,
1348,1821,34,6,2025-07-09,1,Rejected,,
1349,2569,32,1,2025-07-29,2,Rejected,,
1350,1209,49,3,2026-03-12,1,Rejected,,
1351,646,57,1,2025-01-29,1,Withdrawn,,
1352,1960,52,5,2025-09-22,1,Rejected,,
1353,1137,30,2,2025-01-02,2,Rejected,,
1354,1835,27,2,2026-05-27,2,Withdrawn,,
1355,587,7,4,2025-02-25,1,Rejected,,
1356,918,9,1,2025-12-11,1,Withdrawn,,
1357,2183,32,3,2025-11-28,5,Hired,2025-12-30,32
1358,2187,13,1,2025-10-30,1,Rejected,,
1359,833,30,1,2025-10-19,3,Rejected,,
1360,3060,50,1,2025-03-26,2,Rejected,,
1361,2372,21,1,2025-11-26,2,Rejected,,
1362,2037,21,3,2025-06-26,1,Rejected,,
1363,223,62,4,2025-05-07,5,Hired,2025-06-03,27
1364,461,53,3,2025-05-13,1,Rejected,,
1365,1986,41,4,2026-03-18,3,Rejected,,
1366,2475,47,6,2025-03-06,1,Rejected,,
1367,890,9,4,2025-12-24,1,Rejected,,
1368,2629,17,1,2026-03-18,5,Hired,2026-04-10,23
1369,219,49,3,2025-07-31,2,Rejected,,
1370,2802,62,2,2025-05-12,1,Withdrawn,,
1371,1403,11,4,2025-12-21,1,Rejected,,
1372,351,14,3,2025-03-02,1,Rejected,,
1373,2649,18,3,2026-05-20,1,Rejected,,
1374,1897,16,1,2026-05-20,3,Rejected,,
1375,2648,2,3,2025-11-13,1,Withdrawn,,
1376,1067,58,4,2026-05-04,3,Rejected,,
1377,1726,18,1,2025-09-25,1,Rejected,,
1378,1644,22,6,2025-03-04,2,Rejected,,
1379,2056,38,1,2025-04-03,1,Rejected,,
1380,1138,28,1,2025-04-11,1,Rejected,,
1381,1786,32,1,2025-05-23,2,Rejected,,
1382,1479,63,2,2025-09-21,4,Rejected,,
1383,2561,11,3,2025-03-03,1,Rejected,,
1384,3167,4,3,2025-04-05,2,Rejected,,
1385,1570,3,1,2025-06-24,2,Rejected,,
1386,2844,46,6,2025-03-08,1,Rejected,,
1387,312,3,4,2025-01-03,1,Rejected,,
1388,1373,36,6,2026-04-09,1,Rejected,,
1389,1087,12,1,2025-04-13,1,Rejected,,
1390,3114,23,1,2025-08-20,5,Hired,2025-09-18,29
1391,2014,27,3,2025-07-09,1,Rejected,,
1392,2300,55,1,2025-11-02,2,Rejected,,
1393,2350,13,1,2025-03-17,1,Rejected,,
1394,23,32,3,2025-08-10,2,Rejected,,
1395,1573,5,6,2026-05-02,3,Rejected,,
1396,2431,60,1,2025-03-04,1,Rejected,,
1397,2774,58,2,2026-05-17,1,Withdrawn,,
1398,160,29,2,2025-02-26,2,Withdrawn,,
1399,3091,50,3,2025-07-02,1,Rejected,,
1400,3139,60,1,2025-08-09,2,Rejected,,
1401,2358,67,1,2026-05-08,3,Rejected,,
1402,2652,44,1,2025-09-13,2,Rejected,,
1403,2690,22,6,2025-12-19,2,Rejected,,
1404,1370,19,6,2025-12-17,2,Rejected,,
1405,2612,5,1,2026-03-27,1,Withdrawn,,
1406,901,44,1,2025-11-15,1,Rejected,,
1407,2193,60,2,2025-08-13,1,Rejected,,
1408,785,3,6,2025-06-12,2,Rejected,,
1409,3097,9,2,2025-11-29,2,Rejected,,
1410,1562,4,1,2025-05-08,1,Rejected,,
1411,1819,11,1,2025-04-17,1,Rejected,,
1412,1319,37,1,2025-03-06,1,Rejected,,
1413,3121,39,2,2025-05-27,1,Rejected,,
1414,1612,13,3,2025-06-03,1,Rejected,,
1415,1717,29,3,2025-07-08,1,Withdrawn,,
1416,3174,65,1,2025-04-18,1,Withdrawn,,
1417,493,23,4,2025-05-04,4,Rejected,,
1418,1850,33,6,2026-04-30,1,Rejected,,
1419,2414,46,2,2025-04-28,3,Rejected,,
1420,2286,32,2,2025-08-09,1,Rejected,,
1421,2278,28,1,2025-01-02,1,Rejected,,
1422,580,67,4,2025-06-10,1,Rejected,,
1423,786,69,4,2026-05-31,1,Rejected,,
1424,2660,55,1,2026-01-27,2,Rejected,,
1425,1661,22,1,2025-02-09,5,Hired,2025-03-17,36
1426,1934,20,5,2026-02-03,1,Rejected,,
1427,2273,66,2,2026-04-27,1,Rejected,,
1428,2243,51,2,2025-09-19,2,Rejected,,
1429,723,64,1,2026-03-05,5,Hired,2026-03-30,25
1430,1554,51,1,2026-03-06,5,Hired,2026-04-11,36
1431,1069,50,3,2025-06-11,2,Rejected,,
1432,2904,63,1,2025-01-17,1,Rejected,,
1433,259,20,2,2025-06-18,1,Rejected,,
1434,1516,24,2,2025-11-12,3,Rejected,,
1435,1698,53,4,2025-07-27,4,Rejected,,
1436,3047,22,1,2026-03-11,1,Rejected,,
1437,2305,53,2,2025-07-21,3,Rejected,,
1438,2274,24,5,2026-01-09,2,Rejected,,
1439,638,24,6,2026-03-18,5,Hired,2026-04-13,26
1440,1936,4,2,2025-09-08,1,Rejected,,
1441,2839,2,5,2026-01-31,3,Withdrawn,,
1442,2365,3,3,2026-02-20,2,Withdrawn,,
1443,683,23,1,2026-04-18,1,Rejected,,
1444,913,43,6,2025-10-21,1,Rejected,,
1445,1161,14,1,2025-03-13,1,Rejected,,
1446,562,65,1,2025-11-08,1,Rejected,,
1447,1036,25,3,2025-10-18,5,Hired,2025-11-21,34
1448,1818,49,3,2025-10-05,2,Withdrawn,,
1449,1609,51,1,2025-08-26,1,Rejected,,
1450,1928,43,2,2025-11-26,1,Rejected,,
1451,1647,30,4,2025-10-09,2,Rejected,,
1452,2913,6,1,2026-05-25,3,Rejected,,
1453,3130,25,1,2026-05-07,1,Rejected,,
1454,47,53,1,2026-01-25,5,Hired,2026-02-23,29
1455,112,31,1,2025-04-02,2,Rejected,,
1456,2080,52,1,2026-04-04,1,Withdrawn,,
1457,895,69,3,2026-04-17,1,Rejected,,
1458,153,62,6,2025-02-09,1,Rejected,,
1459,477,3,6,2025-11-21,2,Rejected,,
1460,1507,23,4,2026-01-11,5,Hired,2026-02-06,26
1461,1782,18,3,2025-08-10,3,Rejected,,
1462,2251,7,2,2025-02-08,1,Rejected,,
1463,2954,28,2,2026-05-11,1,Rejected,,
1464,2878,48,6,2025-08-05,1,Rejected,,
1465,277,34,2,2025-06-23,1,Rejected,,
1466,1952,15,1,2025-01-26,1,Rejected,,
1467,232,8,1,2025-05-14,1,Rejected,,
1468,2387,51,2,2026-03-18,1,Rejected,,
1469,2019,2,3,2025-12-15,3,Rejected,,
1470,3197,57,2,2025-02-15,3,Rejected,,
1471,984,49,2,2025-09-27,1,Rejected,,
1472,2834,19,2,2026-04-19,3,Rejected,,
1473,2654,19,3,2026-04-05,1,Rejected,,
1474,529,56,2,2025-06-30,2,Rejected,,
1475,275,52,2,2025-10-23,3,Rejected,,
1476,2886,56,3,2026-05-22,5,Hired,2026-06-21,30
1477,889,60,4,2025-03-08,5,Hired,2025-04-06,29
1478,2943,8,4,2025-12-09,1,Rejected,,
1479,1534,38,4,2025-12-13,2,Rejected,,
1480,1541,39,4,2025-09-28,5,Hired,2025-11-02,35
1481,1346,54,5,2025-03-28,1,Rejected,,
1482,1551,60,2,2026-02-05,1,Rejected,,
1483,1178,54,1,2025-11-28,5,Hired,2025-12-27,29
1484,1524,15,1,2026-03-15,1,Rejected,,
1485,1122,58,2,2025-05-12,1,Rejected,,
1486,1006,10,4,2025-04-13,1,Rejected,,
1487,2993,22,2,2026-02-08,2,Rejected,,
1488,63,56,2,2026-01-18,2,Rejected,,
1489,1194,13,6,2026-05-04,1,Rejected,,
1490,1202,29,2,2026-01-30,1,Rejected,,
1491,654,1,1,2026-01-08,1,Rejected,,
1492,2693,6,1,2026-05-26,1,Rejected,,
1493,2723,53,1,2025-04-21,5,Hired,2025-05-25,34
1494,1958,5,3,2025-05-09,1,Rejected,,
1495,753,56,1,2026-02-25,5,Hired,2026-03-23,26
1496,1836,13,1,2026-04-21,1,Rejected,,
1497,2066,13,2,2026-03-31,3,Rejected,,
1498,2968,55,3,2025-09-10,5,Hired,2025-10-04,24
1499,1569,67,4,2025-02-14,2,Withdrawn,,
1500,1626,45,2,2025-02-04,1,Rejected,,
1501,509,43,3,2026-03-08,2,Rejected,,
1502,481,47,5,2025-08-16,3,Rejected,,
1503,349,52,1,2026-02-22,1,Withdrawn,,
1504,3198,43,4,2026-03-10,1,Rejected,,
1505,1327,20,1,2025-09-22,5,Hired,2025-10-20,28
1506,411,12,1,2026-03-25,2,Rejected,,
1507,2738,4,2,2025-01-11,2,Rejected,,
1508,2018,55,5,2025-06-14,1,Rejected,,
1509,1543,30,4,2025-12-09,2,Rejected,,
1510,2292,4,1,2025-01-08,5,Hired,2025-02-15,38
1511,470,55,2,2026-02-02,3,Rejected,,
1512,2599,48,1,2026-03-08,1,Rejected,,
1513,2603,54,3,2026-03-21,1,Rejected,,
1514,881,2,3,2025-08-14,2,Rejected,,
1515,1486,45,1,2026-01-17,1,Rejected,,
1516,3056,27,5,2026-01-09,2,Rejected,,
1517,1237,59,5,2026-05-15,2,Rejected,,
1518,1311,34,4,2026-03-18,2,Rejected,,
1519,2547,11,3,2025-02-15,1,Rejected,,
1520,2545,3,1,2026-02-10,1,Rejected,,
1521,323,15,3,2026-04-20,1,Rejected,,
1522,1779,28,3,2025-10-07,3,Rejected,,
1523,1697,14,1,2025-03-26,3,Rejected,,
1524,2075,55,2,2026-04-18,2,Rejected,,
1525,333,32,3,2025-09-13,2,Rejected,,
1526,2433,58,4,2026-01-10,1,Rejected,,
1527,241,40,3,2026-05-03,1,Rejected,,
1528,1814,25,1,2025-09-24,2,Rejected,,
1529,3011,10,3,2025-08-27,1,Rejected,,
1530,1023,44,1,2026-01-30,1,Rejected,,
1531,1833,51,2,2025-03-18,1,Rejected,,
1532,461,65,3,2025-02-04,1,Rejected,,
1533,1151,33,1,2025-11-12,1,Withdrawn,,
1534,1658,10,3,2025-09-13,2,Rejected,,
1535,1790,39,2,2026-01-24,1,Rejected,,
1536,540,30,2,2025-08-10,1,Rejected,,
1537,674,24,4,2026-04-04,1,Rejected,,
1538,657,2,3,2025-07-06,1,Rejected,,
1539,1818,52,5,2026-01-18,1,Rejected,,
1540,1954,57,3,2025-06-06,1,Rejected,,
1541,18,60,3,2025-10-26,2,Rejected,,
1542,2205,18,1,2025-07-26,1,Rejected,,
1543,2073,32,2,2025-06-28,1,Rejected,,
1544,960,22,3,2026-04-24,5,Hired,2026-05-17,23
1545,179,31,1,2025-11-19,1,Rejected,,
1546,2445,12,1,2026-02-05,1,Rejected,,
1547,828,13,1,2026-03-27,1,Rejected,,
1548,188,37,3,2025-12-11,1,Rejected,,
1549,1731,69,4,2025-01-30,1,Withdrawn,,
1550,1971,16,1,2026-04-07,1,Rejected,,
1551,1889,25,1,2025-12-21,1,Withdrawn,,
1552,500,59,2,2025-06-01,3,Rejected,,
1553,433,68,2,2025-03-10,2,Rejected,,
1554,3178,13,2,2026-04-07,1,Rejected,,
1555,1194,29,2,2025-02-01,1,Rejected,,
1556,1751,22,1,2025-01-01,3,Rejected,,
1557,3182,51,6,2025-12-28,3,Rejected,,
1558,1840,25,3,2025-11-04,1,Rejected,,
1559,271,57,5,2025-02-08,2,Rejected,,
1560,2918,57,2,2025-01-21,2,Rejected,,
1561,2715,65,3,2026-02-23,3,Rejected,,
1562,1434,44,2,2026-04-03,1,Rejected,,
1563,1260,22,1,2025-04-06,1,Rejected,,
1564,8,56,1,2026-05-21,3,Rejected,,
1565,656,54,1,2025-12-09,1,Rejected,,
1566,1904,1,2,2025-10-20,1,Rejected,,
1567,2131,22,4,2026-02-18,2,Rejected,,
1568,1811,8,3,2025-02-16,2,Rejected,,
1569,2553,15,2,2025-01-15,4,Rejected,,
1570,2450,12,3,2026-04-27,2,Withdrawn,,
1571,2557,6,1,2026-01-05,1,Rejected,,
1572,3159,34,4,2026-01-20,2,Rejected,,
1573,200,47,6,2025-03-17,2,Rejected,,
1574,806,7,1,2025-12-27,1,Withdrawn,,
1575,1233,52,1,2025-01-31,2,Rejected,,
1576,642,27,4,2025-08-02,3,Rejected,,
1577,1436,35,5,2025-05-31,5,Hired,2025-07-11,41
1578,892,7,2,2025-12-19,2,Rejected,,
1579,2555,1,2,2025-11-12,1,Rejected,,
1580,409,19,3,2025-05-28,2,Rejected,,
1581,427,43,1,2026-03-25,1,Rejected,,
1582,2753,29,6,2025-05-04,1,Rejected,,
1583,2393,63,1,2025-09-17,1,Withdrawn,,
1584,1870,20,3,2025-04-18,2,Rejected,,
1585,1343,57,1,2025-12-23,1,Rejected,,
1586,2068,24,3,2026-05-25,2,Rejected,,
1587,551,18,1,2026-04-29,2,Rejected,,
1588,237,61,3,2025-04-08,1,Rejected,,
1589,160,60,3,2025-03-01,1,Rejected,,
1590,953,52,2,2025-05-03,2,Rejected,,
1591,12,16,6,2025-09-20,2,Rejected,,
1592,474,60,3,2025-08-09,2,Rejected,,
1593,1882,11,4,2025-03-19,1,Rejected,,
1594,827,18,2,2026-01-05,1,Rejected,,
1595,2430,55,1,2026-01-10,2,Rejected,,
1596,2323,25,2,2026-05-16,3,Rejected,,
1597,503,21,5,2025-11-01,3,Withdrawn,,
1598,961,41,1,2025-04-19,1,Rejected,,
1599,2797,5,4,2025-07-25,1,Rejected,,
1600,1309,67,1,2025-09-18,2,Rejected,,
1601,1297,43,2,2025-05-05,2,Rejected,,
1602,1190,27,6,2026-02-14,2,Rejected,,
1603,2237,32,1,2026-01-03,1,Rejected,,
1604,740,4,3,2025-08-06,1,Rejected,,
1605,549,17,1,2025-03-14,2,Rejected,,
1606,630,66,1,2025-12-25,5,Hired,2026-01-28,34
1607,380,18,3,2025-07-29,1,Withdrawn,,
1608,1175,22,4,2026-01-19,5,Hired,2026-02-14,26
1609,1190,65,2,2025-10-22,2,Rejected,,
1610,2883,1,1,2026-05-08,1,Rejected,,
1611,2215,30,3,2025-04-11,1,Rejected,,
1612,3022,4,2,2025-06-20,5,Hired,2025-07-31,41
1613,3085,56,5,2025-06-13,1,Rejected,,
1614,2261,61,1,2026-01-15,1,Rejected,,
1615,374,53,4,2025-04-20,2,Rejected,,
1616,2377,61,1,2025-05-21,1,Rejected,,
1617,191,32,1,2025-05-27,3,Rejected,,
1618,1521,61,3,2025-11-19,2,Rejected,,
1619,2783,37,1,2025-05-23,1,Rejected,,
1620,5,13,1,2025-11-28,1,Rejected,,
1621,2894,38,6,2025-10-29,1,Rejected,,
1622,3028,56,1,2025-07-28,2,Withdrawn,,
1623,66,52,3,2025-12-28,3,Rejected,,
1624,338,47,5,2026-02-14,1,Rejected,,
1625,1557,54,6,2025-06-20,3,Rejected,,
1626,1546,67,3,2025-06-29,1,Withdrawn,,
1627,2888,39,1,2025-09-10,1,Rejected,,
1628,116,59,4,2025-09-11,3,Rejected,,
1629,2334,69,4,2025-02-05,3,Rejected,,
1630,2391,55,1,2025-10-08,2,Withdrawn,,
1631,300,54,5,2025-09-06,2,Rejected,,
1632,2125,5,1,2025-06-20,2,Rejected,,
1633,3133,8,5,2025-01-29,2,Rejected,,
1634,1148,22,2,2025-05-29,1,Rejected,,
1635,55,16,6,2025-12-19,2,Rejected,,
1636,2115,42,1,2026-05-30,2,Rejected,,
1637,1746,42,1,2025-11-08,1,Rejected,,
1638,518,64,1,2025-11-20,1,Rejected,,
1639,2380,41,3,2026-05-19,1,Rejected,,
1640,661,9,1,2025-11-10,1,Withdrawn,,
1641,807,28,3,2025-12-13,1,Rejected,,
1642,1422,49,1,2025-09-20,2,Rejected,,
1643,2225,12,2,2026-05-12,2,Rejected,,
1644,653,37,1,2026-02-10,2,Rejected,,
1645,2257,17,3,2025-05-18,1,Withdrawn,,
1646,2645,23,2,2025-06-18,1,Rejected,,
1647,2688,56,2,2026-05-02,1,Rejected,,
1648,2166,22,4,2025-04-10,3,Rejected,,
1649,2744,31,4,2026-05-04,5,Hired,2026-05-29,25
1650,1735,56,1,2025-07-21,5,Hired,2025-08-16,26
1651,650,59,1,2025-11-27,2,Rejected,,
1652,2498,41,2,2025-05-09,1,Rejected,,
1653,1505,51,1,2025-09-16,1,Rejected,,
1654,2671,30,4,2025-01-06,1,Rejected,,
1655,3135,1,2,2025-01-03,2,Rejected,,
1656,1811,9,1,2025-10-19,1,Rejected,,
1657,608,31,5,2025-06-26,2,Rejected,,
1658,1039,26,1,2025-04-02,3,Rejected,,
1659,1321,48,1,2025-01-17,2,Rejected,,
1660,2940,43,1,2026-01-27,4,Rejected,,
1661,1321,48,5,2025-02-06,1,Rejected,,
1662,1391,60,1,2026-04-10,1,Rejected,,
1663,463,8,6,2025-01-29,1,Rejected,,
1664,2255,32,5,2025-03-26,2,Rejected,,
1665,2422,54,1,2026-01-07,2,Rejected,,
1666,140,35,2,2025-05-19,5,Hired,2025-06-21,33
1667,1090,3,2,2025-05-16,1,Rejected,,
1668,3085,29,2,2025-05-18,1,Rejected,,
1669,1876,53,3,2025-03-16,1,Rejected,,
1670,2074,20,5,2025-11-09,5,Hired,2025-11-29,20
1671,3131,2,3,2026-02-04,1,Rejected,,
1672,1949,56,4,2025-09-04,1,Rejected,,
1673,57,10,4,2026-05-09,1,Rejected,,
1674,623,55,4,2026-05-07,2,Rejected,,
1675,155,47,3,2025-10-18,3,Rejected,,
1676,870,16,4,2025-06-14,1,Rejected,,
1677,1254,26,2,2025-02-10,1,Rejected,,
1678,3170,65,1,2025-10-18,2,Rejected,,
1679,534,48,5,2026-02-27,1,Rejected,,
1680,1016,47,3,2025-07-27,1,Rejected,,
1681,810,62,2,2025-06-26,2,Rejected,,
1682,2013,7,3,2025-07-26,1,Rejected,,
1683,2045,24,2,2025-10-28,2,Rejected,,
1684,2794,42,1,2026-02-18,2,Withdrawn,,
1685,917,18,1,2026-04-06,2,Rejected,,
1686,1566,20,1,2026-03-07,2,Rejected,,
1687,2065,1,4,2025-09-22,1,Rejected,,
1688,2438,2,3,2025-10-27,1,Rejected,,
1689,359,13,6,2025-03-31,1,Rejected,,
1690,2757,58,5,2025-11-04,2,Rejected,,
1691,756,36,2,2026-02-12,1,Rejected,,
1692,435,19,4,2025-10-09,1,Rejected,,
1693,1602,16,2,2025-11-09,5,Hired,2025-12-13,34
1694,1797,25,3,2026-01-07,3,Rejected,,
1695,2945,17,1,2025-09-06,3,Rejected,,
1696,523,45,1,2026-01-11,1,Withdrawn,,
1697,2815,45,4,2025-04-02,1,Rejected,,
1698,4,34,1,2025-04-11,1,Rejected,,
1699,2899,58,2,2025-11-20,4,Rejected,,
1700,1040,20,3,2025-06-10,3,Rejected,,
1701,1414,22,1,2025-07-26,1,Rejected,,
1702,3022,8,6,2025-03-11,1,Rejected,,
1703,1216,26,3,2026-05-15,2,Rejected,,
1704,1854,34,4,2026-04-23,1,Rejected,,
1705,3178,1,2,2025-01-01,1,Rejected,,
1706,195,37,2,2025-05-04,1,Rejected,,
1707,3079,26,2,2025-04-27,1,Rejected,,
1708,1095,46,2,2025-07-30,2,Rejected,,
1709,1995,4,3,2025-07-21,1,Rejected,,
1710,35,3,1,2025-04-27,1,Rejected,,
1711,2354,31,1,2026-03-31,1,Rejected,,
1712,1399,4,6,2025-02-21,1,Rejected,,
1713,547,45,3,2025-09-19,1,Rejected,,
1714,1380,60,4,2026-03-13,5,Hired,2026-04-13,31
1715,2011,54,5,2026-04-03,1,Rejected,,
1716,334,56,6,2025-08-22,1,Rejected,,
1717,976,38,2,2025-01-14,2,Withdrawn,,
1718,172,13,3,2025-05-27,3,Rejected,,
1719,438,20,4,2025-11-10,2,Rejected,,
1720,1358,54,1,2025-11-14,1,Rejected,,
1721,2532,26,1,2025-02-04,1,Rejected,,
1722,2082,19,3,2025-05-26,1,Rejected,,
1723,30,51,4,2026-04-26,1,Rejected,,
1724,2131,26,1,2025-12-22,2,Rejected,,
1725,1739,5,3,2025-07-11,1,Withdrawn,,
1726,1167,68,3,2025-05-21,1,Rejected,,
1727,1713,15,3,2025-10-05,1,Rejected,,
1728,1695,65,1,2025-03-03,4,Withdrawn,,
1729,637,58,2,2026-01-13,1,Rejected,,
1730,2964,32,1,2026-04-08,1,Rejected,,
1731,483,22,2,2026-02-22,4,Rejected,,
1732,2489,48,6,2025-03-25,2,Rejected,,
1733,1545,46,3,2025-06-27,1,Rejected,,
1734,735,12,3,2025-03-25,3,Rejected,,
1735,998,3,3,2025-02-27,1,Rejected,,
1736,2319,56,6,2025-07-30,5,Hired,2025-08-20,21
1737,2571,46,4,2025-06-14,1,Rejected,,
1738,1633,31,2,2025-04-23,1,Rejected,,
1739,651,36,1,2025-04-04,2,Rejected,,
1740,1398,62,3,2025-06-14,1,Rejected,,
1741,267,63,4,2025-05-13,1,Rejected,,
1742,3173,54,5,2026-01-06,5,Hired,2026-02-01,26
1743,3111,47,2,2026-01-18,1,Rejected,,
1744,2513,50,1,2025-01-08,1,Rejected,,
1745,2539,52,4,2025-06-29,1,Rejected,,
1746,73,22,1,2025-01-20,2,Rejected,,
1747,43,23,3,2026-03-06,1,Rejected,,
1748,1778,16,3,2025-04-27,1,Rejected,,
1749,1374,13,2,2025-06-02,4,Rejected,,
1750,2260,23,1,2025-01-07,2,Withdrawn,,
1751,1803,14,1,2026-01-31,3,Rejected,,
1752,1220,7,1,2026-05-20,1,Rejected,,
1753,590,58,2,2026-02-15,5,Hired,2026-03-09,22
1754,2397,58,3,2025-10-23,1,Rejected,,
1755,1556,22,1,2025-08-16,5,Hired,2025-09-14,29
1756,2963,31,1,2025-12-23,2,Rejected,,
1757,974,52,3,2025-05-12,2,Rejected,,
1758,1939,49,2,2025-05-17,1,Rejected,,
1759,851,20,1,2025-12-17,2,Rejected,,
1760,800,3,1,2025-06-16,1,Rejected,,
1761,324,23,2,2025-07-07,2,Rejected,,
1762,2637,28,1,2026-03-19,1,Rejected,,
1763,1539,59,2,2026-05-20,1,Rejected,,
1764,2599,16,1,2026-05-02,3,Rejected,,
1765,3131,40,1,2025-08-03,5,Hired,2025-08-30,27
1766,70,47,6,2026-02-03,2,Rejected,,
1767,1393,57,2,2025-10-24,5,Hired,2025-11-17,24
1768,1401,23,6,2025-05-15,3,Rejected,,
1769,2384,16,1,2025-12-14,1,Rejected,,
1770,2051,39,4,2025-03-02,3,Rejected,,
1771,13,19,1,2026-05-23,3,Withdrawn,,
1772,662,39,1,2025-07-14,1,Rejected,,
1773,1113,6,3,2025-05-14,1,Rejected,,
1774,1564,4,3,2025-12-15,1,Rejected,,
1775,445,57,1,2025-04-20,1,Rejected,,
1776,1014,18,6,2025-06-08,1,Rejected,,
1777,745,7,1,2025-05-20,2,Rejected,,
1778,2891,28,2,2026-03-25,5,Hired,2026-05-04,40
1779,858,28,1,2025-11-18,1,Rejected,,
1780,53,62,1,2025-04-12,2,Rejected,,
1781,2936,3,1,2025-06-12,2,Withdrawn,,
1782,3000,66,3,2025-07-04,1,Rejected,,
1783,2772,29,3,2026-03-20,1,Rejected,,
1784,692,52,1,2025-01-26,3,Withdrawn,,
1785,1345,32,1,2025-08-10,3,Rejected,,
1786,2977,59,4,2025-09-12,1,Rejected,,
1787,1460,18,2,2025-06-05,2,Rejected,,
1788,1541,8,5,2025-08-04,1,Rejected,,
1789,1636,54,3,2025-08-13,1,Rejected,,
1790,1644,45,1,2025-11-25,2,Rejected,,
1791,2063,22,5,2025-04-23,1,Rejected,,
1792,2866,20,1,2025-02-13,2,Withdrawn,,
1793,2911,39,3,2025-06-07,1,Rejected,,
1794,96,6,3,2025-12-09,1,Rejected,,
1795,3073,22,3,2025-09-10,1,Rejected,,
1796,1223,20,4,2026-01-03,1,Rejected,,
1797,1273,22,1,2025-03-17,5,Hired,2025-04-09,23
1798,379,10,6,2026-04-15,2,Withdrawn,,
1799,2271,18,4,2025-12-10,2,Rejected,,
1800,48,31,4,2025-11-27,2,Rejected,,
1801,1621,45,2,2025-03-25,1,Rejected,,
1802,2005,57,1,2025-05-02,1,Rejected,,
1803,779,45,2,2025-01-04,1,Rejected,,
1804,859,41,4,2025-12-08,1,Rejected,,
1805,40,20,3,2025-10-24,2,Rejected,,
1806,1252,16,1,2026-02-03,2,Rejected,,
1807,1988,7,1,2025-02-19,5,Hired,2025-03-31,40
1808,583,1,2,2026-01-19,2,Rejected,,
1809,2128,13,3,2025-09-18,1,Rejected,,
1810,2766,61,6,2025-10-29,1,Rejected,,
1811,1769,53,2,2025-06-26,1,Rejected,,
1812,1669,52,1,2026-02-25,2,Rejected,,
1813,998,19,1,2025-04-05,1,Rejected,,
1814,2277,43,1,2025-02-28,1,Rejected,,
1815,2417,59,3,2026-05-28,3,Rejected,,
1816,1068,17,5,2025-06-30,2,Rejected,,
1817,740,53,5,2025-11-05,1,Withdrawn,,
1818,442,21,3,2025-10-25,3,Rejected,,
1819,2786,23,3,2025-01-22,1,Rejected,,
1820,1255,20,3,2026-05-12,2,Rejected,,
1821,2669,35,6,2025-12-12,2,Rejected,,
1822,3083,14,4,2025-09-17,5,Hired,2025-11-02,46
1823,891,58,3,2025-11-29,3,Rejected,,
1824,391,15,2,2025-10-10,2,Rejected,,
1825,2664,32,1,2025-10-05,1,Rejected,,
1826,504,29,1,2025-05-12,1,Rejected,,
1827,923,53,4,2025-02-19,1,Rejected,,
1828,1571,7,3,2025-01-26,2,Rejected,,
1829,16,65,1,2025-05-07,3,Rejected,,
1830,1419,61,2,2026-04-16,5,Hired,2026-05-19,33
1831,71,52,1,2025-01-05,5,Hired,2025-02-01,27
1832,3076,43,2,2025-08-09,1,Rejected,,
1833,2183,59,5,2025-09-02,5,Hired,2025-09-28,26
1834,2124,17,1,2025-06-14,1,Rejected,,
1835,178,11,1,2026-01-08,1,Withdrawn,,
1836,233,62,5,2025-09-11,1,Rejected,,
1837,891,63,6,2026-03-19,2,Rejected,,
1838,191,9,1,2026-05-07,1,Rejected,,
1839,2475,55,1,2026-03-11,2,Rejected,,
1840,1773,12,3,2026-04-15,1,Withdrawn,,
1841,2560,40,1,2025-06-24,1,Rejected,,
1842,2624,10,3,2025-10-31,2,Rejected,,
1843,1076,55,4,2025-09-29,2,Rejected,,
1844,33,2,3,2025-12-20,5,Hired,2026-02-04,46
1845,3052,54,1,2025-03-04,2,Rejected,,
1846,1587,53,3,2026-05-17,2,Rejected,,
1847,2965,4,5,2025-05-20,3,Rejected,,
1848,2245,16,1,2026-01-08,3,Withdrawn,,
1849,1600,31,2,2025-01-19,2,Rejected,,
1850,1854,47,1,2025-05-10,1,Withdrawn,,
1851,1123,40,4,2025-03-01,1,Rejected,,
1852,2877,48,6,2025-06-19,1,Rejected,,
1853,59,21,5,2025-07-25,1,Withdrawn,,
1854,545,6,3,2025-02-13,2,Rejected,,
1855,433,45,2,2026-01-12,3,Rejected,,
1856,1126,2,1,2025-04-11,1,Rejected,,
1857,1173,44,5,2025-02-12,1,Rejected,,
1858,3085,48,4,2025-03-03,1,Rejected,,
1859,1234,63,1,2025-06-19,1,Rejected,,
1860,1864,54,4,2025-04-21,2,Rejected,,
1861,2730,69,1,2025-12-16,1,Rejected,,
1862,2199,9,2,2025-09-22,2,Rejected,,
1863,3106,26,4,2026-02-22,1,Rejected,,
1864,1434,29,1,2025-02-13,2,Rejected,,
1865,473,53,1,2025-12-31,5,Hired,2026-02-02,33
1866,1100,13,3,2026-03-30,1,Rejected,,
1867,3131,35,4,2025-08-01,1,Rejected,,
1868,2099,25,3,2025-01-01,1,Rejected,,
1869,1986,16,3,2026-02-02,1,Rejected,,
1870,2179,12,1,2025-03-17,1,Rejected,,
1871,1842,11,3,2025-11-15,4,Rejected,,
1872,2840,57,3,2025-02-18,3,Rejected,,
1873,2639,46,6,2026-03-10,3,Rejected,,
1874,406,22,4,2025-08-20,2,Rejected,,
1875,2888,21,3,2025-08-07,2,Withdrawn,,
1876,290,31,3,2025-06-21,5,Hired,2025-07-29,38
1877,2238,21,3,2026-03-07,1,Rejected,,
1878,139,31,6,2026-04-27,1,Rejected,,
1879,1400,10,4,2026-02-28,2,Rejected,,
1880,735,45,4,2025-07-24,1,Rejected,,
1881,3114,19,2,2026-03-13,3,Rejected,,
1882,1557,25,1,2026-02-05,3,Withdrawn,,
1883,2788,10,3,2025-10-02,1,Rejected,,
1884,1159,1,3,2025-10-11,3,Rejected,,
1885,2046,18,2,2025-04-19,1,Withdrawn,,
1886,2677,2,1,2026-05-19,2,Rejected,,
1887,2392,59,3,2026-05-15,1,Rejected,,
1888,2635,54,1,2025-12-27,1,Rejected,,
1889,2517,16,4,2025-07-10,1,Rejected,,
1890,2366,23,1,2025-07-07,1,Rejected,,
1891,3161,42,5,2026-02-14,1,Rejected,,
1892,996,31,3,2026-02-08,3,Rejected,,
1893,2709,26,3,2025-06-13,1,Rejected,,
1894,1005,23,5,2025-04-30,1,Rejected,,
1895,715,47,3,2026-02-23,2,Rejected,,
1896,3177,46,4,2026-01-30,1,Rejected,,
1897,360,30,2,2026-03-07,1,Rejected,,
1898,1947,15,4,2026-03-30,1,Rejected,,
1899,2406,19,3,2025-07-20,1,Withdrawn,,
1900,982,58,6,2026-01-06,2,Rejected,,
1901,2911,25,5,2026-01-30,1,Rejected,,
1902,2872,11,1,2025-06-28,1,Rejected,,
1903,155,35,2,2025-10-28,2,Rejected,,
1904,2836,41,6,2025-04-10,1,Rejected,,
1905,2866,16,3,2026-01-03,1,Rejected,,
1906,1918,45,1,2025-10-24,1,Rejected,,
1907,128,1,2,2025-05-13,1,Rejected,,
1908,15,13,2,2025-08-21,1,Rejected,,
1909,2778,29,3,2025-12-02,3,Rejected,,
1910,93,41,1,2025-11-29,1,Rejected,,
1911,2605,2,1,2025-01-12,2,Rejected,,
1912,19,30,4,2025-05-30,2,Rejected,,
1913,699,22,1,2025-01-20,1,Rejected,,
1914,508,8,1,2026-01-16,1,Rejected,,
1915,1885,54,4,2026-04-15,1,Rejected,,
1916,998,67,1,2025-10-24,1,Rejected,,
1917,449,3,4,2026-02-09,1,Rejected,,
1918,1618,12,1,2026-01-13,3,Rejected,,
1919,84,66,1,2026-04-17,3,Rejected,,
1920,1307,45,4,2025-10-27,1,Rejected,,
1921,1235,53,4,2025-12-03,3,Rejected,,
1922,174,53,4,2026-01-14,3,Rejected,,
1923,2166,3,1,2025-01-22,1,Rejected,,
1924,3081,58,3,2026-02-03,2,Rejected,,
1925,2811,59,3,2025-05-31,1,Rejected,,
1926,2416,48,2,2025-09-07,1,Rejected,,
1927,2498,36,1,2026-05-05,2,Withdrawn,,
1928,2112,58,2,2025-12-20,5,Hired,2026-01-13,24
1929,74,46,2,2025-02-15,1,Rejected,,
1930,2976,34,4,2026-03-06,1,Rejected,,
1931,98,56,1,2025-11-20,1,Rejected,,
1932,1395,1,3,2025-07-26,1,Rejected,,
1933,870,18,2,2026-03-19,1,Rejected,,
1934,3048,56,3,2025-07-24,1,Rejected,,
1935,804,16,6,2025-06-24,1,Rejected,,
1936,2754,13,4,2025-10-23,1,Rejected,,
1937,2893,10,1,2025-03-21,2,Rejected,,
1938,778,17,1,2026-05-05,1,Rejected,,
1939,2332,10,1,2025-11-15,1,Rejected,,
1940,259,66,4,2025-06-05,2,Withdrawn,,
1941,1353,7,6,2025-05-06,1,Rejected,,
1942,1228,19,4,2025-12-14,3,Rejected,,
1943,2032,11,2,2026-02-12,2,Rejected,,
1944,2997,59,4,2025-12-10,2,Rejected,,
1945,2648,20,2,2026-05-13,3,Rejected,,
1946,233,53,3,2025-12-22,1,Rejected,,
1947,2887,51,3,2025-04-15,1,Rejected,,
1948,1344,24,5,2026-02-10,4,Rejected,,
1949,87,64,3,2026-02-23,1,Rejected,,
1950,409,50,3,2025-12-15,2,Rejected,,
1951,1116,66,5,2026-02-08,3,Rejected,,
1952,1802,48,1,2026-03-29,1,Rejected,,
1953,2721,41,1,2026-01-18,2,Rejected,,
1954,2996,3,1,2026-04-06,1,Withdrawn,,
1955,2506,11,1,2025-05-02,2,Rejected,,
1956,3062,1,5,2026-02-05,1,Rejected,,
1957,337,42,5,2025-02-27,1,Rejected,,
1958,934,12,1,2025-06-16,5,Hired,2025-07-22,36
1959,1134,18,2,2025-01-20,1,Rejected,,
1960,1776,24,5,2025-06-19,2,Rejected,,
1961,3149,22,6,2025-08-02,2,Rejected,,
1962,690,66,1,2026-04-09,1,Rejected,,
1963,1199,17,2,2025-05-23,1,Rejected,,
1964,2274,15,3,2025-12-10,1,Rejected,,
1965,248,11,1,2025-12-31,1,Rejected,,
1966,2334,60,6,2025-04-04,2,Rejected,,
1967,2763,45,2,2026-02-09,5,Hired,2026-03-19,38
1968,621,58,2,2025-08-10,5,Hired,2025-09-05,26
1969,2258,50,1,2025-06-08,3,Rejected,,
1970,1553,8,2,2026-04-29,2,Rejected,,
1971,3172,16,5,2025-04-24,1,Rejected,,
1972,1878,38,3,2025-03-21,2,Rejected,,
1973,1323,15,1,2025-02-25,1,Rejected,,
1974,2492,29,3,2026-04-25,1,Rejected,,
1975,896,46,3,2026-03-13,2,Rejected,,
1976,2038,48,1,2026-02-24,1,Rejected,,
1977,1674,55,2,2026-03-08,3,Rejected,,
1978,2650,10,5,2025-04-12,3,Rejected,,
1979,2550,5,3,2025-12-07,3,Rejected,,
1980,3063,20,3,2025-04-12,1,Rejected,,
1981,2465,21,1,2025-07-14,1,Rejected,,
1982,731,9,3,2025-08-21,3,Rejected,,
1983,3054,1,5,2025-08-02,1,Rejected,,
1984,2242,1,3,2025-10-12,1,Rejected,,
1985,1237,58,2,2026-04-07,3,Rejected,,
1986,1639,9,3,2025-03-16,5,Hired,2025-04-24,39
1987,2432,50,1,2025-05-16,3,Rejected,,
1988,432,25,3,2025-01-03,2,Rejected,,
1989,589,44,3,2026-05-26,1,Rejected,,
1990,2353,36,4,2025-02-05,1,Rejected,,
1991,397,48,2,2026-01-06,1,Rejected,,
1992,2564,6,4,2025-04-11,3,Rejected,,
1993,194,10,4,2026-05-17,1,Rejected,,
1994,2374,5,2,2026-03-24,1,Rejected,,
1995,972,41,4,2025-08-07,1,Rejected,,
1996,746,31,2,2025-05-19,1,Rejected,,
1997,3057,26,2,2025-12-21,1,Rejected,,
1998,271,50,3,2026-03-16,1,Rejected,,
1999,640,5,4,2026-01-01,1,Rejected,,
2000,2108,12,3,2026-03-28,1,Rejected,,
2001,2763,32,1,2025-03-04,1,Rejected,,
2002,1251,42,4,2025-05-04,2,Rejected,,
2003,2435,15,3,2025-03-02,3,Withdrawn,,
2004,2073,22,1,2025-03-30,2,Rejected,,
2005,2276,33,4,2025-03-12,1,Withdrawn,,
2006,1005,22,2,2025-07-23,1,Rejected,,
2007,3172,29,3,2026-05-22,1,Rejected,,
2008,2138,4,2,2025-05-05,1,Rejected,,
2009,116,52,5,2025-11-29,1,Withdrawn,,
2010,1558,52,4,2025-11-03,2,Rejected,,
2011,1977,39,6,2026-05-29,1,Withdrawn,,
2012,2306,7,6,2025-04-03,4,Rejected,,
2013,156,17,3,2025-10-17,3,Rejected,,
2014,1444,32,6,2026-01-08,1,Withdrawn,,
2015,100,2,5,2025-12-07,2,Rejected,,
2016,2071,8,3,2025-08-22,1,Rejected,,
2017,1410,52,4,2026-04-13,1,Rejected,,
2018,2269,17,2,2026-05-14,3,Rejected,,
2019,1395,40,2,2026-02-06,1,Rejected,,
2020,1715,17,1,2026-05-09,2,Rejected,,
2021,2711,32,3,2025-01-21,1,Rejected,,
2022,2541,3,1,2025-11-05,2,Rejected,,
2023,1660,9,2,2026-03-20,2,Rejected,,
2024,820,25,2,2026-01-04,1,Rejected,,
2025,772,54,1,2025-05-18,5,Hired,2025-06-20,33
2026,1336,26,4,2025-05-20,1,Rejected,,
2027,1151,23,1,2025-03-25,1,Rejected,,
2028,2538,63,1,2025-07-06,1,Rejected,,
2029,452,11,3,2025-04-10,1,Rejected,,
2030,1123,5,4,2025-01-20,1,Rejected,,
2031,3150,48,4,2025-03-17,3,Rejected,,
2032,1129,48,2,2025-01-22,2,Rejected,,
2033,956,6,6,2025-04-29,1,Withdrawn,,
2034,2294,6,3,2025-03-24,2,Rejected,,
2035,526,69,2,2026-02-15,1,Rejected,,
2036,2,28,1,2025-04-01,2,Rejected,,
2037,2712,18,1,2026-05-21,2,Rejected,,
2038,2024,31,4,2025-12-21,2,Rejected,,
2039,158,19,4,2025-07-14,5,Hired,2025-08-14,31
2040,2191,62,4,2026-03-26,2,Withdrawn,,
2041,1174,7,4,2025-11-19,2,Rejected,,
2042,175,10,3,2026-01-29,3,Withdrawn,,
2043,2514,50,3,2025-09-05,2,Rejected,,
2044,2538,56,4,2026-01-11,1,Rejected,,
2045,1050,46,5,2025-07-07,3,Rejected,,
2046,1905,8,1,2025-10-18,2,Rejected,,
2047,2585,24,3,2026-04-17,1,Rejected,,
2048,2382,19,1,2026-02-17,1,Rejected,,
2049,2959,12,4,2025-02-26,1,Rejected,,
2050,1088,25,4,2025-12-30,1,Rejected,,
2051,182,48,2,2025-02-05,1,Rejected,,
2052,451,17,5,2025-01-09,1,Rejected,,
2053,2051,68,3,2025-05-06,1,Rejected,,
2054,84,50,5,2025-03-04,1,Rejected,,
2055,2109,49,4,2026-05-02,2,Rejected,,
2056,1289,55,4,2026-02-07,1,Rejected,,
2057,369,23,4,2025-12-13,1,Rejected,,
2058,1145,39,2,2026-05-29,1,Rejected,,
2059,527,58,1,2026-02-18,1,Withdrawn,,
2060,2816,10,3,2025-02-02,1,Rejected,,
2061,1011,62,1,2025-12-01,2,Rejected,,
2062,2986,6,4,2025-03-27,2,Rejected,,
2063,244,68,4,2025-02-16,2,Rejected,,
2064,647,4,4,2025-03-20,4,Rejected,,
2065,185,49,3,2025-12-18,1,Rejected,,
2066,1159,55,2,2026-03-01,1,Rejected,,
2067,214,11,1,2025-10-02,1,Rejected,,
2068,1612,5,6,2025-12-31,1,Rejected,,
2069,1900,48,1,2026-05-26,1,Rejected,,
2070,2049,4,1,2025-09-05,2,Rejected,,
2071,681,37,3,2025-03-24,2,Rejected,,
2072,586,59,4,2025-02-27,1,Rejected,,
2073,293,60,1,2025-12-05,3,Rejected,,
2074,1934,38,1,2025-07-17,1,Rejected,,
2075,2751,5,5,2026-02-15,1,Rejected,,
2076,2771,10,4,2025-09-11,5,Hired,2025-11-02,52
2077,2615,22,1,2026-02-05,1,Rejected,,
2078,1018,18,4,2025-03-04,2,Rejected,,
2079,276,7,1,2025-08-26,1,Rejected,,
2080,2500,52,3,2026-03-05,1,Rejected,,
2081,1221,7,5,2025-09-10,1,Rejected,,
2082,1231,13,3,2025-10-25,1,Rejected,,
2083,1922,38,6,2026-05-30,2,Rejected,,
2084,1394,2,3,2025-01-20,3,Rejected,,
2085,1256,45,1,2025-04-25,1,Rejected,,
2086,416,2,4,2026-03-03,1,Rejected,,
2087,1946,66,3,2025-05-30,2,Rejected,,
2088,2739,53,3,2025-09-21,2,Rejected,,
2089,1231,58,3,2026-04-10,1,Rejected,,
2090,2015,13,5,2026-02-10,1,Rejected,,
2091,1319,8,1,2025-02-24,1,Rejected,,
2092,2557,53,2,2025-02-06,3,Rejected,,
2093,2758,48,4,2025-08-30,1,Rejected,,
2094,1815,9,4,2026-01-08,2,Rejected,,
2095,1621,61,2,2026-04-16,1,Rejected,,
2096,2093,61,3,2025-03-28,5,Hired,2025-05-01,34
2097,1864,69,1,2025-10-22,1,Rejected,,
2098,1161,37,6,2026-03-08,1,Rejected,,
2099,1677,45,1,2025-05-15,1,Withdrawn,,
2100,3132,1,4,2025-10-20,2,Rejected,,
2101,617,20,1,2026-03-14,2,Rejected,,
2102,3074,9,6,2026-01-25,1,Rejected,,
2103,2624,31,1,2025-09-05,1,Rejected,,
2104,1247,8,6,2025-01-21,5,Hired,2025-03-08,46
2105,948,29,3,2025-01-15,3,Rejected,,
2106,1935,28,3,2025-11-09,1,Withdrawn,,
2107,695,31,3,2025-10-18,2,Rejected,,
2108,54,43,2,2026-05-26,1,Rejected,,
2109,2657,65,1,2026-05-04,1,Rejected,,
2110,2684,66,3,2025-02-09,2,Withdrawn,,
2111,2485,19,4,2025-02-14,5,Hired,2025-03-11,25
2112,496,5,3,2026-05-23,4,In Progress,,
2113,1880,37,5,2025-09-07,1,Rejected,,
2114,2985,37,1,2026-05-31,1,Rejected,,
2115,2730,33,1,2025-02-04,1,Rejected,,
2116,931,53,1,2025-09-28,3,Rejected,,
2117,8,23,3,2025-11-12,1,Rejected,,
2118,244,15,6,2026-01-06,1,Rejected,,
2119,379,31,2,2026-04-15,2,Rejected,,
2120,374,3,3,2026-03-12,1,Rejected,,
2121,2519,32,1,2025-05-27,1,Rejected,,
2122,1155,13,1,2025-07-10,1,Rejected,,
2123,1563,26,4,2025-06-30,2,Rejected,,
2124,1456,16,1,2025-03-25,1,Rejected,,
2125,1467,69,2,2025-07-16,1,Withdrawn,,
2126,35,68,3,2025-08-08,1,Rejected,,
2127,2780,40,2,2025-11-01,1,Rejected,,
2128,223,49,2,2025-01-26,2,Rejected,,
2129,521,68,1,2025-11-26,1,Rejected,,
2130,2439,23,2,2026-04-28,1,Rejected,,
2131,1751,68,3,2025-11-07,1,Rejected,,
2132,1156,10,6,2025-12-08,1,Rejected,,
2133,2205,30,4,2025-08-25,2,Rejected,,
2134,848,9,2,2025-01-05,2,Rejected,,
2135,1184,22,6,2025-03-13,1,Rejected,,
2136,2137,56,4,2025-05-19,1,Rejected,,
2137,2477,28,2,2025-07-18,1,Rejected,,
2138,1165,8,1,2026-05-31,3,Rejected,,
2139,125,65,3,2026-03-19,2,Rejected,,
2140,283,7,1,2025-09-02,2,Rejected,,
2141,2667,65,1,2025-04-16,1,Withdrawn,,
2142,1726,16,4,2026-04-14,1,Rejected,,
2143,2495,30,2,2025-12-26,1,Rejected,,
2144,1613,68,2,2025-11-16,1,Rejected,,
2145,3133,17,2,2025-06-24,1,Rejected,,
2146,1468,49,1,2025-07-03,1,Rejected,,
2147,1017,27,1,2025-11-07,1,Rejected,,
2148,2907,15,6,2025-11-22,1,Withdrawn,,
2149,2168,5,5,2025-03-26,2,Rejected,,
2150,2956,56,3,2026-05-13,3,Rejected,,
2151,3177,21,4,2026-02-28,2,Rejected,,
2152,1933,6,3,2025-02-11,1,Rejected,,
2153,2859,29,6,2025-01-14,3,Rejected,,
2154,240,46,3,2025-03-23,3,Rejected,,
2155,1611,44,1,2025-07-04,4,Rejected,,
2156,864,11,1,2025-12-12,2,Rejected,,
2157,1587,6,1,2025-01-19,2,Rejected,,
2158,691,51,2,2026-03-31,1,Withdrawn,,
2159,2695,45,2,2025-09-06,3,Rejected,,
2160,2740,15,3,2025-04-12,1,Rejected,,
2161,286,39,1,2025-10-03,1,Withdrawn,,
2162,755,48,1,2025-04-02,1,Rejected,,
2163,2445,50,1,2026-01-08,1,Rejected,,
2164,1124,17,4,2025-11-29,3,Rejected,,
2165,1163,16,3,2026-04-13,2,Rejected,,
2166,1311,56,5,2026-02-23,1,Rejected,,
2167,539,42,6,2026-02-01,2,Rejected,,
2168,2464,67,5,2025-09-04,1,Rejected,,
2169,2811,9,1,2026-05-23,1,Rejected,,
2170,862,14,5,2025-06-26,1,Rejected,,
2171,581,52,3,2025-05-30,3,Rejected,,
2172,942,21,1,2025-09-05,4,Withdrawn,,
2173,1551,37,4,2026-05-27,1,Rejected,,
2174,790,33,2,2025-11-28,1,Rejected,,
2175,365,32,1,2026-03-16,2,Rejected,,
2176,2914,51,4,2026-05-09,3,Rejected,,
2177,577,49,1,2025-05-30,1,Rejected,,
2178,1918,48,5,2025-02-12,2,Rejected,,
2179,2724,27,2,2025-04-19,1,Rejected,,
2180,1613,5,4,2025-09-29,2,Rejected,,
2181,2816,47,6,2026-02-23,2,Withdrawn,,
2182,1073,39,4,2025-04-12,2,Rejected,,
2183,822,7,4,2026-02-06,1,Rejected,,
2184,625,13,3,2026-01-17,1,Rejected,,
2185,848,4,2,2026-03-19,2,Rejected,,
2186,2895,25,3,2025-10-22,2,Rejected,,
2187,1257,1,3,2026-04-05,2,Withdrawn,,
2188,1601,13,2,2025-03-01,1,Rejected,,
2189,2320,23,1,2025-07-02,1,Rejected,,
2190,2436,32,1,2026-05-24,2,Rejected,,
2191,530,51,3,2025-02-17,1,Rejected,,
2192,2098,60,1,2026-05-31,3,Rejected,,
2193,2156,25,3,2025-06-04,2,Rejected,,
2194,2595,28,1,2025-08-27,3,Rejected,,
2195,1524,28,6,2025-01-14,1,Rejected,,
2196,1153,23,1,2026-02-28,3,Rejected,,
2197,2950,3,1,2025-07-30,1,Rejected,,
2198,2495,60,2,2026-02-17,5,Hired,2026-03-12,23
2199,2748,63,1,2025-09-30,3,Rejected,,
2200,2284,15,2,2025-08-19,3,Rejected,,
2201,1717,44,2,2025-04-03,2,Withdrawn,,
2202,445,63,4,2025-10-15,1,Rejected,,
2203,2141,1,4,2025-02-22,1,Rejected,,
2204,2731,48,2,2025-10-12,1,Rejected,,
2205,94,22,2,2025-04-29,3,Rejected,,
2206,5,3,4,2026-05-13,1,Rejected,,
2207,1587,9,4,2025-12-28,2,Rejected,,
2208,1461,4,3,2026-01-13,2,Rejected,,
2209,1458,12,1,2025-03-27,1,Rejected,,
2210,1644,7,1,2026-01-03,5,Hired,2026-02-06,34
2211,464,29,2,2025-09-15,2,Rejected,,
2212,2709,2,2,2025-10-09,1,Rejected,,
2213,823,32,4,2026-02-12,1,Rejected,,
2214,506,17,3,2025-03-03,2,Rejected,,
2215,1367,26,2,2025-02-20,5,Hired,2025-03-26,34
2216,1061,19,6,2026-04-04,3,Rejected,,
2217,2214,25,4,2025-10-19,1,Rejected,,
2218,2497,8,1,2025-03-14,1,Rejected,,
2219,605,31,5,2025-09-01,3,Rejected,,
2220,2292,8,2,2025-12-27,2,Rejected,,
2221,667,40,4,2025-04-01,1,Rejected,,
2222,2263,54,5,2026-03-22,2,Rejected,,
2223,562,31,3,2026-05-02,1,Rejected,,
2224,595,36,2,2026-02-25,1,Rejected,,
2225,2712,32,2,2026-01-19,2,Rejected,,
2226,1705,60,3,2025-09-14,1,Rejected,,
2227,643,56,5,2025-06-19,1,Rejected,,
2228,1440,38,5,2025-08-04,3,Rejected,,
2229,88,10,5,2025-05-13,4,Rejected,,
2230,2749,37,2,2025-01-22,2,Rejected,,
2231,2591,30,1,2026-04-17,1,Rejected,,
2232,2859,7,2,2026-04-13,1,Rejected,,
2233,600,13,2,2026-01-28,1,Rejected,,
2234,3073,54,1,2025-06-09,1,Rejected,,
2235,1226,6,1,2026-03-13,2,Withdrawn,,
2236,1802,42,3,2025-04-10,3,Rejected,,
2237,710,33,6,2026-02-07,1,Rejected,,
2238,1860,59,3,2025-08-15,2,Rejected,,
2239,711,35,4,2026-01-10,1,Withdrawn,,
2240,2819,54,6,2025-02-18,1,Rejected,,
2241,790,9,2,2025-05-20,1,Rejected,,
2242,445,13,2,2025-01-21,1,Withdrawn,,
2243,2349,58,5,2025-11-18,1,Rejected,,
2244,1168,26,1,2025-02-21,1,Rejected,,
2245,2669,66,4,2025-05-08,1,Withdrawn,,
2246,401,15,4,2025-07-06,1,Rejected,,
2247,2475,13,4,2026-04-19,3,Rejected,,
2248,1777,42,1,2026-01-21,2,Rejected,,
2249,2549,43,1,2025-05-12,1,Rejected,,
2250,1857,44,1,2025-08-22,2,Rejected,,
2251,538,52,1,2025-10-11,2,Rejected,,
2252,1316,21,4,2025-08-26,5,Hired,2025-09-25,30
2253,93,68,3,2026-03-31,2,Rejected,,
2254,376,47,1,2026-04-03,1,Rejected,,
2255,3160,32,4,2026-01-31,2,Rejected,,
2256,3191,34,1,2025-03-19,5,Hired,2025-04-17,29
2257,81,1,4,2025-06-10,5,Hired,2025-07-27,47
2258,1705,21,1,2026-05-26,1,Rejected,,
2259,845,11,3,2025-03-20,2,Rejected,,
2260,2433,57,1,2025-06-21,1,Rejected,,
2261,2197,42,3,2025-05-09,1,Rejected,,
2262,2741,50,1,2026-01-27,2,Rejected,,
2263,446,12,2,2026-02-23,1,Rejected,,
2264,1172,7,3,2025-11-22,1,Rejected,,
2265,3024,16,2,2025-01-15,5,Hired,2025-02-11,27
2266,1165,60,2,2025-02-04,3,Rejected,,
2267,954,30,2,2025-01-23,2,Rejected,,
2268,963,17,1,2025-09-03,1,Rejected,,
2269,468,44,1,2026-03-26,1,Rejected,,
2270,2704,24,5,2025-10-01,5,Hired,2025-10-23,22
2271,396,6,4,2025-04-25,1,Rejected,,
2272,2792,23,3,2025-08-15,3,Rejected,,
2273,2529,57,3,2026-05-22,1,Rejected,,
2274,109,17,1,2025-08-25,1,Rejected,,
2275,3107,25,3,2026-03-31,3,Rejected,,
2276,133,31,2,2025-08-15,4,Withdrawn,,
2277,820,25,1,2026-03-01,1,Rejected,,
2278,3105,3,4,2025-02-09,1,Rejected,,
2279,602,11,3,2026-02-25,1,Rejected,,
2280,791,44,1,2025-08-22,1,Rejected,,
2281,1422,48,3,2025-09-26,3,Rejected,,
2282,2522,60,4,2025-06-12,2,Rejected,,
2283,1288,4,2,2025-08-12,1,Rejected,,
2284,1202,20,6,2025-05-05,2,Rejected,,
2285,259,24,3,2026-03-06,1,Rejected,,
2286,1976,59,1,2025-11-18,2,Rejected,,
2287,6,51,4,2025-01-14,1,Rejected,,
2288,951,56,3,2025-09-26,1,Rejected,,
2289,116,56,3,2026-03-05,1,Rejected,,
2290,550,33,4,2025-06-22,1,Rejected,,
2291,2471,8,2,2025-11-25,2,Rejected,,
2292,1100,65,2,2026-04-04,5,Hired,2026-05-02,28
2293,2096,28,2,2025-09-29,1,Rejected,,
2294,680,59,2,2026-05-23,1,Rejected,,
2295,1767,32,4,2026-05-27,3,Rejected,,
2296,1771,16,4,2025-02-23,3,Rejected,,
2297,946,26,2,2026-02-15,2,Rejected,,
2298,1105,57,1,2026-02-18,2,Rejected,,
2299,3046,1,2,2025-03-18,5,Hired,2025-04-20,33
2300,2130,66,1,2026-02-15,2,Rejected,,
2301,3132,41,4,2025-02-25,1,Rejected,,
2302,2425,51,4,2025-01-13,4,Rejected,,
2303,1029,3,4,2026-04-19,3,Rejected,,
2304,672,23,4,2026-04-14,1,Rejected,,
2305,90,17,3,2026-02-17,1,Rejected,,
2306,623,56,5,2025-12-22,2,Rejected,,
2307,1104,51,4,2026-03-16,3,Rejected,,
2308,2605,57,1,2026-02-23,3,Rejected,,
2309,2994,68,4,2025-07-07,2,Rejected,,
2310,1475,6,1,2025-04-08,1,Withdrawn,,
2311,1570,38,3,2025-08-23,1,Rejected,,
2312,1587,7,3,2025-02-28,1,Rejected,,
2313,2109,18,4,2026-04-22,5,Hired,2026-05-18,26
2314,1720,19,4,2025-07-26,2,Withdrawn,,
2315,40,10,3,2026-04-14,1,Rejected,,
2316,2334,30,1,2026-03-03,1,Rejected,,
2317,2534,17,1,2026-02-19,1,Rejected,,
2318,499,5,3,2025-10-31,1,Rejected,,
2319,776,51,6,2025-11-07,2,Rejected,,
2320,734,38,2,2025-10-09,5,Hired,2025-11-14,36
2321,2798,11,1,2025-01-14,2,Rejected,,
2322,819,55,1,2025-03-24,5,Hired,2025-04-18,25
2323,62,46,6,2025-10-17,2,Rejected,,
2324,1557,18,2,2025-02-09,2,Rejected,,
2325,3012,51,2,2026-04-14,1,Rejected,,
2326,3099,41,1,2025-04-23,1,Withdrawn,,
2327,2539,14,2,2026-05-06,2,Rejected,,
2328,592,40,2,2026-01-30,1,Rejected,,
2329,415,45,2,2026-03-25,1,Rejected,,
2330,1894,31,5,2025-08-30,1,Rejected,,
2331,1379,20,1,2025-01-11,1,Withdrawn,,
2332,802,21,4,2025-04-01,1,Rejected,,
2333,2807,33,1,2026-04-22,2,Rejected,,
2334,2052,50,2,2025-06-02,1,Rejected,,
2335,1521,43,5,2026-01-25,3,Rejected,,
2336,3039,44,4,2025-08-31,1,Rejected,,
2337,2610,67,4,2025-06-13,1,Rejected,,
2338,2509,17,2,2025-06-20,3,Rejected,,
2339,1288,57,4,2025-02-15,2,Rejected,,
2340,2687,5,1,2025-03-18,1,Rejected,,
2341,747,60,3,2025-01-31,1,Rejected,,
2342,2340,28,1,2026-05-12,1,Rejected,,
2343,2820,27,6,2026-03-03,1,Rejected,,
2344,2762,52,1,2026-05-29,4,In Progress,,
2345,132,24,2,2025-03-21,3,Rejected,,
2346,1719,23,5,2025-12-08,2,Rejected,,
2347,49,59,3,2025-05-02,1,Rejected,,
2348,2078,22,5,2025-06-17,5,Hired,2025-07-07,20
2349,405,34,4,2025-02-20,2,Rejected,,
2350,1144,67,6,2026-05-30,1,Withdrawn,,
2351,1399,10,1,2026-02-20,3,Rejected,,
2352,601,43,5,2025-04-15,2,Rejected,,
2353,2173,46,1,2025-05-02,3,Rejected,,
2354,1986,10,4,2026-02-23,1,Rejected,,
2355,389,32,4,2025-10-11,1,Withdrawn,,
2356,2259,46,1,2026-03-11,2,Rejected,,
2357,213,44,2,2025-05-07,3,Withdrawn,,
2358,887,19,1,2026-04-01,2,Rejected,,
2359,2749,16,3,2025-05-26,2,Rejected,,
2360,372,30,2,2025-03-12,3,Withdrawn,,
2361,1523,18,6,2025-12-24,1,Rejected,,
2362,2596,51,3,2026-05-03,1,Rejected,,
2363,647,13,1,2025-09-22,1,Rejected,,
2364,2125,45,5,2026-05-17,2,Rejected,,
2365,712,7,1,2025-06-04,2,Rejected,,
2366,207,52,6,2025-02-16,1,Rejected,,
2367,2988,40,2,2025-08-11,1,Withdrawn,,
2368,2800,9,1,2026-03-16,5,Hired,2026-05-12,57
2369,2192,14,2,2026-03-08,3,Rejected,,
2370,3098,2,6,2025-05-15,1,Rejected,,
2371,167,39,4,2025-08-28,2,Rejected,,
2372,2401,40,4,2025-05-20,1,Withdrawn,,
2373,3197,35,5,2025-02-03,1,Rejected,,
2374,1511,50,2,2025-10-13,1,Rejected,,
2375,1129,19,2,2026-01-03,3,Rejected,,
2376,2732,2,5,2026-01-07,1,Rejected,,
2377,486,49,3,2025-10-29,1,Rejected,,
2378,3020,19,3,2025-06-24,1,Rejected,,
2379,2811,25,1,2026-02-25,1,Rejected,,
2380,2204,23,1,2025-11-05,1,Rejected,,
2381,1519,2,1,2026-03-10,1,Rejected,,
2382,2173,54,2,2025-11-14,5,Hired,2025-12-11,27
2383,2036,32,1,2025-10-05,2,Rejected,,
2384,2366,1,1,2025-11-05,1,Rejected,,
2385,2303,22,2,2025-09-30,1,Rejected,,
2386,2427,17,4,2025-05-07,5,Hired,2025-06-01,25
2387,2325,13,4,2026-03-26,5,Hired,2026-04-24,29
2388,2514,25,5,2026-03-01,1,Rejected,,
2389,1213,58,2,2026-03-16,1,Rejected,,
2390,902,18,2,2026-03-22,4,Rejected,,
2391,717,33,1,2026-04-04,2,Rejected,,
2392,10,19,2,2026-05-14,1,Withdrawn,,
2393,1301,2,1,2026-05-28,1,Rejected,,
2394,2778,26,1,2025-02-18,1,Withdrawn,,
2395,2177,12,3,2025-02-16,5,Hired,2025-04-14,57
2396,1320,29,3,2026-05-16,2,Rejected,,
2397,724,41,1,2026-02-14,1,Rejected,,
2398,2223,48,1,2026-02-04,1,Rejected,,
2399,1377,43,3,2026-04-12,2,Rejected,,
2400,2346,11,2,2025-10-21,1,Rejected,,
2401,2675,49,4,2025-08-10,1,Rejected,,
2402,1567,58,1,2025-03-15,5,Hired,2025-04-19,35
2403,2702,10,4,2025-11-07,1,Rejected,,
2404,651,10,4,2025-02-28,1,Withdrawn,,
2405,51,58,2,2025-12-24,2,Rejected,,
2406,1185,60,3,2025-05-21,2,Withdrawn,,
2407,670,54,3,2026-01-27,1,Rejected,,
2408,103,44,2,2025-09-01,1,Rejected,,
2409,1485,66,4,2025-09-08,3,Rejected,,
2410,3061,15,2,2025-05-14,5,Hired,2025-06-22,39
2411,618,55,1,2026-03-03,2,Rejected,,
2412,1485,15,3,2026-03-04,1,Rejected,,
2413,259,27,3,2025-03-14,1,Rejected,,
2414,433,1,1,2026-04-21,1,Rejected,,
2415,2006,45,2,2025-07-17,2,Rejected,,
2416,1631,58,1,2025-02-01,3,Rejected,,
2417,1766,31,2,2025-01-06,1,Rejected,,
2418,439,11,1,2026-04-25,3,Rejected,,
2419,840,28,4,2025-05-31,2,Rejected,,
2420,874,27,2,2026-02-27,1,Rejected,,
2421,3063,31,3,2025-09-22,1,Rejected,,
2422,2730,15,1,2026-02-20,2,Rejected,,
2423,1468,47,1,2025-06-24,1,Rejected,,
2424,1759,46,4,2026-05-27,2,Rejected,,
2425,1255,60,3,2025-07-25,3,Rejected,,
2426,855,18,2,2025-10-25,1,Rejected,,
2427,1543,20,1,2026-03-17,1,Rejected,,
2428,346,65,1,2026-01-16,1,Rejected,,
2429,72,46,4,2025-10-17,1,Withdrawn,,
2430,1310,8,5,2025-06-12,3,Rejected,,
2431,883,41,1,2025-09-12,1,Rejected,,
2432,2106,4,2,2025-12-11,1,Rejected,,
2433,855,31,3,2025-06-15,1,Rejected,,
2434,1792,28,6,2025-10-02,2,Rejected,,
2435,811,4,5,2025-04-04,2,Rejected,,
2436,1838,9,1,2025-05-22,1,Rejected,,
2437,2446,63,5,2025-11-27,2,Rejected,,
2438,2678,8,4,2026-02-10,1,Rejected,,
2439,2275,36,2,2026-03-28,1,Rejected,,
2440,2897,44,4,2025-02-20,2,Rejected,,
2441,1464,65,3,2026-04-03,5,Hired,2026-05-04,31
2442,2042,40,1,2025-12-14,3,Rejected,,
2443,1186,37,2,2025-03-31,1,Rejected,,
2444,327,58,1,2025-08-31,3,Rejected,,
2445,724,16,4,2026-02-22,1,Rejected,,
2446,861,19,6,2026-04-02,3,Rejected,,
2447,2948,49,3,2025-04-06,1,Rejected,,
2448,603,26,2,2025-12-10,2,Rejected,,
2449,2037,28,1,2025-08-31,2,Withdrawn,,
2450,794,31,6,2025-05-27,1,Rejected,,
2451,1698,6,1,2025-12-16,1,Rejected,,
2452,2690,50,3,2026-01-21,1,Rejected,,
2453,1123,30,2,2025-03-09,5,Hired,2025-04-14,36
2454,631,22,6,2026-05-05,1,Withdrawn,,
2455,1464,20,4,2025-09-16,1,Rejected,,
2456,577,66,3,2026-04-12,1,Rejected,,
2457,376,56,1,2025-08-19,3,Rejected,,
2458,2310,6,3,2025-04-14,2,Rejected,,
2459,1965,5,3,2025-11-23,1,Rejected,,
2460,351,19,1,2025-07-30,5,Hired,2025-08-21,22
2461,1997,38,2,2025-06-03,2,Rejected,,
2462,1308,55,4,2025-02-04,1,Rejected,,
2463,555,14,6,2025-05-04,1,Rejected,,
2464,1603,26,2,2025-02-17,1,Rejected,,
2465,166,31,4,2026-03-03,1,Rejected,,
2466,1523,22,2,2025-02-05,1,Withdrawn,,
2467,100,8,1,2025-08-09,1,Rejected,,
2468,2447,21,3,2025-11-04,1,Rejected,,
2469,2702,56,5,2025-03-04,1,Rejected,,
2470,1142,9,2,2026-04-16,1,Withdrawn,,
2471,515,20,2,2025-10-23,5,Hired,2025-11-13,21
2472,880,37,1,2026-04-19,1,Rejected,,
2473,311,21,1,2025-06-10,1,Rejected,,
2474,14,42,5,2026-04-08,5,Hired,2026-05-17,39
2475,24,58,4,2025-03-11,2,Rejected,,
2476,2812,51,1,2025-05-28,3,Rejected,,
2477,2251,50,5,2025-04-24,2,Rejected,,
2478,2152,31,1,2025-11-07,1,Rejected,,
2479,1516,53,4,2026-03-04,5,Hired,2026-04-06,33
2480,2236,63,4,2025-03-07,2,Rejected,,
2481,479,34,1,2025-08-17,4,Rejected,,
2482,1715,24,4,2025-07-12,2,Rejected,,
2483,1971,22,3,2025-08-21,3,Rejected,,
2484,2476,60,1,2025-09-08,5,Hired,2025-10-11,33
2485,2365,24,2,2025-03-26,1,Rejected,,
2486,1586,64,1,2026-03-12,5,Hired,2026-04-13,32
2487,427,51,4,2025-05-01,1,Rejected,,
2488,1264,8,1,2026-04-12,1,Rejected,,
2489,3178,41,2,2025-03-21,1,Rejected,,
2490,478,45,3,2025-10-20,5,Hired,2025-11-14,25
2491,1543,22,1,2026-05-04,1,Rejected,,
2492,538,24,6,2025-04-13,2,Rejected,,
2493,1029,10,2,2026-01-22,2,Rejected,,
2494,2198,46,3,2025-06-11,1,Rejected,,
2495,1461,6,1,2026-01-14,1,Rejected,,
2496,2649,31,1,2025-08-28,1,Rejected,,
2497,2341,19,1,2026-05-04,2,Rejected,,
2498,2106,12,2,2025-05-14,5,Hired,2025-06-20,37
2499,1154,16,4,2026-01-01,1,Rejected,,
2500,2022,34,4,2025-09-21,1,Rejected,,
2501,1119,6,5,2025-05-22,1,Rejected,,
2502,2421,23,5,2025-12-27,3,Rejected,,
2503,1117,22,1,2026-03-07,5,Hired,2026-04-08,32
2504,225,27,3,2025-03-19,1,Rejected,,
2505,1544,37,4,2025-03-27,1,Rejected,,
2506,74,42,3,2025-06-06,2,Rejected,,
2507,1902,63,2,2025-03-05,1,Rejected,,
2508,126,48,1,2026-01-25,2,Rejected,,
2509,2214,10,6,2025-06-08,1,Withdrawn,,
2510,2563,55,4,2026-04-08,1,Rejected,,
2511,2345,19,4,2025-02-16,1,Rejected,,
2512,2295,54,2,2026-03-11,2,Rejected,,
2513,697,1,4,2025-07-07,1,Rejected,,
2514,2592,19,4,2025-03-05,5,Hired,2025-04-02,28
2515,2324,64,1,2026-03-15,1,Rejected,,
2516,610,25,5,2025-03-06,1,Rejected,,
2517,1708,31,2,2025-11-27,1,Rejected,,
2518,140,1,1,2025-11-24,3,Rejected,,
2519,884,12,4,2025-07-21,3,Rejected,,
2520,338,9,1,2026-03-22,1,Rejected,,
2521,3090,67,3,2025-03-02,1,Rejected,,
2522,2735,34,2,2026-05-28,1,Rejected,,
2523,3180,18,3,2025-05-12,2,Rejected,,
2524,697,64,1,2025-03-21,1,Rejected,,
2525,2151,55,3,2025-07-02,2,Withdrawn,,
2526,2650,48,4,2025-10-05,1,Rejected,,
2527,1428,1,5,2025-03-10,1,Withdrawn,,
2528,2209,1,1,2025-01-28,2,Withdrawn,,
2529,1864,42,3,2025-01-04,2,Rejected,,
2530,2349,67,4,2025-10-03,2,Withdrawn,,
2531,1570,4,2,2025-08-20,1,Rejected,,
2532,1151,55,2,2025-06-13,1,Rejected,,
2533,990,57,1,2025-09-10,2,Rejected,,
2534,2682,24,2,2025-12-16,1,Withdrawn,,
2535,1957,17,3,2025-08-14,1,Rejected,,
2536,1116,21,5,2025-09-07,1,Rejected,,
2537,2001,16,4,2025-07-20,1,Rejected,,
2538,1650,59,4,2025-01-22,1,Rejected,,
2539,2584,6,3,2025-04-22,1,Rejected,,
2540,2163,15,3,2025-11-18,5,Hired,2026-01-08,51
2541,762,12,5,2025-10-07,1,Rejected,,
2542,1132,5,3,2026-01-20,3,Rejected,,
2543,2855,18,2,2025-08-06,1,Rejected,,
2544,502,43,1,2025-04-09,3,Rejected,,
2545,2378,58,2,2026-05-23,2,Rejected,,
2546,970,28,5,2026-01-25,1,Rejected,,
2547,3173,11,5,2025-03-30,5,Hired,2025-05-08,39
2548,2584,52,6,2025-05-26,5,Hired,2025-06-20,25
2549,968,57,1,2025-09-05,5,Hired,2025-10-02,27
2550,78,22,3,2025-01-03,2,Rejected,,
2551,98,22,3,2026-03-12,1,Rejected,,
2552,235,29,1,2025-12-06,5,Hired,2026-01-01,26
2553,1879,9,3,2026-05-21,1,Rejected,,
2554,1994,19,3,2025-05-17,1,Rejected,,
2555,2262,49,5,2026-02-12,3,Rejected,,
2556,2522,22,4,2025-08-26,1,Rejected,,
2557,3013,50,3,2025-06-22,2,Rejected,,
2558,3185,35,6,2025-12-13,5,Hired,2026-01-21,39
2559,2784,8,1,2025-07-13,1,Withdrawn,,
2560,2372,1,6,2026-03-12,1,Rejected,,
2561,2675,12,2,2025-08-07,2,Withdrawn,,
2562,1075,6,2,2025-03-10,1,Rejected,,
2563,275,34,1,2025-07-27,1,Rejected,,
2564,1713,14,4,2026-02-16,1,Rejected,,
2565,219,53,2,2026-05-03,1,Rejected,,
2566,1909,19,1,2025-04-02,2,Rejected,,
2567,711,69,5,2026-04-05,1,Rejected,,
2568,2831,23,5,2025-11-06,1,Rejected,,
2569,886,8,3,2025-09-29,1,Withdrawn,,
2570,2693,7,2,2025-03-28,2,Rejected,,
2571,2372,24,4,2025-05-21,1,Rejected,,
2572,107,60,6,2026-05-08,5,Hired,2026-06-15,38
2573,2255,17,1,2025-10-27,1,Rejected,,
2574,213,37,4,2025-11-25,1,Rejected,,
2575,2202,64,4,2025-12-19,3,Rejected,,
2576,962,39,1,2026-01-27,1,Rejected,,
2577,2024,25,3,2025-12-24,4,Rejected,,
2578,1878,38,1,2026-05-11,2,Rejected,,
2579,2701,48,3,2025-03-13,1,Rejected,,
2580,2363,37,3,2025-09-29,3,Rejected,,
2581,2672,54,1,2025-03-27,1,Rejected,,
2582,1122,46,3,2025-04-18,4,Rejected,,
2583,3073,26,2,2025-04-25,1,Rejected,,
2584,3188,38,1,2025-05-16,5,Hired,2025-06-20,35
2585,3032,50,2,2025-06-15,2,Rejected,,
2586,473,32,3,2025-05-11,5,Hired,2025-06-20,40
2587,2963,53,2,2025-12-09,1,Rejected,,
2588,851,11,4,2025-08-07,2,Rejected,,
2589,2651,10,2,2025-12-16,2,Rejected,,
2590,1133,14,1,2025-10-16,3,Rejected,,
2591,1113,44,1,2025-04-18,1,Rejected,,
2592,1652,38,6,2025-05-18,2,Withdrawn,,
2593,5,39,2,2026-01-17,1,Rejected,,
2594,847,10,1,2026-01-02,2,Rejected,,
2595,2269,20,4,2025-07-17,2,Rejected,,
2596,1265,2,2,2025-09-23,2,Rejected,,
2597,1898,54,3,2025-08-24,3,Rejected,,
2598,1193,32,1,2025-02-13,5,Hired,2025-03-09,24
2599,2539,55,3,2025-01-01,1,Rejected,,
2600,2847,31,1,2025-08-11,5,Hired,2025-09-15,35
2601,996,20,2,2025-01-07,5,Hired,2025-02-03,27
2602,2742,16,3,2025-11-25,1,Rejected,,
2603,2851,15,1,2025-10-29,1,Rejected,,
2604,662,67,2,2025-07-14,1,Rejected,,
2605,2056,41,6,2025-07-04,3,Rejected,,
2606,1146,42,4,2025-11-17,1,Rejected,,
2607,2677,26,2,2025-11-08,1,Rejected,,
2608,942,57,1,2025-11-14,3,Rejected,,
2609,3191,51,4,2025-07-14,1,Rejected,,
2610,2375,63,2,2025-08-15,1,Rejected,,
2611,1659,18,1,2025-09-13,2,Rejected,,
2612,1504,20,3,2026-02-07,1,Rejected,,
2613,2669,28,3,2025-05-15,1,Rejected,,
2614,1708,30,4,2025-06-08,1,Rejected,,
2615,2681,41,1,2026-05-24,1,Rejected,,
2616,2183,4,4,2025-01-14,1,Withdrawn,,
2617,1250,8,6,2026-01-29,3,Rejected,,
2618,1679,10,3,2025-11-29,1,Rejected,,
2619,1549,46,3,2025-04-15,2,Rejected,,
2620,1796,35,5,2025-11-11,1,Rejected,,
2621,2261,2,5,2025-05-13,1,Rejected,,
2622,2503,65,2,2026-02-06,2,Rejected,,
2623,2102,43,4,2026-05-15,1,Rejected,,
2624,1613,21,4,2025-06-08,2,Rejected,,
2625,2930,9,2,2025-06-06,2,Rejected,,
2626,2978,63,2,2026-05-16,2,Rejected,,
2627,388,15,1,2025-05-16,1,Rejected,,
2628,1120,29,2,2026-04-05,2,Rejected,,
2629,1620,25,2,2025-12-08,1,Rejected,,
2630,167,12,1,2026-02-22,1,Rejected,,
2631,1146,19,4,2025-08-01,1,Withdrawn,,
2632,679,62,1,2025-06-13,3,Rejected,,
2633,777,63,1,2025-03-17,2,Withdrawn,,
2634,834,47,1,2025-08-06,1,Rejected,,
2635,2912,11,1,2026-01-16,1,Rejected,,
2636,2439,13,1,2025-08-18,1,Rejected,,
2637,1721,30,3,2025-11-02,1,Rejected,,
2638,1104,12,3,2025-04-25,1,Rejected,,
2639,866,5,1,2026-03-29,1,Rejected,,
2640,2940,24,5,2026-02-19,1,Rejected,,
2641,1065,19,2,2025-10-09,2,Rejected,,
2642,2227,20,3,2025-01-28,3,Withdrawn,,
2643,287,58,4,2026-03-04,1,Rejected,,
2644,3092,6,1,2026-04-26,1,Rejected,,
2645,502,2,1,2025-05-07,1,Withdrawn,,
2646,798,53,1,2026-03-03,3,Rejected,,
2647,3142,48,4,2025-07-27,1,Rejected,,
2648,1047,18,3,2025-05-03,1,Rejected,,
2649,3097,11,4,2025-11-07,2,Rejected,,
2650,2494,36,1,2025-02-24,3,Rejected,,
2651,2922,44,1,2025-10-01,1,Rejected,,
2652,347,28,1,2025-07-25,2,Rejected,,
2653,3152,41,3,2026-02-25,1,Withdrawn,,
2654,1817,5,6,2025-12-02,1,Rejected,,
2655,752,43,2,2025-03-31,1,Rejected,,
2656,2779,60,5,2025-01-05,2,Rejected,,
2657,50,9,1,2026-05-07,1,Rejected,,
2658,759,12,3,2025-05-24,3,Rejected,,
2659,3075,25,1,2025-11-26,2,Rejected,,
2660,468,50,3,2025-06-08,1,Withdrawn,,
2661,79,46,2,2025-10-23,1,Rejected,,
2662,407,29,3,2026-04-22,1,Rejected,,
2663,177,57,1,2025-07-08,2,Rejected,,
2664,1816,58,1,2025-10-26,1,Rejected,,
2665,1888,29,3,2025-10-10,2,Withdrawn,,
2666,1149,44,4,2025-11-28,1,Rejected,,
2667,1299,19,3,2025-10-03,1,Rejected,,
2668,1954,7,1,2025-08-07,1,Rejected,,
2669,2204,64,6,2025-12-02,3,Rejected,,
2670,1451,17,2,2025-11-30,1,Rejected,,
2671,283,29,1,2026-04-16,1,Rejected,,
2672,1253,36,4,2025-04-07,1,Rejected,,
2673,1104,11,1,2025-04-08,3,Rejected,,
2674,315,51,6,2025-07-31,1,Rejected,,
2675,2551,67,1,2026-05-16,3,Rejected,,
2676,2444,22,4,2025-03-20,1,Rejected,,
2677,258,40,6,2025-03-28,2,Rejected,,
2678,1848,10,5,2026-04-25,1,Withdrawn,,
2679,2398,56,6,2025-03-22,2,Rejected,,
2680,188,24,4,2025-07-31,1,Rejected,,
2681,453,61,6,2026-04-07,1,Rejected,,
2682,1277,39,4,2026-02-11,5,Hired,2026-03-24,41
2683,328,34,1,2025-04-28,2,Rejected,,
2684,2323,2,1,2025-08-03,1,Withdrawn,,
2685,789,28,3,2025-12-11,3,Rejected,,
2686,341,21,1,2026-04-19,5,Hired,2026-05-18,29
2687,262,67,1,2025-03-12,1,Rejected,,
2688,964,6,1,2025-05-31,1,Rejected,,
2689,1644,23,4,2025-11-22,1,Rejected,,
2690,929,66,3,2026-02-08,1,Rejected,,
2691,958,23,4,2025-05-30,1,Rejected,,
2692,2945,21,4,2025-11-23,5,Hired,2025-12-22,29
2693,878,8,4,2025-02-08,5,Hired,2025-03-27,47
2694,2936,60,4,2026-01-16,1,Rejected,,
2695,3181,24,1,2026-01-11,1,Rejected,,
2696,2656,39,4,2025-03-30,5,Hired,2025-05-04,35
2697,2607,52,2,2025-12-28,2,Rejected,,
2698,1962,38,3,2025-10-18,1,Rejected,,
2699,2951,20,2,2025-09-07,5,Hired,2025-10-07,30
2700,2134,15,3,2025-02-19,1,Rejected,,
2701,2386,43,1,2025-09-14,1,Rejected,,
2702,1789,44,3,2026-03-03,1,Rejected,,
2703,2487,60,1,2025-04-09,2,Rejected,,
2704,2436,53,4,2025-09-10,1,Rejected,,
2705,523,45,5,2025-03-05,2,Rejected,,
2706,2358,33,1,2025-09-28,2,Rejected,,
2707,919,30,6,2025-11-13,2,Rejected,,
2708,130,47,1,2025-09-12,1,Rejected,,
2709,2187,35,1,2025-08-12,1,Rejected,,
2710,1095,5,1,2026-04-27,2,Rejected,,
2711,2914,13,6,2025-05-12,1,Rejected,,
2712,2689,41,3,2025-11-14,1,Rejected,,
2713,2038,1,4,2025-11-20,2,Rejected,,
2714,2194,7,2,2025-06-08,2,Rejected,,
2715,1054,48,4,2025-09-23,1,Rejected,,
2716,93,8,2,2025-04-09,2,Rejected,,
2717,2152,57,3,2025-09-17,5,Hired,2025-10-18,31
2718,1732,8,1,2026-02-11,5,Hired,2026-03-20,37
2719,3139,24,2,2025-08-18,1,Rejected,,
2720,1908,21,2,2025-04-30,2,Rejected,,
2721,165,34,2,2025-11-12,2,Rejected,,
2722,1524,59,2,2025-02-10,3,Rejected,,
2723,804,55,3,2026-02-01,1,Rejected,,
2724,408,45,3,2026-05-21,1,Rejected,,
2725,1501,8,5,2025-05-25,1,Rejected,,
2726,1797,21,1,2025-06-16,1,Rejected,,
2727,2376,4,1,2026-04-05,1,Rejected,,
2728,1156,7,4,2026-03-15,1,Rejected,,
2729,515,11,1,2025-03-29,2,Rejected,,
2730,1392,58,4,2025-03-20,2,Rejected,,
2731,2293,57,4,2026-04-12,3,Rejected,,
2732,203,62,1,2026-01-10,5,Hired,2026-02-20,41
2733,1436,19,3,2025-04-25,1,Rejected,,
2734,1001,16,5,2025-12-15,1,Rejected,,
2735,1753,32,1,2026-01-03,3,Rejected,,
2736,2681,6,5,2025-11-01,2,Rejected,,
2737,1069,41,2,2025-10-07,1,Withdrawn,,
2738,934,31,3,2025-10-06,1,Rejected,,
2739,3187,2,4,2025-01-20,1,Rejected,,
2740,800,3,1,2025-03-05,1,Withdrawn,,
2741,586,11,5,2025-04-14,2,Rejected,,
2742,2704,1,4,2025-07-06,3,Withdrawn,,
2743,460,61,1,2026-04-02,1,Rejected,,
2744,1081,1,6,2025-11-12,2,Rejected,,
2745,1418,18,3,2026-01-27,5,Hired,2026-03-03,35
2746,2640,64,6,2025-06-06,2,Rejected,,
2747,965,11,2,2025-07-17,3,Rejected,,
2748,2893,9,1,2026-04-13,2,Rejected,,
2749,1486,4,3,2025-07-10,2,Rejected,,
2750,3102,49,1,2026-04-23,1,Rejected,,
2751,497,19,6,2026-03-29,2,Rejected,,
2752,2139,6,1,2025-07-01,1,Rejected,,
2753,554,32,1,2025-10-02,1,Rejected,,
2754,2518,25,1,2025-09-26,2,Rejected,,
2755,1152,10,5,2026-05-09,1,Rejected,,
2756,1721,41,1,2025-12-01,2,Rejected,,
2757,78,40,2,2025-03-22,5,Hired,2025-04-30,39
2758,2852,67,1,2025-05-17,1,Rejected,,
2759,3026,20,6,2026-02-05,1,Rejected,,
2760,2238,5,4,2025-12-17,3,Rejected,,
2761,1888,22,3,2025-01-14,1,Rejected,,
2762,909,47,1,2026-02-12,1,Rejected,,
2763,1941,52,1,2025-10-07,5,Hired,2025-10-31,24
2764,1805,23,3,2026-02-09,5,Hired,2026-03-11,30
2765,608,52,4,2025-01-05,4,Rejected,,
2766,3034,52,3,2025-12-31,1,Rejected,,
2767,2665,30,3,2026-02-02,5,Hired,2026-03-08,34
2768,1952,15,1,2026-03-05,2,Rejected,,
2769,2949,9,2,2025-11-17,5,Hired,2026-01-05,49
2770,100,50,5,2025-06-15,2,Rejected,,
2771,1226,60,2,2026-02-21,1,Rejected,,
2772,853,42,4,2025-06-24,1,Rejected,,
2773,3198,32,3,2026-02-09,1,Rejected,,
2774,1214,10,6,2026-01-13,5,Hired,2026-02-25,43
2775,2048,5,6,2025-09-28,1,Rejected,,
2776,2688,33,3,2025-03-22,1,Rejected,,
2777,706,36,1,2025-07-29,3,Rejected,,
2778,2258,11,4,2026-04-25,1,Rejected,,
2779,2251,24,3,2025-08-21,1,Rejected,,
2780,3124,13,4,2025-01-17,1,Rejected,,
2781,2204,8,3,2025-11-30,5,Hired,2026-01-17,48
2782,2282,6,6,2025-02-25,2,Rejected,,
2783,1708,66,3,2025-01-05,2,Rejected,,
2784,2065,5,1,2026-03-19,1,Withdrawn,,
2785,2314,14,3,2025-06-29,2,Rejected,,
2786,1038,21,1,2025-10-16,2,Rejected,,
2787,2793,6,3,2025-12-18,2,Rejected,,
2788,2521,39,1,2025-10-27,3,Rejected,,
2789,1581,1,4,2026-01-27,1,Rejected,,
2790,2648,21,3,2025-04-07,5,Hired,2025-05-06,29
2791,2801,24,2,2026-01-31,3,Rejected,,
2792,1849,23,1,2026-05-07,2,Rejected,,
2793,2630,57,1,2025-01-13,3,Rejected,,
2794,2032,18,3,2026-03-22,2,Rejected,,
2795,1076,58,2,2025-07-07,1,Rejected,,
2796,1319,41,1,2025-09-15,1,Rejected,,
2797,1959,20,1,2025-09-06,2,Rejected,,
2798,2079,3,1,2026-02-25,1,Rejected,,
2799,278,57,5,2025-05-23,1,Rejected,,
2800,2308,20,1,2025-03-02,3,Rejected,,
2801,74,30,2,2025-07-18,1,Rejected,,
2802,2799,7,1,2026-03-08,1,Rejected,,
2803,2956,40,1,2026-05-12,3,Rejected,,
2804,2763,23,4,2025-04-11,3,Rejected,,
2805,460,49,2,2025-09-20,1,Rejected,,
2806,832,13,6,2025-07-23,5,Hired,2025-08-31,39
2807,1690,3,2,2025-11-24,2,Rejected,,
2808,2235,21,5,2025-12-08,1,Rejected,,
2809,2,25,3,2025-05-06,1,Rejected,,
2810,1801,15,6,2025-04-05,1,Rejected,,
2811,3077,23,1,2026-03-01,1,Rejected,,
2812,3088,11,6,2025-07-26,1,Rejected,,
2813,1629,22,1,2025-01-17,2,Withdrawn,,
2814,400,6,3,2026-04-30,2,Rejected,,
2815,2094,51,3,2026-05-20,2,Rejected,,
2816,2788,46,4,2026-03-22,1,Rejected,,
2817,3004,27,1,2025-10-21,2,Rejected,,
2818,86,52,4,2026-01-30,1,Rejected,,
2819,3007,39,4,2025-09-24,5,Hired,2025-10-26,32
2820,125,50,1,2025-11-10,1,Rejected,,
2821,134,49,6,2026-05-03,1,Rejected,,
2822,2022,3,2,2025-02-15,2,Withdrawn,,
2823,2887,57,4,2025-06-22,1,Rejected,,
2824,3018,16,3,2025-03-12,1,Rejected,,
2825,3047,25,2,2025-11-21,1,Withdrawn,,
2826,1017,59,5,2025-07-01,1,Rejected,,
2827,666,12,3,2025-05-01,2,Rejected,,
2828,662,57,1,2025-09-27,3,Rejected,,
2829,808,36,1,2026-01-05,1,Rejected,,
2830,1475,22,3,2025-07-03,1,Rejected,,
2831,3028,69,4,2025-01-15,5,Hired,2025-02-14,30
2832,679,26,6,2025-04-01,3,Rejected,,
2833,781,56,4,2026-03-21,1,Rejected,,
2834,1546,14,2,2025-01-29,2,Rejected,,
2835,1264,33,5,2025-08-05,1,Rejected,,
2836,1452,19,4,2026-04-24,1,Rejected,,
2837,2924,19,5,2025-04-28,1,Rejected,,
2838,124,31,3,2025-08-04,1,Rejected,,
2839,1617,46,2,2026-01-22,2,Rejected,,
2840,1056,13,2,2025-06-21,2,Rejected,,
2841,378,63,2,2025-08-07,1,Withdrawn,,
2842,646,2,3,2025-07-05,1,Rejected,,
2843,1258,60,1,2025-06-30,5,Hired,2025-07-26,26
2844,2673,58,1,2025-10-18,1,Rejected,,
2845,519,47,6,2025-04-10,2,Rejected,,
2846,2533,2,5,2025-11-06,3,Rejected,,
2847,1078,3,1,2025-09-27,5,Hired,2025-10-29,32
2848,48,46,2,2025-05-24,1,Rejected,,
2849,750,66,1,2025-01-01,3,Rejected,,
2850,2702,66,2,2026-01-16,3,Rejected,,
2851,1651,24,5,2025-08-28,1,Rejected,,
2852,1004,8,5,2025-04-07,5,Hired,2025-05-25,48
2853,2205,9,1,2026-04-17,1,Rejected,,
2854,771,1,1,2025-05-24,1,Rejected,,
2855,641,16,3,2025-06-15,2,Rejected,,
2856,1423,18,1,2025-02-07,1,Rejected,,
2857,425,51,3,2025-07-08,2,Withdrawn,,
2858,1798,19,4,2025-06-11,5,Hired,2025-07-04,23
2859,290,19,3,2025-01-05,5,Hired,2025-01-23,18
2860,1226,56,1,2025-10-14,1,Rejected,,
2861,227,58,4,2025-03-25,4,Rejected,,
2862,1254,14,5,2025-10-05,1,Rejected,,
2863,361,14,3,2025-10-16,1,Rejected,,
2864,2939,59,1,2026-02-02,1,Rejected,,
2865,2386,16,6,2025-10-12,2,Rejected,,
2866,2080,55,6,2025-05-13,2,Rejected,,
2867,10,2,4,2025-06-05,2,Withdrawn,,
2868,2558,17,1,2025-11-16,2,Rejected,,
2869,2317,53,5,2025-03-14,5,Hired,2025-04-12,29
2870,1937,26,2,2025-11-04,1,Rejected,,
2871,1265,30,4,2025-10-26,3,Withdrawn,,
2872,1042,22,2,2026-01-31,2,Rejected,,
2873,934,66,2,2025-12-27,1,Rejected,,
2874,345,27,6,2025-03-12,1,Rejected,,
2875,1147,25,6,2025-12-16,1,Rejected,,
2876,105,18,3,2025-11-27,3,Rejected,,
2877,1914,68,2,2025-06-30,2,Rejected,,
2878,2345,63,4,2026-01-30,1,Rejected,,
2879,2412,8,1,2025-11-03,1,Withdrawn,,
2880,2475,2,2,2026-03-12,1,Rejected,,
2881,2350,23,3,2025-11-02,2,Withdrawn,,
2882,882,46,4,2026-04-17,1,Rejected,,
2883,1968,11,1,2025-09-27,1,Rejected,,
2884,2540,16,1,2025-08-31,2,Rejected,,
2885,2379,27,1,2026-02-27,3,Rejected,,
2886,1734,54,5,2025-04-12,5,Hired,2025-05-13,31
2887,191,57,6,2026-03-22,1,Rejected,,
2888,958,1,2,2025-05-14,1,Rejected,,
2889,1000,52,6,2025-09-01,1,Rejected,,
2890,1098,5,1,2025-10-12,1,Rejected,,
2891,2792,19,5,2025-10-06,3,Rejected,,
2892,2478,58,1,2026-01-26,1,Rejected,,
2893,1552,44,1,2025-05-16,1,Rejected,,
2894,2711,69,2,2025-07-11,1,Rejected,,
2895,2841,53,3,2025-04-18,1,Rejected,,
2896,2850,36,3,2025-01-05,2,Rejected,,
2897,1413,12,2,2026-02-01,2,Rejected,,
2898,1085,40,5,2025-04-20,3,Rejected,,
2899,2266,66,1,2025-08-14,1,Rejected,,
2900,2259,27,3,2025-08-03,2,Rejected,,
2901,536,22,5,2025-06-06,2,Rejected,,
2902,2937,15,1,2026-01-28,1,Rejected,,
2903,1606,15,1,2025-11-25,1,Rejected,,
2904,485,45,3,2025-08-10,2,Rejected,,
2905,2681,20,3,2026-05-08,3,Rejected,,
2906,328,66,3,2025-07-05,1,Rejected,,
2907,645,12,4,2026-02-19,3,Rejected,,
2908,987,62,5,2025-03-23,1,Rejected,,
2909,1726,23,5,2025-02-20,2,Rejected,,
2910,1257,26,2,2025-10-28,4,Rejected,,
2911,391,38,1,2025-02-14,1,Rejected,,
2912,756,60,3,2026-04-30,1,Rejected,,
2913,1521,19,1,2025-12-08,3,Rejected,,
2914,1448,20,5,2025-03-04,2,Rejected,,
2915,2020,17,3,2025-09-12,2,Rejected,,
2916,1832,23,1,2025-02-05,2,Rejected,,
2917,967,21,6,2026-04-15,1,Withdrawn,,
2918,1057,10,1,2026-03-11,1,Rejected,,
2919,2798,51,5,2025-04-27,2,Rejected,,
2920,659,9,3,2026-01-26,1,Rejected,,
2921,1990,25,6,2026-04-13,1,Rejected,,
2922,1776,54,1,2025-07-27,2,Rejected,,
2923,2452,24,3,2026-05-13,1,Rejected,,
2924,562,7,4,2025-02-02,1,Rejected,,
2925,3136,10,1,2025-12-17,1,Rejected,,
2926,1373,67,1,2025-09-24,1,Rejected,,
2927,2686,17,6,2025-12-18,1,Rejected,,
2928,1426,20,2,2025-04-12,1,Rejected,,
2929,1407,3,1,2025-09-30,1,Rejected,,
2930,1900,9,1,2025-11-03,2,Rejected,,
2931,2580,10,2,2025-06-17,2,Rejected,,
2932,2685,53,5,2025-08-30,3,Rejected,,
2933,1421,22,4,2025-06-23,3,Rejected,,
2934,2693,26,2,2025-07-05,1,Rejected,,
2935,626,18,2,2025-05-20,2,Rejected,,
2936,99,47,3,2025-03-31,5,Hired,2025-05-09,39
2937,3170,36,2,2025-05-08,1,Rejected,,
2938,638,6,1,2025-10-20,2,Rejected,,
2939,2481,19,3,2026-04-28,2,Withdrawn,,
2940,2800,15,1,2026-01-21,2,Rejected,,
2941,1946,6,1,2026-02-26,1,Rejected,,
2942,2806,45,1,2025-06-11,1,Rejected,,
2943,1510,44,5,2026-03-03,1,Rejected,,
2944,262,46,1,2025-10-01,3,Rejected,,
2945,2367,58,2,2025-01-26,3,Rejected,,
2946,56,13,1,2025-08-26,5,Hired,2025-10-15,50
2947,735,10,1,2026-02-22,1,Rejected,,
2948,590,32,6,2025-01-18,3,Rejected,,
2949,2984,51,6,2026-02-06,1,Rejected,,
2950,2386,20,3,2026-05-07,1,Rejected,,
2951,2660,3,2,2025-07-06,1,Rejected,,
2952,2802,10,4,2025-05-08,3,Rejected,,
2953,1450,55,5,2026-01-16,2,Rejected,,
2954,839,66,4,2025-09-19,1,Rejected,,
2955,3017,38,1,2026-02-20,3,Rejected,,
2956,418,45,4,2026-03-15,1,Rejected,,
2957,1555,19,4,2026-04-23,1,Rejected,,
2958,1417,4,1,2025-01-07,2,Rejected,,
2959,2700,1,1,2025-08-28,1,Rejected,,
2960,2242,16,2,2025-05-03,1,Rejected,,
2961,1530,37,5,2026-01-22,1,Rejected,,
2962,2337,22,2,2025-09-18,5,Hired,2025-10-17,29
2963,720,54,4,2026-03-10,1,Rejected,,
2964,1519,25,3,2025-09-03,3,Rejected,,
2965,478,54,3,2026-02-10,2,Rejected,,
2966,2033,54,2,2025-10-11,2,Withdrawn,,
2967,2253,55,1,2025-08-23,3,Rejected,,
2968,1081,17,1,2025-05-15,1,Rejected,,
2969,1297,53,1,2025-04-22,5,Hired,2025-05-11,19
2970,1762,39,4,2025-07-17,1,Rejected,,
2971,992,9,1,2025-06-23,1,Rejected,,
2972,2447,7,1,2025-04-06,1,Rejected,,
2973,243,20,4,2025-01-28,3,Rejected,,
2974,2449,56,3,2026-05-01,1,Rejected,,
2975,1619,44,3,2025-08-20,1,Rejected,,
2976,1206,20,3,2025-11-21,1,Rejected,,
2977,650,12,1,2025-02-04,3,Rejected,,
2978,1925,46,2,2026-01-05,1,Rejected,,
2979,1032,31,2,2025-04-22,3,Rejected,,
2980,1828,25,1,2025-12-30,1,Rejected,,
2981,1440,18,3,2025-07-30,1,Rejected,,
2982,2444,11,2,2026-04-21,1,Rejected,,
2983,3090,51,3,2025-07-04,1,Rejected,,
2984,2293,69,3,2026-01-19,1,Rejected,,
2985,2427,48,2,2025-08-12,1,Rejected,,
2986,392,32,5,2026-02-06,2,Rejected,,
2987,2918,22,1,2026-04-03,1,Rejected,,
2988,1507,59,1,2026-03-03,3,Rejected,,
2989,1417,29,3,2025-11-26,3,Rejected,,
2990,2799,22,6,2025-08-11,2,Rejected,,
2991,631,13,3,2026-02-23,4,Rejected,,
2992,1721,55,5,2025-04-29,5,Hired,2025-05-22,23
2993,874,45,3,2025-09-17,2,Rejected,,
2994,1483,48,3,2025-01-06,1,Rejected,,
2995,798,68,2,2025-01-12,1,Rejected,,
2996,2985,56,4,2026-04-14,3,Rejected,,
2997,2364,12,4,2025-03-27,3,Rejected,,
2998,366,62,4,2026-03-16,1,Rejected,,
2999,2593,40,3,2025-03-31,2,Rejected,,
3000,1294,51,3,2026-04-04,1,Rejected,,
3001,2678,23,2,2026-04-14,2,Rejected,,
3002,1092,26,4,2026-01-12,1,Rejected,,
3003,875,6,1,2026-05-15,1,Rejected,,
3004,2121,58,2,2025-06-26,2,Rejected,,
3005,1384,43,3,2025-05-03,1,Rejected,,
3006,936,29,2,2025-02-05,2,Rejected,,
3007,1484,60,3,2026-03-25,5,Hired,2026-05-02,38
3008,566,50,6,2025-05-19,3,Withdrawn,,
3009,1007,61,1,2025-02-08,5,Hired,2025-03-12,32
3010,2547,46,4,2026-02-12,1,Rejected,,
3011,124,13,1,2025-12-11,1,Rejected,,
3012,2978,13,5,2025-09-26,2,Rejected,,
3013,1055,31,3,2025-06-24,1,Rejected,,
3014,2200,38,6,2025-08-09,2,Rejected,,
3015,1611,48,2,2026-04-28,1,Rejected,,
3016,2678,4,2,2025-03-03,1,Rejected,,
3017,1931,43,2,2026-05-31,1,Rejected,,
3018,2602,15,1,2025-04-02,3,Rejected,,
3019,3067,59,1,2025-07-25,1,Rejected,,
3020,1520,36,2,2025-12-15,1,Rejected,,
3021,2744,23,4,2025-03-31,1,Rejected,,
3022,1118,17,2,2025-06-12,1,Rejected,,
3023,1699,57,5,2025-02-09,1,Rejected,,
3024,2444,24,1,2025-06-14,1,Rejected,,
3025,256,19,4,2025-02-23,2,Rejected,,
3026,2108,60,4,2026-01-26,2,Rejected,,
3027,3018,52,1,2025-01-17,5,Hired,2025-02-23,37
3028,2977,45,2,2025-05-10,1,Rejected,,
3029,3017,45,1,2025-06-06,2,Withdrawn,,
3030,2471,5,2,2026-04-24,1,Rejected,,
3031,1899,31,6,2026-01-21,2,Rejected,,
3032,523,38,1,2026-02-25,2,Rejected,,
3033,932,13,2,2025-03-29,3,Rejected,,
3034,1341,22,4,2025-02-17,1,Rejected,,
3035,2388,45,3,2026-02-26,1,Withdrawn,,
3036,2602,28,1,2025-08-24,1,Rejected,,
3037,217,20,4,2025-02-04,2,Rejected,,
3038,2642,23,1,2026-02-23,2,Withdrawn,,
3039,1880,40,5,2026-03-30,1,Rejected,,
3040,2132,46,3,2025-07-25,1,Rejected,,
3041,826,18,1,2025-05-26,3,Rejected,,
3042,1144,13,2,2026-02-18,1,Rejected,,
3043,848,46,1,2025-08-14,2,Rejected,,
3044,1004,30,2,2025-05-17,1,Rejected,,
3045,403,7,6,2025-02-13,3,Withdrawn,,
3046,2249,27,2,2025-07-06,1,Rejected,,
3047,45,30,1,2025-03-30,5,Hired,2025-05-07,38
3048,421,36,2,2026-02-11,1,Rejected,,
3049,2983,60,1,2026-01-22,1,Rejected,,
3050,748,11,1,2025-06-02,3,Rejected,,
3051,1350,17,4,2026-04-06,4,Rejected,,
3052,258,23,2,2025-08-07,5,Hired,2025-09-10,34
3053,1092,58,5,2025-11-19,3,Rejected,,
3054,2162,27,1,2026-02-17,1,Rejected,,
3055,1965,29,4,2026-01-26,5,Hired,2026-02-26,31
3056,794,59,5,2025-06-07,1,Rejected,,
3057,1109,46,2,2025-02-06,2,Rejected,,
3058,2740,51,1,2026-01-28,1,Rejected,,
3059,168,33,1,2025-03-05,1,Rejected,,
3060,2241,1,5,2026-03-10,1,Rejected,,
3061,713,53,6,2025-11-17,3,Rejected,,
3062,2202,42,2,2026-03-13,2,Withdrawn,,
3063,901,66,6,2025-08-30,1,Rejected,,
3064,271,8,4,2025-09-18,1,Rejected,,
3065,2659,48,1,2025-04-22,3,Rejected,,
3066,945,38,2,2025-08-31,2,Withdrawn,,
3067,2109,17,4,2025-05-22,1,Rejected,,
3068,741,39,2,2025-07-07,1,Rejected,,
3069,1273,18,1,2026-05-13,2,Rejected,,
3070,2143,61,1,2026-03-02,1,Rejected,,
3071,208,31,3,2025-01-14,4,Rejected,,
3072,2337,52,3,2025-07-14,2,Rejected,,
3073,2232,59,3,2026-01-16,2,Rejected,,
3074,3180,20,1,2025-03-26,5,Hired,2025-04-29,34
3075,1381,9,3,2025-04-07,2,Rejected,,
3076,2133,55,2,2025-11-26,1,Rejected,,
3077,1369,60,5,2026-01-21,3,Rejected,,
3078,3186,29,2,2025-09-21,1,Rejected,,
3079,849,2,3,2026-05-08,3,Rejected,,
3080,2243,18,6,2025-12-19,1,Rejected,,
3081,2906,5,4,2025-07-03,5,Hired,2025-08-19,47
3082,1220,51,6,2025-12-18,2,Rejected,,
3083,386,29,2,2025-09-21,1,Rejected,,
3084,905,60,1,2026-05-15,2,Rejected,,
3085,2370,18,2,2025-02-02,2,Withdrawn,,
3086,1022,14,3,2025-12-28,1,Rejected,,
3087,1540,10,5,2026-02-15,1,Rejected,,
3088,1023,21,1,2025-03-08,1,Rejected,,
3089,1463,4,3,2025-08-26,1,Rejected,,
3090,145,53,4,2025-06-02,1,Rejected,,
3091,812,17,4,2025-12-16,1,Rejected,,
3092,1506,49,4,2025-06-21,3,Rejected,,
3093,2687,13,1,2025-12-31,1,Rejected,,
3094,484,67,1,2025-03-18,3,Rejected,,
3095,3013,16,2,2025-08-02,1,Rejected,,
3096,2132,42,2,2026-02-19,1,Rejected,,
3097,2791,31,4,2026-02-01,1,Rejected,,
3098,1812,3,1,2025-02-04,1,Rejected,,
3099,1171,7,5,2025-02-10,1,Rejected,,
3100,77,10,5,2025-04-02,5,Hired,2025-05-15,43
3101,2061,2,4,2025-08-29,2,Rejected,,
3102,838,41,2,2025-06-04,1,Rejected,,
3103,2074,3,1,2026-04-10,1,Rejected,,
3104,663,64,3,2025-09-21,3,Rejected,,
3105,1151,16,4,2025-08-23,5,Hired,2025-09-24,32
3106,2245,43,4,2025-03-09,2,Rejected,,
3107,901,36,1,2025-03-11,5,Hired,2025-04-09,29
3108,452,33,2,2026-01-07,3,Rejected,,
3109,1545,2,1,2025-11-25,1,Rejected,,
3110,1517,18,1,2025-12-21,2,Rejected,,
3111,1671,9,4,2025-08-12,2,Rejected,,
3112,2777,24,3,2025-04-23,1,Rejected,,
3113,68,11,5,2026-05-21,3,Rejected,,
3114,1305,3,1,2025-04-22,2,Rejected,,
3115,957,17,1,2025-05-04,3,Withdrawn,,
3116,1330,24,1,2025-04-11,1,Rejected,,
3117,170,46,1,2025-08-26,1,Rejected,,
3118,1890,38,2,2025-10-07,1,Rejected,,
3119,2831,2,1,2025-02-01,1,Withdrawn,,
3120,3032,53,6,2026-04-12,2,Rejected,,
3121,2669,24,3,2025-02-05,1,Rejected,,
3122,2163,31,1,2025-11-16,1,Rejected,,
3123,1861,21,3,2025-05-29,1,Rejected,,
3124,2679,42,3,2025-09-21,2,Rejected,,
3125,307,58,6,2026-02-24,1,Rejected,,
3126,2993,59,3,2025-05-14,3,Rejected,,
3127,541,47,1,2025-03-10,1,Rejected,,
3128,2780,61,2,2025-04-04,1,Rejected,,
3129,1198,30,6,2025-09-26,2,Rejected,,
3130,664,12,2,2025-10-30,1,Rejected,,
3131,2751,6,3,2025-09-22,1,Rejected,,
3132,816,69,2,2026-05-22,2,Withdrawn,,
3133,2784,63,2,2025-02-11,1,Rejected,,
3134,3152,40,3,2025-12-09,1,Rejected,,
3135,620,2,3,2025-07-10,3,Rejected,,
3136,1224,61,6,2026-05-05,5,Hired,2026-06-10,36
3137,927,20,4,2025-06-03,5,Hired,2025-06-27,24
3138,1467,42,5,2025-07-25,1,Rejected,,
3139,3111,19,3,2025-02-23,1,Rejected,,
3140,3196,13,1,2025-03-26,1,Rejected,,
3141,3078,14,4,2026-01-25,1,Rejected,,
3142,2527,1,5,2025-03-04,1,Rejected,,
3143,1873,28,3,2025-02-25,2,Rejected,,
3144,2528,15,1,2025-08-30,1,Rejected,,
3145,2335,5,1,2025-02-11,1,Rejected,,
3146,3076,28,1,2025-06-29,1,Rejected,,
3147,431,5,1,2025-04-05,1,Rejected,,
3148,1966,14,5,2026-02-21,3,Rejected,,
3149,2135,7,3,2026-03-06,1,Withdrawn,,
3150,486,28,4,2025-11-02,1,Rejected,,
3151,1467,51,1,2026-05-21,1,Rejected,,
3152,305,42,2,2025-03-11,2,Rejected,,
3153,2198,33,2,2025-01-18,2,Rejected,,
3154,379,58,1,2026-05-10,1,Withdrawn,,
3155,267,46,3,2025-04-21,2,Rejected,,
3156,2632,10,1,2025-06-18,1,Withdrawn,,
3157,2004,66,2,2025-04-16,2,Rejected,,
3158,131,25,4,2025-06-11,5,Hired,2025-07-20,39
3159,1961,21,3,2026-05-07,1,Rejected,,
3160,2960,7,2,2025-05-07,1,Rejected,,
3161,1721,24,3,2025-01-24,3,Rejected,,
3162,98,40,3,2025-03-10,1,Rejected,,
3163,1471,12,3,2026-04-13,1,Rejected,,
3164,1023,4,6,2026-05-05,3,Rejected,,
3165,2317,6,3,2026-02-01,1,Withdrawn,,
3166,3131,6,1,2025-03-02,5,Hired,2025-04-21,50
3167,2320,15,1,2025-11-16,1,Rejected,,
3168,2143,25,4,2025-06-09,2,Rejected,,
3169,1312,35,1,2025-06-12,2,Rejected,,
3170,2489,69,1,2025-02-28,1,Rejected,,
3171,2560,25,2,2025-10-13,1,Rejected,,
3172,1680,41,3,2026-05-09,1,Rejected,,
3173,2113,57,3,2025-10-23,5,Hired,2025-11-22,30
3174,2240,23,6,2025-07-04,2,Rejected,,
3175,1931,39,1,2025-07-21,1,Rejected,,
3176,533,49,2,2026-01-14,1,Rejected,,
3177,1268,13,1,2025-03-07,1,Rejected,,
3178,2483,20,4,2025-09-08,1,Rejected,,
3179,755,19,5,2025-03-20,1,Rejected,,
3180,573,53,2,2026-03-24,1,Rejected,,
3181,2750,23,3,2025-07-21,3,Rejected,,
3182,3129,58,2,2025-08-27,1,Rejected,,
3183,2506,50,6,2026-01-17,2,Rejected,,
3184,3030,12,1,2026-02-18,1,Rejected,,
3185,2630,17,1,2026-03-06,1,Rejected,,
3186,3077,23,5,2026-02-06,1,Rejected,,
3187,2392,54,2,2025-12-01,2,Rejected,,
3188,991,18,1,2025-07-21,1,Rejected,,
3189,1137,17,1,2025-03-13,1,Rejected,,
3190,3063,17,3,2025-09-28,3,Rejected,,
3191,832,41,1,2025-10-30,3,Rejected,,
3192,1106,3,5,2025-10-02,3,Rejected,,
3193,2976,3,3,2025-05-18,1,Rejected,,
3194,1288,2,3,2025-11-26,1,Rejected,,
3195,1402,33,1,2026-03-30,1,Rejected,,
3196,2229,39,1,2026-02-15,1,Rejected,,
3197,2215,30,3,2026-01-02,2,Rejected,,
3198,1731,20,3,2025-08-30,3,Rejected,,
3199,2029,21,6,2025-01-29,1,Rejected,,
3200,1221,13,1,2025-06-03,2,Rejected,,
3201,2991,60,4,2025-08-16,2,Rejected,,
3202,304,11,4,2026-02-18,1,Rejected,,
3203,3015,20,3,2025-12-01,1,Rejected,,
3204,1590,22,5,2025-10-06,2,Rejected,,
3205,2787,20,1,2025-04-03,1,Rejected,,
3206,1734,36,1,2025-08-17,2,Rejected,,
3207,148,17,3,2025-10-28,3,Rejected,,
3208,1470,18,2,2026-04-22,5,Hired,2026-05-23,31
3209,526,1,2,2025-07-08,2,Rejected,,
3210,1957,42,3,2025-09-05,1,Rejected,,
3211,1785,44,2,2025-10-28,1,Rejected,,
3212,2853,2,2,2025-05-18,3,Rejected,,
3213,2477,32,4,2026-03-14,2,Rejected,,
3214,2785,43,4,2026-04-02,1,Withdrawn,,
3215,782,4,2,2025-06-20,1,Rejected,,
3216,3149,8,1,2026-01-25,3,Rejected,,
3217,1069,56,1,2025-02-05,2,Rejected,,
3218,1795,30,1,2026-01-19,2,Rejected,,
3219,2440,18,1,2025-11-04,4,Rejected,,
3220,212,14,1,2026-01-28,5,Hired,2026-03-26,57
3221,2201,43,3,2025-10-29,1,Rejected,,
3222,507,69,2,2025-12-13,1,Rejected,,
3223,2806,66,3,2025-12-27,1,Rejected,,
3224,2473,25,1,2025-02-26,1,Rejected,,
3225,1734,14,1,2025-05-11,2,Rejected,,
3226,1512,23,6,2026-03-22,1,Rejected,,
3227,1306,47,1,2026-03-14,1,Rejected,,
3228,2880,66,5,2025-10-28,3,Rejected,,
3229,464,8,1,2025-04-11,1,Rejected,,
3230,1005,30,5,2025-08-15,2,Rejected,,
3231,2424,14,3,2025-06-25,1,Rejected,,
3232,2787,15,3,2026-03-19,2,Rejected,,
3233,1201,3,6,2025-04-28,3,Rejected,,
3234,874,11,3,2025-12-21,3,Rejected,,
3235,2816,59,2,2025-07-27,1,Rejected,,
3236,877,68,3,2025-08-30,2,Rejected,,
3237,3173,6,4,2026-05-15,2,Rejected,,
3238,2563,68,3,2025-05-20,5,Hired,2025-06-22,33
3239,1190,18,2,2025-07-13,2,Rejected,,
3240,2277,28,6,2025-01-09,5,Hired,2025-02-13,35
3241,374,7,2,2025-01-15,1,Rejected,,
3242,211,14,4,2025-04-15,1,Rejected,,
3243,3033,27,1,2025-11-14,2,Rejected,,
3244,1119,22,4,2025-10-20,2,Rejected,,
3245,2000,55,1,2025-05-12,2,Rejected,,
3246,2626,35,1,2025-01-29,1,Rejected,,
3247,797,31,3,2026-02-13,2,Withdrawn,,
3248,2744,16,1,2025-06-13,5,Hired,2025-07-20,37
3249,1770,42,1,2025-08-24,5,Hired,2025-09-30,37
3250,43,19,1,2026-05-17,1,Rejected,,
3251,1620,58,3,2025-03-21,2,Rejected,,
3252,918,28,1,2026-02-13,1,Rejected,,
3253,2221,37,2,2025-09-09,3,Rejected,,
3254,1776,33,1,2025-12-07,4,Rejected,,
3255,2630,24,1,2025-08-08,2,Rejected,,
3256,909,19,2,2026-01-27,1,Rejected,,
3257,1802,48,1,2025-04-13,1,Rejected,,
3258,2533,20,1,2025-10-05,1,Rejected,,
3259,2683,59,1,2025-07-27,1,Rejected,,
3260,3031,40,1,2025-03-03,2,Rejected,,
3261,1413,55,1,2026-04-13,3,Rejected,,
3262,2920,66,4,2026-05-01,4,Rejected,,
3263,1741,3,1,2026-03-21,2,Rejected,,
3264,953,34,4,2026-04-29,1,Rejected,,
3265,404,58,6,2026-05-30,5,Hired,2026-06-30,31
3266,1683,51,3,2025-01-16,3,Rejected,,
3267,3021,56,1,2025-10-23,1,Rejected,,
3268,224,35,2,2025-02-21,1,Rejected,,
3269,2860,61,3,2025-01-02,1,Rejected,,
3270,845,50,4,2026-04-13,2,Rejected,,
3271,1094,18,3,2025-01-22,2,Rejected,,
3272,3077,3,5,2025-03-14,1,Rejected,,
3273,3095,15,6,2026-04-05,1,Rejected,,
3274,2252,23,1,2026-05-11,1,Rejected,,
3275,1037,29,4,2025-02-19,5,Hired,2025-03-28,37
3276,1570,18,4,2025-11-19,5,Hired,2025-12-18,29
3277,1669,18,1,2025-03-15,1,Rejected,,
3278,2823,46,3,2025-05-11,1,Rejected,,
3279,2573,17,3,2025-09-08,2,Rejected,,
3280,428,18,3,2026-03-16,1,Rejected,,
3281,1880,22,1,2025-10-21,1,Rejected,,
3282,3113,56,2,2025-12-13,2,Rejected,,
3283,2123,66,3,2025-09-01,1,Rejected,,
3284,1316,51,4,2026-01-06,1,Rejected,,
3285,609,63,4,2025-12-30,1,Rejected,,
3286,1803,28,1,2026-04-29,2,Rejected,,
3287,744,56,1,2025-05-25,3,Rejected,,
3288,433,14,1,2025-10-15,1,Rejected,,
3289,1749,14,6,2025-12-19,1,Rejected,,
3290,2083,43,2,2026-03-10,1,Rejected,,
3291,67,46,1,2025-12-19,1,Rejected,,
3292,678,20,1,2025-05-04,3,Rejected,,
3293,1575,11,1,2026-04-27,1,Rejected,,
3294,1410,16,2,2026-02-06,5,Hired,2026-03-09,31
3295,1554,22,6,2025-01-30,1,Rejected,,
3296,1813,16,4,2025-10-24,5,Hired,2025-11-17,24
3297,1635,52,2,2026-02-21,1,Withdrawn,,
3298,549,16,3,2026-01-30,2,Rejected,,
3299,951,44,4,2025-02-02,1,Rejected,,
3300,3167,28,1,2025-05-11,2,Rejected,,
3301,2047,31,6,2025-11-12,1,Rejected,,
3302,1433,68,2,2025-01-18,3,Rejected,,
3303,662,20,5,2026-04-03,2,Rejected,,
3304,583,32,6,2025-11-13,4,Rejected,,
3305,2665,47,3,2026-04-06,1,Rejected,,
3306,2519,11,4,2025-12-29,3,Rejected,,
3307,1559,52,3,2025-01-13,4,Withdrawn,,
3308,1958,55,1,2025-10-19,1,Rejected,,
3309,2907,46,3,2025-11-01,1,Rejected,,
3310,1325,54,1,2025-07-09,1,Rejected,,
3311,2964,46,1,2025-10-28,1,Rejected,,
3312,2173,39,4,2025-02-22,1,Rejected,,
3313,478,19,2,2025-07-30,2,Rejected,,
3314,358,21,3,2025-09-25,1,Rejected,,
3315,248,56,3,2025-01-22,2,Rejected,,
3316,184,6,5,2025-01-15,1,Rejected,,
3317,1501,17,1,2025-10-05,3,Rejected,,
3318,1952,5,1,2025-08-30,1,Rejected,,
3319,2872,58,1,2025-03-08,2,Rejected,,
3320,1277,62,1,2025-05-27,1,Rejected,,
3321,695,20,5,2026-04-25,3,Rejected,,
3322,1763,25,6,2026-02-03,1,Rejected,,
3323,554,40,4,2025-07-31,1,Rejected,,
3324,2639,9,2,2025-03-06,3,Rejected,,
3325,157,68,3,2026-05-09,1,Rejected,,
3326,1792,5,1,2025-12-14,3,Rejected,,
3327,1027,46,1,2025-07-23,1,Rejected,,
3328,1790,16,4,2025-02-23,3,Rejected,,
3329,2488,8,4,2025-09-20,2,Rejected,,
3330,1971,2,3,2025-02-27,3,Rejected,,
3331,3072,31,1,2025-08-31,1,Rejected,,
3332,59,37,2,2026-03-12,1,Withdrawn,,
3333,987,31,1,2025-07-12,1,Rejected,,
3334,1602,32,5,2025-02-10,1,Withdrawn,,
3335,1266,2,1,2026-01-07,2,Rejected,,
3336,2244,7,2,2026-01-11,2,Rejected,,
3337,2165,59,1,2025-11-10,1,Rejected,,
3338,2317,37,4,2025-09-13,5,Hired,2025-10-15,32
3339,2692,55,5,2025-10-06,5,Hired,2025-10-29,23
3340,714,22,3,2025-06-21,5,Hired,2025-07-16,25
3341,1088,52,4,2025-09-10,1,Rejected,,
3342,1657,8,2,2025-04-28,1,Rejected,,
3343,1485,7,1,2026-04-02,2,Rejected,,
3344,2864,16,1,2025-04-03,5,Hired,2025-04-29,26
3345,2463,49,6,2026-04-20,2,Rejected,,
3346,1949,69,3,2026-04-16,3,Withdrawn,,
3347,1117,13,5,2025-06-05,1,Rejected,,
3348,2392,13,6,2026-03-08,4,Rejected,,
3349,1443,60,1,2026-02-08,2,Rejected,,
3350,1307,17,2,2026-02-18,1,Rejected,,
3351,1181,31,2,2026-04-21,1,Rejected,,
3352,1201,65,1,2025-12-09,1,Rejected,,
3353,1034,52,2,2025-01-06,2,Rejected,,
3354,1167,38,2,2026-01-07,2,Rejected,,
3355,1392,18,1,2025-11-21,2,Withdrawn,,
3356,807,9,4,2025-08-30,1,Withdrawn,,
3357,2143,22,5,2025-01-12,3,Rejected,,
3358,1480,50,1,2025-01-17,5,Hired,2025-02-28,42
3359,1100,12,4,2025-05-16,3,Rejected,,
3360,1283,17,3,2025-12-26,4,Rejected,,
3361,598,30,1,2026-01-04,2,Withdrawn,,
3362,696,7,2,2025-11-03,4,Rejected,,
3363,1361,31,1,2025-03-12,2,Withdrawn,,
3364,1897,29,1,2025-08-09,1,Rejected,,
3365,2869,48,1,2025-07-25,1,Rejected,,
3366,1363,57,6,2025-11-29,3,Withdrawn,,
3367,748,21,2,2026-01-01,3,Rejected,,
3368,650,8,1,2026-03-03,1,Rejected,,
3369,2081,30,1,2025-07-26,2,Rejected,,
3370,2308,56,4,2025-01-17,2,Rejected,,
3371,3166,52,3,2025-06-07,1,Rejected,,
3372,2572,56,4,2025-10-25,2,Rejected,,
3373,594,24,3,2026-03-06,1,Rejected,,
3374,1388,10,5,2025-02-08,5,Hired,2025-03-19,39
3375,3142,38,2,2026-03-27,4,Rejected,,
3376,1815,21,6,2025-08-09,1,Rejected,,
3377,745,37,1,2026-01-14,1,Rejected,,
3378,2466,16,5,2025-03-21,3,Withdrawn,,
3379,1329,6,3,2025-06-29,1,Rejected,,
3380,2590,18,6,2026-02-27,1,Withdrawn,,
3381,1875,56,1,2026-04-02,2,Rejected,,
3382,75,25,5,2025-08-25,1,Rejected,,
3383,2700,3,3,2026-05-12,1,Rejected,,
3384,492,12,4,2026-04-24,3,Rejected,,
3385,1013,5,3,2025-10-27,1,Rejected,,
3386,1296,10,1,2025-04-07,1,Rejected,,
3387,2065,54,1,2026-03-31,1,Rejected,,
3388,2804,10,5,2025-03-29,1,Rejected,,
3389,2528,4,2,2025-06-23,1,Rejected,,
3390,563,53,3,2026-04-25,2,Rejected,,
3391,1115,20,5,2025-06-15,2,Rejected,,
3392,973,50,3,2025-08-21,1,Withdrawn,,
3393,2986,21,3,2026-05-06,1,Rejected,,
3394,1670,22,2,2025-07-27,1,Rejected,,
3395,1745,61,2,2026-03-07,1,Rejected,,
3396,538,7,1,2026-03-29,1,Rejected,,
3397,1591,42,1,2025-09-04,2,Rejected,,
3398,949,27,4,2025-09-21,2,Rejected,,
3399,413,34,1,2025-08-19,3,Withdrawn,,
3400,2376,50,5,2025-04-27,1,Rejected,,
3401,1147,41,4,2025-09-03,1,Rejected,,
3402,2540,21,1,2025-03-26,2,Rejected,,
3403,2310,11,2,2025-11-02,2,Rejected,,
3404,2601,13,5,2025-04-29,1,Withdrawn,,
3405,2384,52,3,2026-05-09,3,Rejected,,
3406,2185,37,1,2025-09-03,3,Rejected,,
3407,624,6,5,2025-01-06,2,Rejected,,
3408,130,17,4,2025-01-26,3,Rejected,,
3409,486,34,4,2025-11-20,3,Rejected,,
3410,2659,32,4,2025-06-04,1,Rejected,,
3411,2736,60,6,2025-10-13,1,Rejected,,
3412,697,16,2,2025-04-30,5,Hired,2025-06-01,32
3413,2292,36,4,2025-05-01,2,Rejected,,
3414,2863,10,1,2025-03-30,2,Rejected,,
3415,2637,60,1,2025-07-21,1,Rejected,,
3416,2926,1,6,2025-11-23,2,Rejected,,
3417,2436,3,2,2025-05-03,1,Withdrawn,,
3418,1530,45,4,2025-07-12,1,Rejected,,
3419,1467,4,1,2026-05-13,1,Rejected,,
3420,995,52,1,2025-04-15,1,Rejected,,
3421,2606,46,3,2026-02-20,5,Hired,2026-04-07,46
3422,876,20,3,2025-08-08,5,Hired,2025-09-06,29
3423,3186,35,5,2025-05-12,2,Rejected,,
3424,2174,57,3,2026-01-19,2,Withdrawn,,
3425,2169,40,1,2025-09-27,2,Rejected,,
3426,2404,38,1,2025-06-14,1,Rejected,,
3427,1127,66,3,2026-01-18,1,Rejected,,
3428,1044,24,5,2025-08-14,5,Hired,2025-09-18,35
3429,2837,37,4,2025-04-27,1,Rejected,,
3430,1199,15,1,2025-01-23,1,Rejected,,
3431,2728,66,4,2025-07-31,2,Withdrawn,,
3432,2104,57,1,2026-01-16,1,Rejected,,
3433,2963,57,1,2026-02-25,5,Hired,2026-03-24,27
3434,2809,46,6,2026-04-16,2,Rejected,,
3435,1617,16,6,2026-02-26,1,Rejected,,
3436,450,20,1,2025-05-26,1,Rejected,,
3437,833,14,3,2025-05-24,1,Rejected,,
3438,1583,68,4,2025-11-28,5,Hired,2026-01-08,41
3439,2643,9,6,2025-08-10,2,Rejected,,
3440,2140,35,4,2025-09-14,1,Rejected,,
3441,2571,4,4,2025-08-28,1,Rejected,,
3442,620,8,4,2025-11-08,1,Rejected,,
3443,2450,54,5,2026-01-06,2,Withdrawn,,
3444,1356,37,1,2025-12-05,1,Rejected,,
3445,442,8,2,2025-05-15,1,Rejected,,
3446,457,35,3,2025-08-13,2,Rejected,,
3447,837,37,2,2025-03-28,1,Rejected,,
3448,151,49,5,2026-03-14,3,Rejected,,
3449,2334,56,2,2025-10-10,1,Rejected,,
3450,3046,23,3,2026-04-27,4,Rejected,,
3451,643,3,2,2025-04-12,2,Rejected,,
3452,2167,67,3,2025-05-29,3,Rejected,,
3453,994,34,4,2025-06-08,1,Rejected,,
3454,3050,28,2,2025-05-11,1,Rejected,,
3455,2837,9,6,2025-10-16,1,Rejected,,
3456,1509,37,3,2026-03-21,1,Rejected,,
3457,325,62,6,2026-05-12,5,Hired,2026-06-21,40
3458,1171,59,3,2026-03-03,3,Rejected,,
3459,2126,56,1,2025-11-17,1,Rejected,,
3460,2181,3,2,2025-03-26,2,Rejected,,
3461,900,43,1,2025-03-01,5,Hired,2025-04-17,47
3462,2883,41,1,2025-04-05,1,Rejected,,
3463,12,13,4,2025-04-16,3,Rejected,,
3464,1877,52,1,2025-07-15,1,Rejected,,
3465,1389,31,2,2025-11-03,5,Hired,2025-12-01,28
3466,1552,39,6,2025-11-14,1,Withdrawn,,
3467,1629,46,5,2026-02-06,2,Rejected,,
3468,1512,48,2,2025-10-23,2,Withdrawn,,
3469,2321,14,4,2025-07-22,1,Rejected,,
3470,2200,69,3,2025-12-04,1,Rejected,,
3471,1718,47,3,2026-03-16,1,Rejected,,
3472,299,10,1,2025-09-12,5,Hired,2025-11-05,54
3473,37,60,1,2026-03-07,5,Hired,2026-04-02,26
3474,3181,8,4,2025-09-20,2,Rejected,,
3475,292,67,2,2025-07-31,1,Rejected,,
3476,2535,63,3,2025-07-26,5,Hired,2025-09-04,40
3477,2598,67,1,2025-08-30,2,Rejected,,
3478,2682,35,2,2025-12-02,3,Rejected,,
3479,471,65,2,2025-04-01,1,Rejected,,
3480,1585,38,6,2025-07-22,1,Rejected,,
3481,3035,14,6,2026-05-16,2,Rejected,,
3482,1890,24,1,2026-01-27,1,Rejected,,
3483,1027,2,1,2025-10-31,2,Rejected,,
3484,602,49,1,2025-06-05,1,Withdrawn,,
3485,1988,24,1,2025-02-04,1,Rejected,,
3486,2992,20,1,2026-01-01,2,Rejected,,
3487,1689,52,4,2026-01-14,5,Hired,2026-02-14,31
3488,3119,33,4,2025-01-27,2,Rejected,,
3489,1668,4,3,2026-04-11,5,Hired,2026-05-24,43
3490,357,21,6,2025-11-30,2,Rejected,,
3491,1144,12,4,2025-03-06,2,Rejected,,
3492,1751,13,2,2026-03-17,1,Rejected,,
3493,3011,4,1,2026-05-30,1,Rejected,,
3494,179,36,3,2026-03-23,3,Rejected,,
3495,2352,19,2,2025-07-20,5,Hired,2025-08-13,24
3496,2080,13,4,2026-03-20,1,Rejected,,
3497,57,22,4,2025-05-04,2,Rejected,,
3498,171,16,5,2025-09-07,1,Rejected,,
3499,1566,33,1,2026-04-16,1,Rejected,,
3500,1638,43,1,2025-08-21,5,Hired,2025-10-11,51
3501,1979,16,4,2026-03-22,1,Rejected,,
3502,2384,45,2,2025-03-02,1,Rejected,,
3503,2163,36,4,2025-11-20,1,Rejected,,
3504,1796,17,1,2025-03-11,3,Rejected,,
3505,571,3,1,2026-01-15,2,Rejected,,
3506,867,17,1,2026-01-10,1,Rejected,,
3507,1828,58,1,2025-08-17,2,Rejected,,
3508,2608,5,4,2025-05-13,1,Rejected,,
3509,234,34,5,2025-05-09,3,Rejected,,
3510,2603,54,1,2025-11-17,1,Rejected,,
3511,77,1,1,2026-02-23,1,Rejected,,
3512,2248,18,1,2025-06-16,5,Hired,2025-07-18,32
3513,2157,31,3,2025-04-21,2,Rejected,,
3514,2961,57,1,2025-02-20,2,Withdrawn,,
3515,994,25,2,2025-03-22,1,Rejected,,
3516,736,12,2,2025-07-23,1,Rejected,,
3517,2332,69,2,2025-07-16,1,Rejected,,
3518,1923,33,6,2025-11-09,3,Rejected,,
3519,861,16,1,2025-12-20,2,Rejected,,
3520,1519,58,1,2025-10-27,1,Rejected,,
3521,1713,10,3,2025-12-23,3,Rejected,,
3522,2666,44,3,2025-06-25,1,Rejected,,
3523,2272,46,3,2025-04-20,1,Withdrawn,,
3524,3014,25,2,2026-02-05,1,Rejected,,
3525,758,2,1,2025-03-07,2,Rejected,,
3526,1839,60,4,2025-03-25,1,Rejected,,
3527,2697,21,6,2025-11-29,3,Rejected,,
3528,2204,24,1,2025-05-25,1,Rejected,,
3529,1675,18,1,2025-01-12,4,Rejected,,
3530,3,14,1,2025-04-11,1,Rejected,,
3531,174,21,1,2025-08-05,3,Rejected,,
3532,2867,31,2,2026-03-08,5,Hired,2026-04-12,35
3533,2801,40,5,2025-06-02,2,Rejected,,
3534,1591,65,6,2025-08-05,1,Rejected,,
3535,1124,2,1,2025-03-21,2,Rejected,,
3536,119,69,4,2026-04-27,3,Rejected,,
3537,979,35,1,2025-07-16,1,Rejected,,
3538,2880,40,2,2025-09-03,1,Rejected,,
3539,1553,64,6,2025-10-09,1,Rejected,,
3540,277,41,3,2025-10-12,5,Hired,2025-11-11,30
3541,213,4,3,2026-02-18,2,Withdrawn,,
3542,470,31,2,2025-09-13,2,Rejected,,
3543,2884,1,4,2025-05-30,3,Rejected,,
3544,975,8,1,2025-07-28,1,Rejected,,
3545,1051,21,1,2026-05-29,1,Rejected,,
3546,2935,46,1,2026-04-05,1,Rejected,,
3547,2286,62,4,2026-04-08,2,Rejected,,
3548,491,68,2,2025-05-20,1,Rejected,,
3549,1713,49,4,2025-10-25,2,Rejected,,
3550,662,38,3,2025-01-10,3,Rejected,,
3551,2333,34,3,2025-05-25,1,Rejected,,
3552,3024,28,5,2025-10-18,2,Rejected,,
3553,1732,69,6,2025-10-17,5,Hired,2025-11-28,42
3554,1561,11,3,2026-04-01,1,Rejected,,
3555,1165,19,1,2025-12-10,2,Withdrawn,,
3556,2991,33,4,2025-08-28,2,Rejected,,
3557,282,4,2,2026-03-16,1,Rejected,,
3558,2723,1,1,2025-12-22,2,Rejected,,
3559,1619,16,2,2026-03-20,2,Withdrawn,,
3560,604,8,1,2025-05-17,5,Hired,2025-07-06,50
3561,2776,64,1,2025-09-23,2,Rejected,,
3562,1941,44,3,2025-10-02,3,Rejected,,
3563,986,7,4,2025-03-15,1,Withdrawn,,
3564,604,65,1,2025-06-14,1,Rejected,,
3565,2762,30,1,2025-08-02,3,Rejected,,
3566,509,56,2,2025-02-14,2,Rejected,,
3567,2490,56,4,2026-02-03,1,Rejected,,
3568,1193,35,1,2026-04-03,2,Rejected,,
3569,1091,22,1,2026-05-25,1,Rejected,,
3570,291,29,3,2025-05-23,3,Withdrawn,,
3571,2184,23,4,2025-05-09,1,Rejected,,
3572,2554,55,3,2025-12-23,3,Rejected,,
3573,2887,50,1,2025-03-11,2,Rejected,,
3574,2957,43,6,2025-01-09,1,Rejected,,
3575,120,14,1,2025-12-03,2,Withdrawn,,
3576,1411,4,1,2025-03-27,1,Rejected,,
3577,1296,60,4,2026-01-23,3,Rejected,,
3578,2937,49,2,2025-01-30,2,Rejected,,
3579,1021,6,1,2025-05-04,1,Rejected,,
3580,513,50,1,2025-11-27,1,Rejected,,
3581,1798,54,2,2025-11-01,1,Rejected,,
3582,766,27,2,2026-04-25,2,Rejected,,
3583,1566,35,1,2025-05-14,1,Rejected,,
3584,2557,12,5,2025-07-11,1,Rejected,,
3585,1981,5,3,2026-04-21,2,Rejected,,
3586,766,11,4,2026-01-03,3,Rejected,,
3587,1850,57,1,2025-02-27,2,Rejected,,
3588,1741,56,3,2025-07-09,2,Rejected,,
3589,2036,22,1,2025-12-12,4,Rejected,,
3590,1934,46,5,2026-05-27,1,Rejected,,
3591,2494,19,3,2025-06-16,3,Rejected,,
3592,1133,4,1,2025-04-11,1,Rejected,,
3593,1239,29,5,2025-07-31,1,Rejected,,
3594,2617,59,4,2025-04-27,3,Rejected,,
3595,1633,13,4,2025-12-16,1,Rejected,,
3596,1097,68,6,2026-05-16,1,Rejected,,
3597,818,3,1,2026-03-09,1,Rejected,,
3598,3127,29,4,2025-10-11,2,Rejected,,
3599,1135,56,2,2025-08-03,2,Rejected,,
3600,216,37,1,2025-09-03,5,Hired,2025-10-14,41
3601,1246,28,5,2025-09-21,1,Rejected,,
3602,1362,60,4,2025-03-05,3,Rejected,,
3603,1465,14,3,2025-11-16,2,Rejected,,
3604,1691,12,2,2025-05-07,1,Rejected,,
3605,2428,17,2,2025-02-17,1,Withdrawn,,
3606,490,26,3,2025-04-20,2,Rejected,,
3607,2953,7,3,2025-04-02,1,Rejected,,
3608,1640,9,2,2026-01-19,1,Rejected,,
3609,421,20,6,2025-02-06,1,Rejected,,
3610,2278,4,1,2025-09-12,2,Rejected,,
3611,1299,38,2,2025-12-17,1,Rejected,,
3612,1174,34,2,2026-05-28,1,Withdrawn,,
3613,715,7,6,2026-04-24,2,Withdrawn,,
3614,2238,59,6,2025-11-21,1,Rejected,,
3615,2341,42,3,2025-08-04,1,Rejected,,
3616,1790,54,1,2025-08-18,2,Rejected,,
3617,548,36,2,2026-01-13,5,Hired,2026-02-19,37
3618,121,46,2,2025-07-30,1,Rejected,,
3619,2127,39,2,2025-02-01,2,Rejected,,
3620,712,9,1,2026-01-23,2,Rejected,,
3621,2224,7,1,2025-05-21,2,Rejected,,
3622,147,32,3,2025-11-10,4,Rejected,,
3623,821,22,1,2025-06-23,1,Rejected,,
3624,225,3,4,2025-03-08,2,Rejected,,
3625,1069,7,4,2025-05-28,1,Rejected,,
3626,2994,21,2,2025-07-21,5,Hired,2025-08-16,26
3627,2151,24,1,2025-12-11,3,Rejected,,
3628,2664,17,1,2026-04-20,1,Rejected,,
3629,1594,6,3,2025-02-23,5,Hired,2025-04-15,51
3630,190,14,4,2025-04-27,2,Rejected,,
3631,192,62,1,2025-04-11,2,Rejected,,
3632,2772,16,3,2025-04-02,1,Rejected,,
3633,759,7,2,2025-12-29,1,Rejected,,
3634,1369,65,1,2026-03-19,1,Rejected,,
3635,1314,67,4,2025-11-05,2,Rejected,,
3636,1855,69,5,2026-04-10,1,Rejected,,
3637,1408,32,3,2026-02-11,1,Rejected,,
3638,1775,61,4,2025-03-07,1,Rejected,,
3639,983,66,4,2026-01-24,3,Rejected,,
3640,2339,43,1,2025-04-15,2,Withdrawn,,
3641,1549,68,1,2025-11-25,1,Rejected,,
3642,1997,48,3,2025-02-12,1,Rejected,,
3643,112,44,4,2025-02-14,1,Withdrawn,,
3644,808,5,1,2026-01-24,1,Rejected,,
3645,2815,16,2,2025-10-01,1,Rejected,,
3646,1414,35,2,2026-01-02,3,Rejected,,
3647,1024,6,3,2025-11-23,1,Rejected,,
3648,1783,17,3,2025-07-14,1,Rejected,,
3649,1674,45,2,2025-05-31,1,Rejected,,
3650,3116,4,1,2025-12-10,1,Rejected,,
3651,2812,2,4,2026-01-08,5,Hired,2026-02-16,39
3652,918,18,5,2025-05-29,2,Rejected,,
3653,539,33,1,2025-03-23,5,Hired,2025-04-22,30
3654,3184,12,4,2025-01-21,2,Rejected,,
3655,191,24,6,2025-01-12,1,Rejected,,
3656,3074,57,3,2025-08-31,1,Rejected,,
3657,2088,21,3,2025-12-07,1,Rejected,,
3658,3166,24,3,2025-03-03,1,Rejected,,
3659,616,22,3,2026-02-16,1,Rejected,,
3660,2135,52,3,2026-02-07,1,Rejected,,
3661,722,52,2,2025-04-13,2,Rejected,,
3662,539,5,3,2025-12-13,1,Rejected,,
3663,524,10,1,2025-07-21,2,Rejected,,
3664,2194,31,1,2025-09-18,3,Withdrawn,,
3665,2062,51,1,2026-01-06,2,Rejected,,
3666,2392,31,2,2026-05-13,1,Rejected,,
3667,278,4,2,2025-04-14,1,Rejected,,
3668,2731,55,3,2025-02-22,2,Rejected,,
3669,2406,60,5,2026-03-03,1,Rejected,,
3670,825,8,1,2025-10-16,5,Hired,2025-11-29,44
3671,2444,51,3,2026-04-08,1,Rejected,,
3672,1929,18,1,2025-09-30,1,Rejected,,
3673,3103,52,4,2026-01-24,5,Hired,2026-02-18,25
3674,1893,12,4,2026-04-23,3,Rejected,,
3675,2155,7,4,2025-04-22,1,Rejected,,
3676,2154,5,5,2025-04-26,1,Rejected,,
3677,2277,6,1,2026-04-13,2,Rejected,,
3678,1519,16,6,2025-04-30,5,Hired,2025-05-25,25
3679,2636,49,2,2026-01-16,1,Rejected,,
3680,1296,4,2,2026-03-04,1,Rejected,,
3681,2517,19,3,2025-12-30,1,Rejected,,
3682,2367,56,1,2025-10-19,2,Rejected,,
3683,865,16,1,2025-09-27,2,Withdrawn,,
3684,203,8,4,2025-03-29,1,Rejected,,
3685,90,52,2,2025-09-29,3,Rejected,,
3686,856,14,3,2025-09-05,2,Rejected,,
3687,371,36,1,2025-10-13,1,Rejected,,
3688,3005,20,1,2026-05-01,2,Withdrawn,,
3689,3089,1,1,2025-10-01,2,Rejected,,
3690,642,17,1,2025-02-19,5,Hired,2025-03-11,20
3691,614,29,3,2025-11-29,1,Withdrawn,,
3692,1491,6,4,2025-05-18,2,Rejected,,
3693,1484,8,1,2025-05-14,1,Rejected,,
3694,2983,36,6,2025-08-24,1,Rejected,,
3695,1162,53,5,2026-01-11,1,Withdrawn,,
3696,1917,33,4,2026-04-03,3,Rejected,,
3697,2743,36,2,2025-08-02,1,Rejected,,
3698,2915,4,4,2025-11-24,5,Hired,2026-01-04,41
3699,2346,42,4,2025-10-18,1,Rejected,,
3700,2223,22,5,2026-01-19,2,Rejected,,
3701,804,11,2,2025-11-14,3,Rejected,,
3702,2261,32,6,2025-09-15,5,Hired,2025-10-17,32
3703,246,13,2,2026-01-07,1,Rejected,,
3704,79,17,3,2025-08-22,5,Hired,2025-09-16,25
3705,2268,37,2,2025-06-20,3,Rejected,,
3706,1673,45,2,2026-05-03,3,Rejected,,
3707,1209,17,3,2025-12-11,1,Rejected,,
3708,388,9,4,2026-01-06,1,Rejected,,
3709,2363,53,1,2026-02-26,1,Rejected,,
3710,2465,27,5,2025-07-17,2,Rejected,,
3711,1006,43,1,2025-04-01,5,Hired,2025-05-20,49
3712,425,51,1,2025-08-22,1,Rejected,,
3713,2428,24,3,2025-09-17,2,Rejected,,
3714,720,6,3,2026-02-13,2,Rejected,,
3715,1864,45,5,2026-01-18,1,Rejected,,
3716,2690,53,3,2025-07-30,5,Hired,2025-08-31,32
3717,1336,39,2,2025-05-05,3,Rejected,,
3718,2605,8,3,2025-02-16,1,Rejected,,
3719,840,18,3,2025-05-15,5,Hired,2025-06-07,23
3720,2710,53,1,2025-10-25,5,Hired,2025-11-22,28
3721,2107,4,5,2026-05-03,1,Rejected,,
3722,412,36,5,2025-03-30,1,Rejected,,
3723,2413,44,4,2026-01-18,1,Rejected,,
3724,2306,34,3,2025-06-06,1,Rejected,,
3725,880,38,1,2026-01-10,2,Rejected,,
3726,707,2,5,2025-03-06,1,Rejected,,
3727,903,53,3,2025-01-13,3,Rejected,,
3728,1750,16,3,2025-05-28,2,Rejected,,
3729,355,49,1,2026-04-27,1,Rejected,,
3730,915,47,3,2025-07-24,3,Rejected,,
3731,2448,46,5,2025-10-05,1,Rejected,,
3732,281,11,2,2025-07-19,3,Rejected,,
3733,1648,39,6,2026-01-04,1,Rejected,,
3734,305,58,3,2025-10-02,5,Hired,2025-11-01,30
3735,744,64,4,2026-02-20,2,Rejected,,
3736,1170,1,1,2025-06-12,1,Rejected,,
3737,2329,49,1,2025-12-21,1,Rejected,,
3738,1073,51,2,2025-06-27,1,Rejected,,
3739,2744,51,6,2026-04-01,1,Rejected,,
3740,183,5,4,2025-05-16,1,Rejected,,
3741,1637,57,3,2025-08-13,1,Rejected,,
3742,172,35,4,2025-09-05,3,Rejected,,
3743,1429,11,2,2025-03-03,1,Rejected,,
3744,3125,20,5,2025-09-22,1,Rejected,,
3745,2364,20,1,2025-10-16,1,Rejected,,
3746,462,24,4,2025-02-05,2,Rejected,,
3747,1628,6,3,2025-10-15,1,Rejected,,
3748,633,7,1,2025-12-17,3,Rejected,,
3749,1012,53,3,2026-03-20,1,Rejected,,
3750,374,35,3,2026-05-03,1,Rejected,,
3751,1206,50,6,2025-02-04,3,Rejected,,
3752,1602,35,1,2025-06-04,1,Withdrawn,,
3753,2703,68,1,2025-01-01,3,Rejected,,
3754,1065,68,2,2025-04-14,1,Rejected,,
3755,1321,5,5,2025-04-05,1,Rejected,,
3756,225,56,6,2025-01-30,2,Rejected,,
3757,1903,22,1,2025-03-01,3,Rejected,,
3758,2727,22,1,2025-06-25,2,Rejected,,
3759,1059,3,1,2025-05-27,1,Rejected,,
3760,3115,51,2,2025-01-23,1,Rejected,,
3761,419,1,1,2025-09-03,2,Rejected,,
3762,3063,26,4,2025-03-06,1,Rejected,,
3763,1728,6,1,2025-12-06,1,Rejected,,
3764,238,47,1,2026-03-06,1,Withdrawn,,
3765,179,54,1,2025-12-22,4,Rejected,,
3766,1094,7,1,2025-06-12,1,Rejected,,
3767,1970,50,2,2025-04-06,1,Rejected,,
3768,125,41,4,2025-08-06,1,Rejected,,
3769,1719,5,1,2025-04-19,2,Rejected,,
3770,2553,51,4,2025-05-27,1,Rejected,,
3771,3041,11,3,2025-10-03,1,Rejected,,
3772,2340,3,1,2025-10-26,5,Hired,2025-12-04,39
3773,786,13,1,2025-08-05,1,Rejected,,
3774,1339,8,1,2025-11-09,2,Withdrawn,,
3775,510,22,6,2025-05-22,5,Hired,2025-06-12,21
3776,2936,36,1,2025-04-09,2,Rejected,,
3777,3097,22,4,2026-03-03,1,Rejected,,
3778,882,44,4,2026-03-15,1,Rejected,,
3779,1397,34,5,2025-07-01,2,Rejected,,
3780,1087,54,2,2026-04-09,1,Rejected,,
3781,58,11,2,2026-01-23,1,Rejected,,
3782,1214,41,2,2025-12-10,3,Rejected,,
3783,1143,56,1,2025-12-28,1,Rejected,,
3784,2542,60,2,2025-11-28,1,Rejected,,
3785,2945,48,1,2025-10-19,2,Rejected,,
3786,486,19,4,2026-04-14,3,Rejected,,
3787,2776,34,1,2025-02-28,2,Rejected,,
3788,3175,31,1,2025-02-12,1,Rejected,,
3789,989,49,1,2025-02-17,2,Rejected,,
3790,2398,7,3,2025-07-31,1,Rejected,,
3791,141,4,6,2025-10-08,1,Rejected,,
3792,3184,30,3,2025-09-27,3,Rejected,,
3793,280,58,3,2025-11-03,5,Hired,2025-12-07,34
3794,827,13,1,2025-11-15,1,Withdrawn,,
3795,301,1,2,2026-03-10,1,Withdrawn,,
3796,991,31,2,2025-07-25,5,Hired,2025-09-01,38
3797,1095,31,1,2026-03-05,3,Rejected,,
3798,3001,42,3,2025-11-06,1,Rejected,,
3799,2422,69,1,2025-06-09,1,Rejected,,
3800,1765,20,3,2025-06-09,5,Hired,2025-07-05,26
3801,1045,25,2,2026-05-08,1,Rejected,,
3802,1966,12,1,2026-04-25,5,Hired,2026-06-13,49
3803,918,57,2,2026-05-02,2,Rejected,,
3804,3064,3,2,2025-04-30,2,Rejected,,
3805,3165,21,1,2026-01-15,2,Rejected,,
3806,2236,39,4,2025-06-10,1,Rejected,,
3807,2426,51,1,2025-03-12,1,Rejected,,
3808,1521,32,3,2025-05-01,5,Hired,2025-06-10,40
3809,246,1,2,2025-06-01,1,Rejected,,
3810,1299,48,4,2026-03-20,2,Rejected,,
3811,270,48,4,2026-04-28,1,Rejected,,
3812,3077,12,4,2025-12-01,1,Rejected,,
3813,2464,10,4,2026-01-03,1,Rejected,,
3814,1768,8,1,2025-05-30,1,Rejected,,
3815,800,55,4,2025-08-24,3,Rejected,,
3816,996,33,1,2025-08-31,2,Rejected,,
3817,1997,66,4,2025-03-11,1,Rejected,,
3818,629,23,1,2025-04-08,1,Rejected,,
3819,3040,26,6,2026-05-29,1,Rejected,,
3820,2550,69,2,2025-05-09,5,Hired,2025-05-31,22
3821,2699,20,1,2025-11-11,5,Hired,2025-12-07,26
3822,2726,53,6,2025-03-24,5,Hired,2025-04-23,30
3823,2489,15,3,2026-05-31,3,In Progress,,
3824,471,36,4,2025-06-30,1,Withdrawn,,
3825,1012,53,3,2025-04-18,1,Rejected,,
3826,3148,52,1,2025-02-07,2,Withdrawn,,
3827,2743,29,2,2025-11-19,2,Rejected,,
3828,419,23,3,2026-01-11,2,Rejected,,
3829,958,67,2,2025-09-04,5,Hired,2025-10-02,28
3830,272,26,4,2026-02-06,1,Rejected,,
3831,2003,38,1,2026-05-17,1,Withdrawn,,
3832,217,17,1,2026-04-06,2,Rejected,,
3833,2636,13,2,2026-02-28,1,Rejected,,
3834,2054,63,3,2026-05-11,5,Hired,2026-06-12,32
3835,530,45,3,2025-10-16,1,Rejected,,
3836,1658,27,1,2025-05-26,1,Rejected,,
3837,2968,57,1,2025-09-22,1,Rejected,,
3838,1993,42,1,2025-04-03,1,Withdrawn,,
3839,2496,11,6,2025-04-02,1,Rejected,,
3840,1778,20,3,2025-06-03,3,Rejected,,
3841,1725,19,2,2025-06-04,2,Withdrawn,,
3842,1354,15,6,2025-06-26,2,Rejected,,
3843,1245,55,3,2025-12-11,3,Rejected,,
3844,2620,9,1,2026-02-28,1,Rejected,,
3845,1204,30,4,2026-04-07,3,Rejected,,
3846,630,1,2,2025-07-12,1,Rejected,,
3847,1839,15,3,2025-08-21,1,Rejected,,
3848,641,50,4,2025-10-18,2,Rejected,,
3849,2443,1,3,2025-08-22,5,Hired,2025-09-19,28
3850,2399,38,4,2026-05-04,5,Hired,2026-05-30,26
3851,3063,50,1,2026-01-29,1,Rejected,,
3852,498,1,3,2025-05-06,1,Rejected,,
3853,835,6,3,2025-09-20,1,Rejected,,
3854,2555,57,4,2025-12-10,3,Withdrawn,,
3855,2949,10,4,2025-03-22,1,Rejected,,
3856,535,32,2,2026-01-20,1,Rejected,,
3857,2476,33,2,2025-02-22,5,Hired,2025-03-26,32
3858,1975,14,1,2025-09-06,5,Hired,2025-10-15,39
3859,79,6,1,2026-02-26,1,Rejected,,
3860,730,35,5,2025-04-20,1,Rejected,,
3861,2787,44,1,2025-09-23,1,Rejected,,
3862,777,9,1,2026-05-18,1,Rejected,,
3863,1900,11,1,2025-10-08,1,Withdrawn,,
3864,2027,3,3,2025-04-22,2,Rejected,,
3865,169,58,4,2025-11-18,2,Rejected,,
3866,856,1,1,2026-05-05,5,Hired,2026-06-29,55
3867,1409,55,5,2026-02-04,2,Rejected,,
3868,628,30,2,2025-04-21,1,Rejected,,
3869,92,69,2,2025-03-31,1,Withdrawn,,
3870,70,58,1,2025-04-29,5,Hired,2025-05-29,30
3871,1802,7,1,2025-05-24,4,Rejected,,
3872,994,19,1,2025-07-14,1,Rejected,,
3873,2847,21,3,2025-05-08,2,Rejected,,
3874,1676,22,6,2025-05-05,2,Rejected,,
3875,1311,43,2,2025-07-22,2,Rejected,,
3876,1787,66,1,2026-01-25,1,Rejected,,
3877,1397,23,2,2026-01-25,1,Withdrawn,,
3878,274,2,1,2025-03-16,1,Rejected,,
3879,3005,5,3,2025-08-14,1,Rejected,,
3880,3136,6,1,2025-07-12,1,Rejected,,
3881,492,11,1,2025-01-22,5,Hired,2025-03-07,44
3882,49,51,3,2025-02-02,1,Rejected,,
3883,2508,49,3,2025-09-20,1,Rejected,,
3884,1330,17,4,2025-03-08,1,Withdrawn,,
3885,1385,9,3,2026-02-27,2,Rejected,,
3886,2226,58,1,2025-06-20,5,Hired,2025-07-16,26
3887,2151,28,4,2025-11-14,3,Rejected,,
3888,354,2,2,2025-11-02,1,Rejected,,
3889,2722,52,4,2025-11-07,1,Rejected,,
3890,1620,42,4,2026-05-19,1,Rejected,,
3891,2548,10,6,2025-03-26,1,Rejected,,
3892,495,17,5,2026-05-12,1,Rejected,,
3893,2773,60,5,2026-02-02,5,Hired,2026-02-21,19
3894,1644,36,1,2025-06-12,3,Rejected,,
3895,3146,47,4,2025-03-27,2,Rejected,,
3896,509,52,6,2026-01-07,1,Rejected,,
3897,3101,8,2,2025-04-25,2,Rejected,,
3898,122,19,3,2025-04-14,2,Rejected,,
3899,3192,4,3,2025-12-10,2,Rejected,,
3900,1615,55,6,2025-03-29,1,Rejected,,
3901,479,9,3,2025-04-05,1,Rejected,,
3902,2158,49,1,2025-04-18,1,Rejected,,
3903,78,15,2,2025-05-23,1,Rejected,,
3904,1185,65,4,2025-07-03,1,Rejected,,
3905,1714,63,1,2026-02-15,2,Withdrawn,,
3906,3014,21,2,2025-11-20,1,Rejected,,
3907,327,5,1,2025-06-09,5,Hired,2025-07-18,39
3908,1347,15,1,2025-08-27,2,Rejected,,
3909,2844,55,4,2025-10-27,2,Withdrawn,,
3910,2746,23,3,2026-01-08,1,Withdrawn,,
3911,2304,54,4,2025-03-17,2,Rejected,,
3912,653,16,2,2025-12-02,3,Withdrawn,,
3913,1647,53,4,2025-06-20,1,Rejected,,
3914,1826,66,2,2026-04-20,1,Rejected,,
3915,73,31,2,2025-10-09,3,Rejected,,
3916,2903,26,1,2025-02-28,2,Rejected,,
3917,2909,51,1,2025-11-24,2,Rejected,,
3918,2189,12,4,2025-03-19,1,Rejected,,
3919,2621,42,4,2025-02-13,3,Rejected,,
3920,271,30,4,2025-03-19,2,Rejected,,
3921,2256,44,1,2025-08-25,1,Rejected,,
3922,2811,56,3,2025-04-06,3,Rejected,,
3923,153,21,1,2025-05-03,2,Rejected,,
3924,1622,32,1,2025-08-27,1,Rejected,,
3925,2943,20,4,2025-03-14,1,Rejected,,
3926,1217,61,3,2025-08-01,2,Rejected,,
3927,2411,23,4,2025-09-01,3,Rejected,,
3928,2756,49,1,2026-04-26,1,Withdrawn,,
3929,1506,19,4,2025-05-11,1,Rejected,,
3930,1311,5,1,2026-02-14,1,Rejected,,
3931,2538,49,4,2025-09-24,1,Rejected,,
3932,123,34,4,2026-01-11,1,Rejected,,
3933,1669,24,3,2026-02-16,1,Rejected,,
3934,1196,6,2,2025-07-06,2,Rejected,,
3935,1630,49,4,2025-07-17,2,Rejected,,
3936,2924,24,4,2025-10-27,1,Rejected,,
3937,1667,17,1,2025-02-28,2,Withdrawn,,
3938,705,5,1,2025-11-01,2,Rejected,,
3939,3177,47,3,2025-12-18,1,Rejected,,
3940,3070,41,2,2025-07-31,2,Rejected,,
3941,1580,32,4,2026-03-01,1,Rejected,,
3942,1361,31,1,2026-03-26,5,Hired,2026-04-24,29
3943,344,34,1,2025-03-05,1,Rejected,,
3944,2244,14,5,2026-03-21,1,Rejected,,
3945,2108,23,4,2026-01-14,3,Rejected,,
3946,2358,67,1,2025-03-23,2,Rejected,,
3947,939,58,2,2025-06-14,1,Rejected,,
3948,449,25,2,2026-01-14,2,Withdrawn,,
3949,257,58,5,2025-06-04,5,Hired,2025-06-28,24
3950,1485,45,3,2025-08-06,2,Rejected,,
3951,2257,18,6,2025-11-01,1,Rejected,,
3952,2494,69,3,2026-04-13,2,Rejected,,
3953,2774,42,4,2025-01-06,1,Rejected,,
3954,2881,11,1,2025-09-22,2,Rejected,,
3955,2284,59,4,2026-05-25,3,Rejected,,
3956,756,53,2,2025-01-25,2,Rejected,,
3957,2904,56,1,2026-04-11,1,Rejected,,
3958,1872,46,1,2025-11-30,3,Rejected,,
3959,2766,22,1,2025-07-29,2,Rejected,,
3960,2707,53,3,2025-09-03,5,Hired,2025-09-20,17
3961,661,1,1,2025-05-15,2,Rejected,,
3962,1088,61,3,2026-03-03,5,Hired,2026-04-04,32
3963,1441,25,1,2026-01-13,1,Withdrawn,,
3964,241,16,4,2025-08-08,1,Withdrawn,,
3965,432,59,1,2025-03-16,1,Rejected,,
3966,542,20,2,2025-02-18,1,Rejected,,
3967,1423,44,3,2025-08-14,3,Rejected,,
3968,785,59,4,2026-04-25,1,Withdrawn,,
3969,2476,17,4,2026-05-13,1,Rejected,,
3970,1958,2,2,2025-07-23,2,Rejected,,
3971,2583,1,4,2025-01-09,1,Rejected,,
3972,574,41,3,2025-02-07,2,Rejected,,
3973,1740,66,1,2026-04-24,2,Rejected,,
3974,2675,41,1,2026-01-26,2,Rejected,,
3975,498,4,3,2026-04-23,1,Rejected,,
3976,1734,60,5,2025-09-30,2,Rejected,,
3977,1173,17,1,2026-03-12,2,Rejected,,
3978,2711,51,1,2025-08-14,1,Withdrawn,,
3979,1133,18,3,2025-04-09,3,Rejected,,
3980,2874,3,4,2025-01-14,2,Rejected,,
3981,1190,52,3,2025-08-15,5,Hired,2025-09-06,22
3982,1607,16,1,2025-06-15,3,Withdrawn,,
3983,2214,28,2,2026-03-29,2,Rejected,,
3984,72,21,3,2025-09-27,2,Rejected,,
3985,101,40,5,2025-09-14,5,Hired,2025-10-11,27
3986,2247,12,1,2025-03-07,5,Hired,2025-04-22,46
3987,2930,19,2,2025-07-11,3,Rejected,,
3988,23,59,1,2026-01-31,3,Withdrawn,,
3989,2096,9,1,2025-03-28,2,Withdrawn,,
3990,2453,7,6,2025-03-21,2,Rejected,,
3991,2389,3,6,2025-11-09,1,Rejected,,
3992,842,38,2,2025-01-18,2,Rejected,,
3993,1192,8,1,2026-03-26,1,Withdrawn,,
3994,1,42,4,2025-07-30,1,Rejected,,
3995,1913,10,3,2025-09-27,1,Rejected,,
3996,1622,13,4,2025-12-15,2,Rejected,,
3997,474,13,1,2026-04-19,1,Rejected,,
3998,1953,24,1,2025-05-04,1,Rejected,,
3999,2558,48,3,2025-05-29,1,Rejected,,
4000,1731,49,5,2026-01-27,1,Rejected,,
