CandidateID,CandidateName,Gender,YearsExperience,HomeLocation
1,Nikhil Patel,Male,1,Bangalore
2,Nikhil Nair,Male,7,Pune
3,Pooja Khan,Female,1,Chennai
4,Michael Gupta,Male,4,Remote - India
5,Emily Mehta,Female,2,Chennai
6,Pooja Iyer,Female,7,Gurgaon
7,Arjun Rao,Male,8,Hyderabad
8,Chen Bose,Male,2,Remote - India
9,Nikhil Das,Male,2,Bangalore
10,Nikhil Verma,Male,4,Remote - India
11,David Singh,Male,2,Bangalore
12,Rahul Das,Male,4,Hyderabad
13,Omar Bose,Male,3,Chennai
14,Chen Reddy,Male,6,Remote - India
15,Isha Rao,Female,6,Chennai
16,Siddharth Menon,Male,3,Gurgaon
17,Aisha Kapoor,Female,2,Hyderabad
18,Aditya Joshi,Male,8,Bangalore
19,Ananya Nair,Female,2,Hyderabad
20,Meera Menon,Female,6,Gurgaon
21,Sneha Bose,Female,6,Pune
22,Chen Singh,Male,5,Gurgaon
23,Priya Nair,Female,5,Chennai
24,Siddharth Das,Male,5,Bangalore
25,Neha Menon,Female,5,Hyderabad
26,Chen Sharma,Male,6,Chennai
27,Siddharth Gupta,Male,4,Gurgaon
28,Karan Patel,Male,3,Chennai
29,Kavya Reddy,Female,9,Remote - India
30,Arjun Sharma,Male,7,Gurgaon
31,Daniel Joshi,Male,3,Bangalore
32,Karan Kapoor,Male,6,Remote - India
33,Nikhil Verma,Male,7,Hyderabad
34,Sneha Iyer,Female,3,Chennai
35,Grace Iyer,Female,4,Gurgaon
36,Aditya Reddy,Male,1,Chennai
37,Grace Gupta,Female,6,Remote - India
38,Lin Mehta,Female,7,Gurgaon
39,Rahul Patel,Male,5,Pune
40,Michael Khan,Male,4,Gurgaon
41,Chen Nair,Male,3,Hyderabad
42,Riya Iyer,Female,3,Remote - India
43,Aarav Rao,Male,6,Gurgaon
44,Riya Sharma,Female,5,Bangalore
45,Ananya Rao,Female,6,Bangalore
46,Rohan Das,Male,4,Bangalore
47,Riya Singh,Female,4,Chennai
48,Grace Mehta,Female,0,Gurgaon
49,Isha Joshi,Female,2,Hyderabad
50,Omar Menon,Male,2,Hyderabad
51,Divya Nair,Female,8,Chennai
52,James Kapoor,Male,7,Pune
53,James Khan,Male,4,Chennai
54,Ananya Nair,Female,3,Bangalore
55,David Das,Male,0,Bangalore
56,Riya Mehta,Female,5,Hyderabad
57,Fatima Reddy,Female,0,Pune
58,Arjun Singh,Male,3,Pune
59,Riya Iyer,Female,5,Pune
60,Karan Verma,Male,4,Chennai
61,Priya Iyer,Female,5,Hyderabad
62,Meera Menon,Female,9,Pune
63,Grace Mehta,Female,6,Pune
64,Ananya Gupta,Female,1,Pune
65,Priya Bose,Female,2,Remote - India
66,Chen Patel,Male,0,Pune
67,Omar Reddy,Male,4,Hyderabad
68,Manish Mehta,Male,1,Bangalore
69,Rohan Das,Male,7,Bangalore
70,Rohan Joshi,Male,13,Gurgaon
71,Arjun Verma,Male,2,Gurgaon
72,Vivek Gupta,Male,5,Bangalore
73,Sneha Rao,Female,3,Pune
74,Divya Rao,Female,4,Gurgaon
75,Rohan Iyer,Male,5,Pune
76,Sarah Singh,Female,1,Hyderabad
77,Sarah Rao,Female,3,Remote - India
78,Aisha Reddy,Female,5,Chennai
79,Manish Khan,Male,5,Remote - India
80,Sneha Sharma,Female,3,Pune
81,Divya Iyer,Female,2,Gurgaon
82,Rahul Singh,Male,11,Hyderabad
83,Michael Iyer,Male,7,Hyderabad
84,Emily Patel,Female,7,Hyderabad
85,Fatima Patel,Female,4,Gurgaon
86,Priya Patel,Female,3,Chennai
87,Divya Reddy,Female,3,Remote - India
88,Divya Nair,Female,1,Chennai
89,Aditya Singh,Male,9,Remote - India
90,Rahul Das,Male,4,Hyderabad
91,Siddharth Joshi,Male,8,Remote - India
92,Rohan Iyer,Male,3,Chennai
93,Lin Singh,Female,6,Bangalore
94,Aarav Das,Male,5,Hyderabad
95,Siddharth Gupta,Male,0,Chennai
96,Fatima Menon,Female,10,Gurgaon
97,Priya Nair,Female,3,Bangalore
98,Aditya Verma,Male,1,Remote - India
99,Isha Menon,Female,6,Hyderabad
100,Rohan Patel,Male,4,Remote - India
101,Ananya Kapoor,Female,6,Hyderabad
102,Riya Nair,Female,5,Remote - India
103,James Reddy,Male,0,Hyderabad
104,Arjun Gupta,Male,2,Pune
105,Aarav Gupta,Male,2,Chennai
106,Daniel Menon,Male,7,Chennai
107,Nikhil Singh,Male,5,Hyderabad
108,Divya Bose,Female,6,Bangalore
109,Grace Rao,Female,4,Hyderabad
110,Chen Kapoor,Male,6,Remote - India
111,Nikhil Rao,Male,4,Bangalore
112,Rahul Bose,Male,4,Remote - India
113,Siddharth Iyer,Male,5,Remote - India
114,Emily Bose,Female,5,Chennai
115,Sarah Sharma,Female,12,Bangalore
116,Siddharth Gupta,Male,2,Gurgaon
117,Siddharth Verma,Male,0,Bangalore
118,James Kapoor,Male,5,Chennai
119,Sarah Menon,Female,2,Gurgaon
120,Karan Bose,Male,0,Gurgaon
121,Rahul Singh,Male,1,Bangalore
122,James Sharma,Male,11,Gurgaon
123,Kavya Kapoor,Female,2,Pune
124,Vivek Das,Male,0,Gurgaon
125,Daniel Nair,Male,11,Chennai
126,Neha Patel,Female,1,Chennai
127,James Das,Male,13,Pune
128,Neha Reddy,Female,3,Hyderabad
129,Lin Bose,Female,10,Chennai
130,Meera Patel,Female,4,Pune
131,Aarav Patel,Male,6,Remote - India
132,Kavya Menon,Female,4,Gurgaon
133,Sarah Khan,Female,4,Pune
134,Fatima Mehta,Female,5,Gurgaon
135,Grace Gupta,Female,6,Chennai
136,Vivek Patel,Male,5,Gurgaon
137,Sarah Iyer,Female,5,Hyderabad
138,Manish Rao,Male,2,Hyderabad
139,Isha Sharma,Female,4,Bangalore
140,Riya Joshi,Female,9,Gurgaon
141,Sneha Khan,Female,2,Pune
142,Kavya Bose,Female,5,Pune
143,Aisha Rao,Female,8,Hyderabad
144,Priya Nair,Female,6,Pune
145,Riya Gupta,Female,7,Chennai
146,Chen Verma,Male,1,Gurgaon
147,Nikhil Nair,Male,5,Pune
148,Aditya Khan,Male,4,Chennai
149,Sarah Khan,Female,4,Gurgaon
150,James Khan,Male,9,Hyderabad
151,Omar Khan,Male,4,Remote - India
152,Nikhil Singh,Male,5,Gurgaon
153,Grace Rao,Female,0,Remote - India
154,Fatima Iyer,Female,10,Chennai
155,Neha Rao,Female,7,Remote - India
156,Sarah Das,Female,4,Gurgaon
157,Vivek Reddy,Male,3,Hyderabad
158,Nikhil Bose,Male,6,Chennai
159,Aditya Mehta,Male,8,Bangalore
160,James Menon,Male,10,Remote - India
161,Chen Menon,Male,7,Bangalore
162,Rahul Menon,Male,5,Pune
163,Priya Bose,Female,7,Pune
164,Priya Kapoor,Female,7,Remote - India
165,David Menon,Male,5,Gurgaon
166,Nikhil Joshi,Male,7,Hyderabad
167,Siddharth Menon,Male,7,Pune
168,Aarav Bose,Male,4,Remote - India
169,David Gupta,Male,3,Pune
170,Aditya Sharma,Male,6,Pune
171,Aarav Iyer,Male,1,Chennai
172,Lin Reddy,Female,1,Pune
173,Meera Verma,Female,5,Remote - India
174,David Das,Male,6,Hyderabad
175,Chen Das,Male,5,Remote - India
176,David Singh,Male,6,Pune
177,Siddharth Iyer,Male,0,Pune
178,Aarav Verma,Male,6,Remote - India
179,Riya Iyer,Female,9,Chennai
180,Rohan Sharma,Male,7,Hyderabad
181,Rahul Sharma,Male,7,Gurgaon
182,Isha Rao,Female,5,Hyderabad
183,Omar Nair,Male,5,Gurgaon
184,Kavya Khan,Female,4,Chennai
185,Pooja Kapoor,Female,6,Hyderabad
186,Karan Gupta,Male,1,Remote - India
187,Divya Sharma,Female,9,Remote - India
188,David Bose,Male,2,Chennai
189,Rahul Iyer,Male,7,Gurgaon
190,Riya Nair,Female,8,Chennai
191,Manish Nair,Male,7,Gurgaon
192,Ananya Kapoor,Female,11,Gurgaon
193,James Kapoor,Male,0,Bangalore
194,Daniel Sharma,Male,3,Pune
195,Grace Nair,Female,8,Pune
196,Michael Khan,Male,1,Chennai
197,Aditya Menon,Male,2,Hyderabad
198,Pooja Joshi,Female,6,Pune
199,James Singh,Male,0,Remote - India
200,Nikhil Iyer,Male,5,Remote - India
201,Fatima Rao,Female,6,Pune
202,Aisha Das,Female,5,Bangalore
203,Grace Das,Female,5,Hyderabad
204,Grace Mehta,Female,2,Remote - India
205,Pooja Das,Female,5,Remote - India
206,Pooja Sharma,Female,3,Gurgaon
207,Rahul Iyer,Male,4,Hyderabad
208,Lin Joshi,Female,7,Gurgaon
209,Nikhil Joshi,Male,1,Chennai
210,Grace Khan,Female,0,Bangalore
211,Sneha Patel,Female,7,Hyderabad
212,David Rao,Male,5,Remote - India
213,Michael Joshi,Male,8,Gurgaon
214,Emily Menon,Female,2,Chennai
215,Sarah Kapoor,Female,4,Chennai
216,Chen Singh,Male,5,Remote - India
217,Siddharth Rao,Male,3,Bangalore
218,Rahul Das,Male,2,Bangalore
219,Meera Mehta,Female,7,Hyderabad
220,Omar Singh,Male,0,Chennai
221,Neha Nair,Female,1,Hyderabad
222,Neha Rao,Female,4,Remote - India
223,Arjun Patel,Male,7,Bangalore
224,Isha Singh,Female,3,Bangalore
225,Rohan Patel,Male,3,Chennai
226,Aditya Joshi,Male,4,Bangalore
227,Aarav Patel,Male,6,Pune
228,Omar Khan,Male,3,Remote - India
229,Arjun Verma,Male,8,Remote - India
230,Omar Nair,Male,8,Bangalore
231,Aisha Joshi,Female,4,Bangalore
232,Ananya Reddy,Female,10,Hyderabad
233,Neha Iyer,Female,5,Hyderabad
234,Divya Menon,Female,8,Gurgaon
235,Riya Bose,Female,5,Pune
236,Chen Patel,Male,5,Gurgaon
237,Lin Patel,Female,0,Gurgaon
238,Rohan Nair,Male,1,Hyderabad
239,Kavya Singh,Female,4,Chennai
240,Vivek Gupta,Male,8,Hyderabad
241,Arjun Iyer,Male,6,Hyderabad
242,Aarav Menon,Male,4,Pune
243,Omar Patel,Male,6,Bangalore
244,Nikhil Patel,Male,8,Chennai
245,Neha Khan,Female,5,Bangalore
246,Riya Singh,Female,5,Chennai
247,Rahul Menon,Male,5,Bangalore
248,Nikhil Reddy,Male,4,Remote - India
249,Aditya Iyer,Male,2,Bangalore
250,Meera Patel,Female,2,Gurgaon
251,Manish Khan,Male,6,Bangalore
252,Fatima Patel,Female,8,Chennai
253,Aisha Singh,Female,4,Gurgaon
254,Grace Khan,Female,4,Bangalore
255,Ananya Menon,Female,0,Chennai
256,Sarah Singh,Female,0,Bangalore
257,Vivek Rao,Male,9,Chennai
258,Priya Singh,Female,2,Gurgaon
259,Ananya Gupta,Female,0,Pune
260,Chen Singh,Male,12,Hyderabad
261,James Joshi,Male,3,Bangalore
262,Omar Kapoor,Male,0,Pune
263,Sarah Das,Female,5,Chennai
264,Divya Gupta,Female,7,Remote - India
265,James Joshi,Male,7,Remote - India
266,Aisha Verma,Female,7,Pune
267,Vivek Das,Male,2,Remote - India
268,Daniel Nair,Male,9,Pune
269,Priya Khan,Female,9,Pune
270,Ananya Mehta,Female,9,Gurgaon
271,Michael Joshi,Male,5,Chennai
272,Chen Verma,Male,3,Hyderabad
273,Pooja Reddy,Female,3,Remote - India
274,Fatima Joshi,Female,0,Bangalore
275,Priya Rao,Female,3,Chennai
276,Arjun Patel,Male,0,Gurgaon
277,Priya Menon,Female,0,Bangalore
278,Nikhil Nair,Male,5,Pune
279,Karan Reddy,Male,4,Pune
280,Manish Singh,Male,5,Pune
281,Grace Joshi,Female,7,Hyderabad
282,Fatima Reddy,Female,6,Pune
283,Rahul Reddy,Male,5,Bangalore
284,Siddharth Menon,Male,4,Remote - India
285,Siddharth Sharma,Male,2,Remote - India
286,Manish Joshi,Male,1,Hyderabad
287,Chen Joshi,Male,3,Remote - India
288,Sarah Bose,Female,4,Pune
289,Daniel Mehta,Male,5,Chennai
290,Riya Bose,Female,7,Hyderabad
291,Lin Verma,Female,4,Remote - India
292,Omar Bose,Male,6,Pune
293,Isha Joshi,Female,0,Bangalore
294,Isha Das,Female,5,Bangalore
295,Chen Nair,Male,5,Gurgaon
296,Chen Sharma,Male,9,Chennai
297,Aditya Menon,Male,4,Chennai
298,Aditya Iyer,Male,0,Pune
299,Siddharth Das,Male,4,Gurgaon
300,David Iyer,Male,7,Remote - India
301,David Das,Male,1,Chennai
302,Omar Verma,Male,5,Gurgaon
303,Vivek Rao,Male,1,Chennai
304,Neha Rao,Female,10,Chennai
305,Vivek Menon,Male,3,Bangalore
306,Divya Khan,Female,1,Hyderabad
307,Manish Sharma,Male,3,Bangalore
308,Daniel Verma,Male,5,Remote - India
309,Michael Kapoor,Male,6,Pune
310,Aditya Rao,Male,8,Gurgaon
311,James Gupta,Male,3,Hyderabad
312,Arjun Iyer,Male,7,Gurgaon
313,Aisha Rao,Female,0,Pune
314,Isha Rao,Female,1,Pune
315,Siddharth Khan,Male,0,Remote - India
316,Aarav Khan,Male,2,Remote - India
317,Arjun Iyer,Male,7,Pune
318,Emily Patel,Female,3,Chennai
319,James Singh,Male,3,Pune
320,Neha Mehta,Female,5,Pune
321,Omar Nair,Male,6,Hyderabad
322,Aisha Kapoor,Female,3,Gurgaon
323,Manish Patel,Male,1,Bangalore
324,David Singh,Male,9,Bangalore
325,Rohan Joshi,Male,3,Remote - India
326,Nikhil Kapoor,Male,4,Hyderabad
327,Kavya Singh,Female,4,Chennai
328,Isha Nair,Female,6,Chennai
329,Ananya Patel,Female,0,Pune
330,Rohan Kapoor,Male,11,Chennai
331,Isha Iyer,Female,3,Remote - India
332,Sarah Menon,Female,6,Hyderabad
333,Rahul Reddy,Male,1,Gurgaon
334,Michael Singh,Male,5,Hyderabad
335,Siddharth Joshi,Male,10,Remote - India
336,Sarah Nair,Female,10,Pune
337,Sneha Reddy,Female,6,Hyderabad
338,Aisha Kapoor,Female,2,Bangalore
339,David Sharma,Male,8,Remote - India
340,Divya Khan,Female,0,Remote - India
341,Siddharth Bose,Male,2,Chennai
342,Emily Nair,Female,4,Chennai
343,Riya Joshi,Female,0,Bangalore
344,Daniel Rao,Male,3,Chennai
345,Vivek Khan,Male,7,Chennai
346,Manish Menon,Male,2,Bangalore
347,Isha Verma,Female,7,Bangalore
348,Neha Joshi,Female,12,Bangalore
349,Karan Rao,Male,6,Gurgaon
350,Aditya Bose,Male,7,Pune
351,Michael Menon,Male,8,Gurgaon
352,Aditya Menon,Male,3,Chennai
353,Divya Joshi,Female,7,Gurgaon
354,Lin Singh,Female,3,Bangalore
355,Michael Mehta,Male,5,Pune
356,Fatima Rao,Female,7,Remote - India
357,Karan Kapoor,Male,2,Gurgaon
358,Emily Verma,Female,0,Pune
359,Pooja Mehta,Female,2,Bangalore
360,Chen Iyer,Male,8,Chennai
361,Kavya Sharma,Female,1,Bangalore
362,Sarah Rao,Female,8,Hyderabad
363,Rahul Iyer,Male,2,Gurgaon
364,Kavya Mehta,Female,4,Hyderabad
365,Sarah Reddy,Female,4,Gurgaon
366,Priya Singh,Female,1,Hyderabad
367,Isha Singh,Female,4,Hyderabad
368,Karan Sharma,Male,0,Hyderabad
369,Priya Kapoor,Female,3,Hyderabad
370,Daniel Sharma,Male,4,Hyderabad
371,Pooja Verma,Female,0,Hyderabad
372,James Nair,Male,2,Chennai
373,Sneha Joshi,Female,5,Pune
374,Michael Nair,Male,1,Pune
375,Nikhil Verma,Male,6,Chennai
376,Neha Khan,Female,6,Chennai
377,Priya Verma,Female,5,Pune
378,Aisha Menon,Female,7,Chennai
379,Divya Joshi,Female,0,Chennai
380,Chen Iyer,Male,8,Bangalore
381,Daniel Reddy,Male,1,Bangalore
382,Aditya Singh,Male,5,Gurgaon
383,Daniel Bose,Male,10,Gurgaon
384,Neha Khan,Female,3,Gurgaon
385,James Nair,Male,5,Chennai
386,Karan Mehta,Male,1,Pune
387,Chen Rao,Male,10,Pune
388,Sarah Khan,Female,2,Pune
389,Lin Nair,Female,6,Remote - India
390,James Das,Male,8,Chennai
391,Pooja Kapoor,Female,7,Hyderabad
392,Grace Iyer,Female,6,Bangalore
393,Sneha Iyer,Female,5,Pune
394,Divya Kapoor,Female,1,Hyderabad
395,Rohan Das,Male,10,Chennai
396,Divya Menon,Female,5,Remote - India
397,James Verma,Male,5,Remote - India
398,Neha Kapoor,Female,1,Bangalore
399,Kavya Reddy,Female,5,Chennai
400,Omar Rao,Male,4,Bangalore
401,Emily Kapoor,Female,10,Bangalore
402,Siddharth Rao,Male,5,Pune
403,Aarav Singh,Male,5,Bangalore
404,Arjun Singh,Male,1,Chennai
405,Neha Das,Female,2,Remote - India
406,Aarav Gupta,Male,6,Hyderabad
407,David Iyer,Male,0,Hyderabad
408,Priya Iyer,Female,7,Chennai
409,Kavya Bose,Female,8,Pune
410,Fatima Das,Female,2,Hyderabad
411,Michael Patel,Male,6,Chennai
412,Daniel Iyer,Male,8,Bangalore
413,Aditya Gupta,Male,4,Gurgaon
414,Rohan Iyer,Male,4,Remote - India
415,Chen Menon,Male,4,Pune
416,Chen Menon,Male,5,Remote - India
417,Kavya Nair,Female,3,Remote - India
418,James Nair,Male,3,Remote - India
419,Omar Patel,Male,5,Bangalore
420,Nikhil Bose,Male,3,Gurgaon
421,Ananya Sharma,Female,1,Hyderabad
422,Manish Mehta,Male,0,Hyderabad
423,Siddharth Patel,Male,5,Remote - India
424,Karan Sharma,Male,8,Pune
425,James Gupta,Male,6,Hyderabad
426,David Rao,Male,1,Gurgaon
427,Michael Iyer,Male,2,Pune
428,Rohan Menon,Male,4,Bangalore
429,Fatima Iyer,Female,10,Remote - India
430,Lin Bose,Female,10,Chennai
431,Lin Patel,Female,10,Bangalore
432,David Sharma,Male,5,Remote - India
433,Meera Khan,Female,14,Chennai
434,Michael Iyer,Male,2,Pune
435,Karan Rao,Male,3,Pune
436,David Iyer,Male,7,Pune
437,Neha Das,Female,5,Hyderabad
438,Sarah Gupta,Female,6,Bangalore
439,Karan Mehta,Male,0,Remote - India
440,Michael Reddy,Male,2,Hyderabad
441,Divya Reddy,Female,4,Remote - India
442,Rahul Gupta,Male,2,Gurgaon
443,Isha Iyer,Female,0,Hyderabad
444,Omar Khan,Male,3,Gurgaon
445,Fatima Das,Female,5,Chennai
446,Daniel Reddy,Male,7,Pune
447,Vivek Joshi,Male,0,Pune
448,Neha Singh,Female,4,Gurgaon
449,Ananya Kapoor,Female,4,Gurgaon
450,Vivek Patel,Male,5,Pune
451,Chen Verma,Male,1,Bangalore
452,Michael Patel,Male,1,Bangalore
453,Sneha Bose,Female,8,Pune
454,Rohan Khan,Male,0,Gurgaon
455,Rahul Das,Male,2,Gurgaon
456,Omar Reddy,Male,3,Bangalore
457,Fatima Nair,Female,4,Remote - India
458,Vivek Gupta,Male,2,Bangalore
459,Nikhil Khan,Male,6,Pune
460,Meera Kapoor,Female,6,Remote - India
461,Manish Bose,Male,4,Pune
462,Sarah Verma,Female,3,Chennai
463,Sarah Iyer,Female,4,Remote - India
464,Divya Bose,Female,5,Remote - India
465,Siddharth Reddy,Male,2,Remote - India
466,Sneha Reddy,Female,6,Remote - India
467,Neha Bose,Female,7,Hyderabad
468,Vivek Patel,Male,9,Gurgaon
469,David Das,Male,9,Hyderabad
470,Sneha Menon,Female,4,Gurgaon
471,Michael Sharma,Male,5,Remote - India
472,Manish Gupta,Male,4,Hyderabad
473,Daniel Joshi,Male,4,Hyderabad
474,Nikhil Reddy,Male,4,Hyderabad
475,Sneha Patel,Female,5,Bangalore
476,Rohan Das,Male,8,Gurgaon
477,Aditya Bose,Male,5,Hyderabad
478,Arjun Gupta,Male,1,Chennai
479,Meera Khan,Female,7,Bangalore
480,Lin Kapoor,Female,5,Chennai
481,Riya Khan,Female,6,Gurgaon
482,Manish Khan,Male,5,Hyderabad
483,Nikhil Patel,Male,6,Pune
484,Rahul Kapoor,Male,6,Chennai
485,Chen Khan,Male,0,Remote - India
486,Aisha Menon,Female,6,Hyderabad
487,Kavya Reddy,Female,2,Remote - India
488,Ananya Joshi,Female,3,Remote - India
489,Karan Nair,Male,4,Remote - India
490,Vivek Gupta,Male,9,Remote - India
491,Chen Reddy,Male,1,Pune
492,Vivek Rao,Male,4,Pune
493,Michael Sharma,Male,4,Pune
494,Ananya Bose,Female,7,Gurgaon
495,Emily Rao,Female,4,Pune
496,Vivek Kapoor,Male,5,Hyderabad
497,Aarav Das,Male,2,Bangalore
498,Daniel Reddy,Male,8,Hyderabad
499,Rohan Patel,Male,0,Pune
500,Aditya Joshi,Male,6,Pune
501,Priya Iyer,Female,5,Bangalore
502,Siddharth Mehta,Male,6,Hyderabad
503,Lin Nair,Female,0,Remote - India
504,Nikhil Patel,Male,4,Bangalore
505,Rohan Rao,Male,7,Pune
506,Chen Iyer,Male,10,Bangalore
507,Omar Sharma,Male,4,Chennai
508,Nikhil Reddy,Male,7,Remote - India
509,James Sharma,Male,5,Gurgaon
510,Emily Rao,Female,4,Gurgaon
511,Lin Gupta,Female,3,Chennai
512,Vivek Kapoor,Male,5,Bangalore
513,Priya Bose,Female,7,Pune
514,Rohan Bose,Male,7,Remote - India
515,Pooja Sharma,Female,1,Remote - India
516,Sneha Kapoor,Female,3,Hyderabad
517,Karan Das,Male,1,Hyderabad
518,Rohan Kapoor,Male,5,Gurgaon
519,Sarah Gupta,Female,3,Chennai
520,Fatima Joshi,Female,6,Chennai
521,Arjun Reddy,Male,6,Bangalore
522,Chen Verma,Male,0,Remote - India
523,Rahul Verma,Male,0,Hyderabad
524,Ananya Das,Female,4,Remote - India
525,Aisha Joshi,Female,8,Remote - India
526,Ananya Mehta,Female,3,Remote - India
527,Emily Verma,Female,3,Chennai
528,Daniel Singh,Male,7,Bangalore
529,Michael Menon,Male,7,Pune
530,Chen Bose,Male,2,Remote - India
531,Arjun Joshi,Male,7,Chennai
532,Omar Kapoor,Male,2,Gurgaon
533,Pooja Iyer,Female,3,Chennai
534,James Iyer,Male,2,Pune
535,Arjun Patel,Male,1,Remote - India
536,Karan Iyer,Male,5,Remote - India
537,Manish Patel,Male,0,Pune
538,Lin Gupta,Female,5,Chennai
539,Fatima Kapoor,Female,5,Pune
540,Rohan Kapoor,Male,4,Gurgaon
541,Lin Singh,Female,3,Chennai
542,Rohan Iyer,Male,3,Chennai
543,Aisha Kapoor,Female,1,Gurgaon
544,Arjun Sharma,Male,9,Hyderabad
545,Fatima Verma,Female,4,Hyderabad
546,Sneha Rao,Female,4,Chennai
547,Michael Kapoor,Male,2,Pune
548,Ananya Reddy,Female,8,Chennai
549,Chen Kapoor,Male,3,Remote - India
550,Chen Iyer,Male,5,Gurgaon
551,Isha Kapoor,Female,6,Pune
552,Sarah Singh,Female,5,Hyderabad
553,Karan Sharma,Male,0,Chennai
554,Arjun Joshi,Male,6,Gurgaon
555,Aisha Nair,Female,3,Remote - India
556,Siddharth Khan,Male,7,Hyderabad
557,Manish Joshi,Male,3,Hyderabad
558,Karan Reddy,Male,4,Bangalore
559,Fatima Gupta,Female,6,Chennai
560,Chen Iyer,Male,8,Chennai
561,Daniel Kapoor,Male,6,Chennai
562,Sneha Patel,Female,6,Remote - India
563,Meera Gupta,Female,7,Remote - India
564,Nikhil Nair,Male,2,Hyderabad
565,Isha Rao,Female,7,Pune
566,Aarav Kapoor,Male,4,Gurgaon
567,Michael Khan,Male,4,Gurgaon
568,Isha Iyer,Female,5,Bangalore
569,Neha Bose,Female,3,Chennai
570,Omar Menon,Male,2,Pune
571,Sneha Reddy,Female,5,Remote - India
572,Sneha Khan,Female,4,Pune
573,Emily Reddy,Female,4,Gurgaon
574,Arjun Reddy,Male,4,Pune
575,Ananya Nair,Female,0,Gurgaon
576,Aditya Patel,Male,4,Hyderabad
577,Arjun Das,Male,9,Chennai
578,Riya Kapoor,Female,8,Gurgaon
579,Neha Iyer,Female,5,Remote - India
580,Rahul Singh,Male,5,Hyderabad
581,Manish Iyer,Male,0,Gurgaon
582,Meera Reddy,Female,3,Hyderabad
583,Daniel Verma,Male,7,Bangalore
584,Sneha Verma,Female,3,Chennai
585,Pooja Mehta,Female,8,Gurgaon
586,Lin Sharma,Female,7,Pune
587,Neha Patel,Female,3,Pune
588,Nikhil Bose,Male,5,Remote - India
589,Chen Iyer,Male,9,Chennai
590,Rohan Gupta,Male,0,Pune
591,Lin Joshi,Female,3,Pune
592,Kavya Das,Female,0,Gurgaon
593,Aditya Das,Male,2,Chennai
594,Daniel Kapoor,Male,10,Pune
595,Isha Kapoor,Female,3,Gurgaon
596,Karan Das,Male,0,Hyderabad
597,Fatima Nair,Female,2,Remote - India
598,Chen Rao,Male,0,Hyderabad
599,Karan Verma,Male,5,Remote - India
600,Aisha Menon,Female,6,Hyderabad
601,Meera Das,Female,7,Gurgaon
602,Daniel Mehta,Male,6,Hyderabad
603,Grace Khan,Female,0,Pune
604,Manish Joshi,Male,6,Bangalore
605,Sneha Bose,Female,4,Gurgaon
606,Chen Rao,Male,8,Hyderabad
607,Michael Verma,Male,7,Bangalore
608,Neha Joshi,Female,10,Gurgaon
609,Grace Patel,Female,2,Gurgaon
610,Priya Nair,Female,1,Pune
611,Isha Singh,Female,3,Chennai
612,Emily Bose,Female,4,Remote - India
613,Rohan Bose,Male,2,Bangalore
614,Kavya Kapoor,Female,2,Gurgaon
615,Neha Iyer,Female,5,Pune
616,Chen Singh,Male,3,Gurgaon
617,Karan Reddy,Male,2,Bangalore
618,Aisha Kapoor,Female,0,Remote - India
619,Emily Reddy,Female,0,Hyderabad
620,Aisha Verma,Female,8,Bangalore
621,Rohan Reddy,Male,8,Chennai
622,Daniel Joshi,Male,7,Gurgaon
623,Fatima Reddy,Female,6,Gurgaon
624,Isha Das,Female,3,Gurgaon
625,Daniel Gupta,Male,6,Pune
626,Neha Das,Female,1,Gurgaon
627,Omar Patel,Male,5,Pune
628,Priya Kapoor,Female,2,Remote - India
629,Divya Menon,Female,6,Gurgaon
630,Neha Sharma,Female,9,Gurgaon
631,Omar Singh,Male,1,Chennai
632,Riya Verma,Female,3,Gurgaon
633,Grace Gupta,Female,5,Gurgaon
634,David Reddy,Male,0,Chennai
635,Riya Verma,Female,0,Gurgaon
636,Karan Mehta,Male,9,Bangalore
637,Chen Das,Male,5,Pune
638,Aditya Menon,Male,3,Chennai
639,Kavya Menon,Female,4,Gurgaon
640,Grace Verma,Female,3,Chennai
641,Aditya Mehta,Male,5,Gurgaon
642,Sarah Joshi,Female,3,Gurgaon
643,David Das,Male,4,Hyderabad
644,Chen Das,Male,6,Gurgaon
645,Michael Singh,Male,6,Gurgaon
646,Grace Mehta,Female,9,Hyderabad
647,Pooja Patel,Female,6,Hyderabad
648,Manish Patel,Male,5,Chennai
649,Kavya Joshi,Female,9,Remote - India
650,Omar Kapoor,Male,4,Gurgaon
651,Siddharth Patel,Male,0,Bangalore
652,David Bose,Male,7,Remote - India
653,Isha Patel,Female,5,Bangalore
654,Neha Iyer,Female,4,Remote - India
655,Fatima Singh,Female,7,Chennai
656,Grace Mehta,Female,3,Hyderabad
657,Siddharth Singh,Male,0,Hyderabad
658,Karan Rao,Male,7,Hyderabad
659,Rohan Rao,Male,3,Chennai
660,Riya Verma,Female,2,Bangalore
661,James Das,Male,0,Chennai
662,Omar Nair,Male,7,Chennai
663,Aditya Sharma,Male,0,Gurgaon
664,Arjun Menon,Male,8,Chennai
665,Grace Joshi,Female,3,Chennai
666,Kavya Patel,Female,7,Remote - India
667,Manish Verma,Male,6,Bangalore
668,Riya Verma,Female,10,Hyderabad
669,Lin Gupta,Female,6,Bangalore
670,David Joshi,Male,8,Hyderabad
671,Neha Verma,Female,3,Bangalore
672,Neha Nair,Female,0,Remote - India
673,Neha Khan,Female,7,Chennai
674,Omar Reddy,Male,0,Gurgaon
675,Fatima Singh,Female,7,Hyderabad
676,Divya Das,Female,1,Hyderabad
677,Chen Singh,Male,5,Chennai
678,Arjun Sharma,Male,10,Chennai
679,Sarah Patel,Female,6,Gurgaon
680,Rahul Gupta,Male,4,Gurgaon
681,Aisha Menon,Female,6,Gurgaon
682,Sarah Iyer,Female,3,Pune
683,Karan Gupta,Male,11,Hyderabad
684,Grace Das,Female,2,Hyderabad
685,Priya Singh,Female,4,Pune
686,Riya Khan,Female,6,Remote - India
687,Daniel Patel,Male,6,Gurgaon
688,Aarav Singh,Male,6,Chennai
689,Michael Rao,Male,3,Bangalore
690,Karan Khan,Male,4,Remote - India
691,Arjun Bose,Male,7,Chennai
692,Manish Nair,Male,7,Chennai
693,Neha Kapoor,Female,6,Gurgaon
694,Nikhil Rao,Male,8,Hyderabad
695,Omar Reddy,Male,7,Pune
696,Michael Menon,Male,7,Chennai
697,Omar Mehta,Male,0,Hyderabad
698,Sneha Khan,Female,6,Gurgaon
699,Michael Iyer,Male,5,Gurgaon
700,Karan Verma,Male,9,Gurgaon
701,Rahul Reddy,Male,0,Hyderabad
702,Daniel Khan,Male,4,Bangalore
703,Kavya Joshi,Female,5,Bangalore
704,Fatima Verma,Female,1,Pune
705,Aditya Menon,Male,2,Pune
706,Rohan Khan,Male,9,Chennai
707,Neha Sharma,Female,6,Pune
708,Pooja Sharma,Female,10,Chennai
709,Kavya Iyer,Female,4,Bangalore
710,James Kapoor,Male,0,Chennai
711,Sneha Verma,Female,4,Bangalore
712,Grace Verma,Female,3,Remote - India
713,Lin Gupta,Female,7,Hyderabad
714,James Kapoor,Male,6,Pune
715,Chen Bose,Male,6,Pune
716,Vivek Reddy,Male,11,Chennai
717,Michael Nair,Male,8,Hyderabad
718,Aisha Reddy,Female,2,Chennai
719,Riya Sharma,Female,7,Bangalore
720,Manish Khan,Male,5,Chennai
721,James Bose,Male,4,Hyderabad
722,Riya Khan,Female,9,Remote - India
723,Aditya Singh,Male,2,Hyderabad
724,Divya Verma,Female,7,Chennai
725,James Sharma,Male,7,Hyderabad
726,Rahul Iyer,Male,2,Bangalore
727,Ananya Khan,Female,0,Gurgaon
728,Rohan Rao,Male,4,Chennai
729,Ananya Bose,Female,0,Pune
730,Nikhil Mehta,Male,8,Bangalore
731,Isha Patel,Female,6,Hyderabad
732,Daniel Das,Male,9,Hyderabad
733,Manish Reddy,Male,5,Chennai
734,Nikhil Menon,Male,9,Remote - India
735,Siddharth Verma,Male,3,Gurgaon
736,Meera Menon,Female,6,Gurgaon
737,Omar Verma,Male,3,Remote - India
738,Aisha Das,Female,4,Chennai
739,James Menon,Male,5,Hyderabad
740,Neha Bose,Female,6,Hyderabad
741,Omar Rao,Male,2,Hyderabad
742,Neha Reddy,Female,6,Pune
743,Rohan Menon,Male,5,Pune
744,Aditya Bose,Male,0,Hyderabad
745,Pooja Mehta,Female,0,Remote - India
746,Sneha Khan,Female,8,Remote - India
747,Vivek Mehta,Male,0,Bangalore
748,Siddharth Bose,Male,4,Chennai
749,Ananya Iyer,Female,0,Hyderabad
750,Kavya Joshi,Female,10,Hyderabad
751,Sarah Patel,Female,6,Bangalore
752,Rahul Mehta,Male,5,Chennai
753,Karan Joshi,Male,2,Hyderabad
754,Kavya Bose,Female,0,Hyderabad
755,Sarah Patel,Female,5,Pune
756,Fatima Kapoor,Female,4,Remote - India
757,Siddharth Kapoor,Male,1,Gurgaon
758,Grace Khan,Female,1,Bangalore
759,Omar Das,Male,1,Hyderabad
760,Michael Das,Male,1,Pune
761,Rohan Rao,Male,3,Chennai
762,Isha Sharma,Female,5,Remote - India
763,James Patel,Male,6,Hyderabad
764,Kavya Das,Female,4,Hyderabad
765,Aisha Rao,Female,5,Pune
766,Sarah Singh,Female,6,Pune
767,Grace Khan,Female,0,Hyderabad
768,Emily Gupta,Female,5,Hyderabad
769,Omar Gupta,Male,8,Gurgaon
770,Rohan Verma,Male,0,Bangalore
771,Rohan Sharma,Male,0,Pune
772,Aditya Rao,Male,4,Bangalore
773,Aditya Sharma,Male,8,Hyderabad
774,Fatima Kapoor,Female,4,Bangalore
775,Omar Joshi,Male,6,Bangalore
776,Priya Menon,Female,5,Bangalore
777,Aarav Singh,Male,1,Gurgaon
778,Neha Sharma,Female,2,Gurgaon
779,James Gupta,Male,0,Bangalore
780,Karan Reddy,Male,9,Hyderabad
781,Rahul Singh,Male,7,Remote - India
782,Pooja Bose,Female,4,Bangalore
783,Michael Bose,Male,4,Pune
784,Riya Rao,Female,2,Remote - India
785,Sneha Verma,Female,6,Bangalore
786,Aisha Bose,Female,2,Pune
787,Omar Verma,Male,3,Chennai
788,Aarav Gupta,Male,3,Bangalore
789,Grace Menon,Female,7,Chennai
790,Daniel Nair,Male,4,Gurgaon
791,Rohan Rao,Male,5,Hyderabad
792,Omar Singh,Male,1,Bangalore
793,Sneha Singh,Female,3,Gurgaon
794,Rohan Gupta,Male,5,Remote - India
795,Priya Mehta,Female,0,Gurgaon
796,Isha Bose,Female,4,Bangalore
797,Manish Gupta,Male,4,Gurgaon
798,Nikhil Bose,Male,1,Chennai
799,Sarah Bose,Female,8,Chennai
800,Aditya Iyer,Male,6,Gurgaon
801,Emily Verma,Female,4,Bangalore
802,James Rao,Male,2,Bangalore
803,Sarah Bose,Female,0,Remote - India
804,Priya Singh,Female,7,Pune
805,Grace Rao,Female,3,Remote - India
806,David Menon,Male,0,Hyderabad
807,David Iyer,Male,2,Gurgaon
808,Manish Rao,Male,6,Chennai
809,Sneha Iyer,Female,5,Remote - India
810,Isha Bose,Female,1,Chennai
811,Aditya Bose,Male,8,Remote - India
812,Michael Nair,Male,0,Bangalore
813,Priya Patel,Female,9,Pune
814,Emily Singh,Female,5,Bangalore
815,Aditya Iyer,Male,3,Hyderabad
816,Lin Khan,Female,4,Gurgaon
817,Lin Nair,Female,5,Bangalore
818,Vivek Kapoor,Male,6,Gurgaon
819,Sneha Das,Female,0,Pune
820,Priya Patel,Female,2,Pune
821,Aisha Iyer,Female,5,Chennai
822,Nikhil Gupta,Male,8,Chennai
823,David Gupta,Male,8,Hyderabad
824,Siddharth Patel,Male,9,Remote - India
825,Grace Reddy,Female,8,Bangalore
826,Meera Menon,Female,2,Remote - India
827,James Patel,Male,4,Pune
828,Vivek Kapoor,Male,8,Remote - India
829,Nikhil Joshi,Male,7,Gurgaon
830,Rahul Khan,Male,4,Bangalore
831,Aditya Patel,Male,6,Bangalore
832,David Das,Male,3,Gurgaon
833,Aisha Das,Female,0,Pune
834,Daniel Menon,Male,4,Chennai
835,Aditya Patel,Male,4,Remote - India
836,Rahul Joshi,Male,3,Remote - India
837,Meera Bose,Female,6,Remote - India
838,Manish Joshi,Male,4,Gurgaon
839,Riya Das,Female,6,Pune
840,Siddharth Bose,Male,7,Remote - India
841,Karan Mehta,Male,12,Gurgaon
842,Meera Sharma,Female,4,Chennai
843,Chen Mehta,Male,8,Pune
844,Neha Iyer,Female,5,Pune
845,Omar Reddy,Male,5,Chennai
846,Manish Rao,Male,4,Remote - India
847,Aditya Menon,Male,5,Pune
848,Sneha Khan,Female,4,Gurgaon
849,Grace Bose,Female,7,Gurgaon
850,James Verma,Male,2,Remote - India
851,Sneha Nair,Female,0,Hyderabad
852,Michael Gupta,Male,3,Chennai
853,Rohan Bose,Male,3,Remote - India
854,Lin Nair,Female,3,Bangalore
855,Divya Singh,Female,4,Hyderabad
856,Nikhil Khan,Male,3,Remote - India
857,David Khan,Male,4,Chennai
858,Aditya Kapoor,Male,3,Bangalore
859,Grace Nair,Female,6,Remote - India
860,James Iyer,Male,12,Bangalore
861,Isha Kapoor,Female,5,Remote - India
862,Daniel Khan,Male,3,Hyderabad
863,Omar Kapoor,Male,0,Pune
864,Karan Khan,Male,10,Chennai
865,Chen Das,Male,5,Bangalore
866,Neha Verma,Female,4,Chennai
867,Karan Sharma,Male,0,Remote - India
868,Karan Gupta,Male,4,Chennai
869,Nikhil Gupta,Male,5,Gurgaon
870,Arjun Das,Male,3,Gurgaon
871,Lin Khan,Female,0,Hyderabad
872,Aisha Gupta,Female,0,Hyderabad
873,Lin Bose,Female,10,Bangalore
874,Kavya Khan,Female,5,Gurgaon
875,James Bose,Male,3,Bangalore
876,Rahul Mehta,Male,5,Remote - India
877,Vivek Nair,Male,4,Gurgaon
878,Arjun Kapoor,Male,0,Remote - India
879,Rahul Khan,Male,7,Bangalore
880,Siddharth Joshi,Male,4,Gurgaon
881,Daniel Bose,Male,5,Gurgaon
882,Aisha Nair,Female,9,Remote - India
883,Michael Khan,Male,1,Gurgaon
884,Arjun Patel,Male,2,Gurgaon
885,Sneha Reddy,Female,5,Remote - India
886,Divya Rao,Female,7,Remote - India
887,Karan Gupta,Male,3,Remote - India
888,Isha Bose,Female,3,Pune
889,Isha Bose,Female,6,Pune
890,Arjun Joshi,Male,11,Chennai
891,Arjun Gupta,Male,5,Pune
892,Manish Reddy,Male,2,Hyderabad
893,Daniel Khan,Male,1,Gurgaon
894,Rohan Kapoor,Male,4,Bangalore
895,Grace Reddy,Female,7,Hyderabad
896,David Joshi,Male,13,Pune
897,Grace Menon,Female,4,Chennai
898,Chen Joshi,Male,5,Hyderabad
899,Vivek Sharma,Male,10,Hyderabad
900,Manish Verma,Male,5,Remote - India
901,Nikhil Patel,Male,5,Hyderabad
902,Chen Joshi,Male,9,Gurgaon
903,Divya Nair,Female,5,Remote - India
904,Michael Verma,Male,2,Chennai
905,Chen Mehta,Male,8,Pune
906,Karan Rao,Male,0,Remote - India
907,Ananya Khan,Female,8,Remote - India
908,Emily Iyer,Female,4,Pune
909,Divya Rao,Female,4,Hyderabad
910,Michael Menon,Male,4,Hyderabad
911,Aditya Mehta,Male,4,Hyderabad
912,Rohan Kapoor,Male,3,Gurgaon
913,Siddharth Gupta,Male,6,Remote - India
914,Manish Patel,Male,3,Gurgaon
915,Siddharth Nair,Male,0,Hyderabad
916,James Verma,Male,4,Remote - India
917,Aditya Reddy,Male,7,Hyderabad
918,Aditya Das,Male,0,Hyderabad
919,Aisha Joshi,Female,4,Hyderabad
920,Pooja Menon,Female,3,Pune
921,Chen Iyer,Male,7,Chennai
922,Vivek Bose,Male,4,Gurgaon
923,Siddharth Kapoor,Male,7,Pune
924,Grace Das,Female,6,Gurgaon
925,Aarav Iyer,Male,7,Chennai
926,Fatima Kapoor,Female,9,Bangalore
927,David Mehta,Male,4,Pune
928,Rahul Joshi,Male,5,Remote - India
929,Sarah Patel,Female,6,Remote - India
930,Aditya Joshi,Male,5,Remote - India
931,Rohan Verma,Male,4,Bangalore
932,Chen Sharma,Male,2,Bangalore
933,Meera Khan,Female,5,Pune
934,Priya Menon,Female,0,Hyderabad
935,Aditya Patel,Male,0,Hyderabad
936,Siddharth Iyer,Male,1,Chennai
937,Emily Singh,Female,6,Bangalore
938,Emily Gupta,Female,5,Bangalore
939,Aisha Patel,Female,7,Chennai
940,Riya Menon,Female,2,Chennai
941,Sneha Nair,Female,8,Bangalore
942,Kavya Joshi,Female,0,Bangalore
943,Aditya Rao,Male,1,Gurgaon
944,Fatima Sharma,Female,8,Bangalore
945,Daniel Nair,Male,5,Pune
946,Isha Joshi,Female,7,Bangalore
947,Nikhil Bose,Male,5,Bangalore
948,Divya Nair,Female,3,Remote - India
949,Michael Patel,Male,1,Hyderabad
950,David Reddy,Male,0,Chennai
951,Isha Iyer,Female,10,Gurgaon
952,Priya Gupta,Female,0,Pune
953,Emily Mehta,Female,9,Chennai
954,Aditya Menon,Male,5,Gurgaon
955,Fatima Mehta,Female,5,Bangalore
956,Karan Reddy,Male,5,Bangalore
957,David Kapoor,Male,6,Pune
958,Sarah Reddy,Female,2,Hyderabad
959,Siddharth Iyer,Male,0,Hyderabad
960,Neha Sharma,Female,3,Chennai
961,Manish Mehta,Male,6,Gurgaon
962,Kavya Bose,Female,1,Remote - India
963,Rohan Rao,Male,8,Pune
964,David Nair,Male,4,Hyderabad
965,Omar Iyer,Male,1,Gurgaon
966,Priya Kapoor,Female,5,Remote - India
967,Aditya Bose,Male,6,Gurgaon
968,James Kapoor,Male,6,Gurgaon
969,Meera Joshi,Female,0,Bangalore
970,Aarav Iyer,Male,0,Bangalore
971,Pooja Mehta,Female,8,Bangalore
972,Ananya Bose,Female,0,Gurgaon
973,Neha Menon,Female,8,Pune
974,David Iyer,Male,8,Chennai
975,Aditya Singh,Male,1,Bangalore
976,Manish Iyer,Male,1,Gurgaon
977,Kavya Reddy,Female,7,Gurgaon
978,Sarah Bose,Female,3,Gurgaon
979,Vivek Patel,Male,8,Chennai
980,Lin Rao,Female,9,Bangalore
981,Riya Iyer,Female,1,Pune
982,Divya Khan,Female,2,Gurgaon
983,Rohan Patel,Male,5,Chennai
984,Arjun Nair,Male,0,Bangalore
985,Isha Sharma,Female,0,Hyderabad
986,Omar Kapoor,Male,2,Gurgaon
987,Pooja Gupta,Female,11,Remote - India
988,Aditya Singh,Male,5,Chennai
989,Divya Sharma,Female,3,Remote - India
990,James Singh,Male,1,Gurgaon
991,Vivek Singh,Male,1,Chennai
992,Vivek Joshi,Male,3,Pune
993,Michael Verma,Male,3,Pune
994,Meera Kapoor,Female,4,Hyderabad
995,Siddharth Nair,Male,6,Gurgaon
996,Divya Rao,Female,4,Chennai
997,Aarav Verma,Male,7,Bangalore
998,Nikhil Verma,Male,4,Pune
999,Emily Bose,Female,10,Hyderabad
1000,Meera Verma,Female,7,Gurgaon
1001,Lin Rao,Female,5,Remote - India
1002,Riya Menon,Female,6,Chennai
1003,Sarah Singh,Female,3,Bangalore
1004,Emily Nair,Female,4,Gurgaon
1005,Rohan Gupta,Male,4,Hyderabad
1006,Rohan Bose,Male,2,Bangalore
1007,Fatima Patel,Female,0,Remote - India
1008,Daniel Iyer,Male,6,Gurgaon
1009,Fatima Sharma,Female,7,Remote - India
1010,Rahul Patel,Male,6,Gurgaon
1011,Manish Rao,Male,4,Pune
1012,Michael Joshi,Male,11,Hyderabad
1013,Riya Reddy,Female,3,Bangalore
1014,James Sharma,Male,5,Hyderabad
1015,Emily Sharma,Female,8,Remote - India
1016,Priya Bose,Female,1,Chennai
1017,Manish Nair,Male,6,Hyderabad
1018,Nikhil Menon,Male,10,Pune
1019,Rohan Reddy,Male,4,Chennai
1020,Siddharth Iyer,Male,5,Bangalore
1021,Nikhil Menon,Male,3,Chennai
1022,Emily Khan,Female,6,Chennai
1023,Vivek Nair,Male,2,Gurgaon
1024,Isha Bose,Female,4,Bangalore
1025,Rohan Menon,Male,0,Chennai
1026,Isha Rao,Female,0,Remote - India
1027,Pooja Das,Female,3,Pune
1028,Daniel Das,Male,3,Pune
1029,Pooja Rao,Female,3,Bangalore
1030,Kavya Reddy,Female,7,Gurgaon
1031,Karan Reddy,Male,7,Bangalore
1032,Arjun Khan,Male,5,Pune
1033,Sarah Menon,Female,6,Bangalore
1034,Michael Mehta,Male,2,Pune
1035,Neha Khan,Female,2,Remote - India
1036,Karan Iyer,Male,6,Hyderabad
1037,Manish Verma,Male,1,Hyderabad
1038,Sarah Reddy,Female,1,Bangalore
1039,Riya Kapoor,Female,13,Pune
1040,Rohan Patel,Male,5,Remote - India
1041,Arjun Sharma,Male,3,Pune
1042,Chen Rao,Male,3,Bangalore
1043,Chen Nair,Male,0,Hyderabad
1044,Divya Sharma,Female,5,Bangalore
1045,Nikhil Reddy,Male,4,Hyderabad
1046,Aisha Kapoor,Female,7,Chennai
1047,Sneha Singh,Female,6,Bangalore
1048,Priya Iyer,Female,3,Hyderabad
1049,Fatima Reddy,Female,0,Bangalore
1050,Sarah Nair,Female,5,Bangalore
1051,Fatima Verma,Female,4,Hyderabad
1052,Lin Bose,Female,0,Pune
1053,Priya Bose,Female,6,Chennai
1054,Lin Gupta,Female,1,Remote - India
1055,Rahul Gupta,Male,8,Remote - India
1056,Siddharth Khan,Male,4,Hyderabad
1057,Rohan Rao,Male,3,Chennai
1058,Manish Joshi,Male,5,Pune
1059,Omar Verma,Male,5,Bangalore
1060,Pooja Bose,Female,5,Hyderabad
1061,James Mehta,Male,7,Chennai
1062,Nikhil Sharma,Male,0,Pune
1063,Michael Joshi,Male,5,Gurgaon
1064,Grace Kapoor,Female,2,Gurgaon
1065,Sarah Bose,Female,4,Remote - India
1066,Arjun Sharma,Male,9,Remote - India
1067,Nikhil Sharma,Male,2,Remote - India
1068,Ananya Joshi,Female,6,Gurgaon
1069,Emily Rao,Female,7,Hyderabad
1070,Divya Rao,Female,6,Chennai
1071,Riya Singh,Female,5,Gurgaon
1072,Ananya Rao,Female,5,Gurgaon
1073,Aisha Kapoor,Female,6,Hyderabad
1074,Arjun Rao,Male,2,Gurgaon
1075,Sarah Kapoor,Female,4,Gurgaon
1076,Priya Kapoor,Female,11,Gurgaon
1077,Aditya Mehta,Male,6,Pune
1078,Manish Gupta,Male,5,Pune
1079,Rohan Iyer,Male,3,Bangalore
1080,Nikhil Rao,Male,2,Bangalore
1081,Grace Sharma,Female,5,Remote - India
1082,Kavya Reddy,Female,5,Remote - India
1083,Arjun Das,Male,4,Bangalore
1084,Aarav Reddy,Male,13,Gurgaon
1085,Aditya Nair,Male,2,Gurgaon
1086,Emily Iyer,Female,2,Remote - India
1087,David Nair,Male,3,Remote - India
1088,Manish Das,Male,4,Hyderabad
1089,Arjun Menon,Male,2,Chennai
1090,Omar Das,Male,5,Hyderabad
1091,Emily Rao,Female,5,Chennai
1092,Arjun Bose,Male,7,Remote - India
1093,Manish Reddy,Male,3,Hyderabad
1094,Priya Bose,Female,8,Gurgaon
1095,Rohan Gupta,Male,6,Gurgaon
1096,Sarah Rao,Female,13,Chennai
1097,Karan Joshi,Male,2,Hyderabad
1098,Sarah Iyer,Female,2,Hyderabad
1099,Michael Das,Male,4,Hyderabad
1100,Sneha Das,Female,6,Pune
1101,Priya Singh,Female,6,Hyderabad
1102,Riya Iyer,Female,6,Remote - India
1103,Siddharth Nair,Male,11,Chennai
1104,Aarav Verma,Male,0,Pune
1105,Chen Menon,Male,0,Hyderabad
1106,James Joshi,Male,4,Pune
1107,Emily Bose,Female,11,Bangalore
1108,Omar Rao,Male,7,Hyderabad
1109,Fatima Iyer,Female,2,Bangalore
1110,Neha Sharma,Female,5,Remote - India
1111,Pooja Nair,Female,4,Bangalore
1112,Daniel Gupta,Male,4,Pune
1113,Meera Iyer,Female,3,Gurgaon
1114,Vivek Das,Male,5,Gurgaon
1115,Omar Sharma,Male,8,Pune
1116,Arjun Menon,Male,3,Hyderabad
1117,Rohan Nair,Male,6,Remote - India
1118,Kavya Mehta,Female,7,Pune
1119,Siddharth Patel,Male,8,Remote - India
1120,Riya Nair,Female,2,Bangalore
1121,Aisha Joshi,Female,5,Hyderabad
1122,Rohan Kapoor,Male,3,Bangalore
1123,James Iyer,Male,5,Remote - India
1124,Omar Mehta,Male,5,Bangalore
1125,Aarav Mehta,Male,1,Hyderabad
1126,Neha Iyer,Female,5,Pune
1127,Divya Patel,Female,11,Pune
1128,Omar Joshi,Male,6,Chennai
1129,Pooja Iyer,Female,1,Chennai
1130,David Gupta,Male,2,Remote - India
1131,Aisha Kapoor,Female,4,Hyderabad
1132,Chen Verma,Male,2,Remote - India
1133,Fatima Khan,Female,8,Remote - India
1134,Nikhil Singh,Male,0,Gurgaon
1135,Ananya Reddy,Female,6,Chennai
1136,Divya Iyer,Female,0,Chennai
1137,Emily Menon,Female,4,Gurgaon
1138,Nikhil Verma,Male,1,Pune
1139,James Joshi,Male,7,Gurgaon
1140,Nikhil Joshi,Male,8,Remote - India
1141,Sneha Bose,Female,5,Chennai
1142,Ananya Reddy,Female,8,Bangalore
1143,Chen Gupta,Male,0,Hyderabad
1144,Kavya Mehta,Female,5,Hyderabad
1145,Ananya Menon,Female,6,Bangalore
1146,Lin Mehta,Female,6,Chennai
1147,Aditya Singh,Male,0,Remote - India
1148,Vivek Iyer,Male,6,Pune
1149,Aisha Das,Female,6,Remote - India
1150,Fatima Sharma,Female,5,Chennai
1151,James Nair,Male,1,Pune
1152,Isha Reddy,Female,3,Gurgaon
1153,Karan Nair,Male,8,Gurgaon
1154,Divya Patel,Female,8,Gurgaon
1155,Emily Menon,Female,6,Remote - India
1156,David Joshi,Male,7,Gurgaon
1157,Grace Verma,Female,7,Hyderabad
1158,Pooja Bose,Female,6,Hyderabad
1159,Aisha Verma,Female,8,Pune
1160,Sarah Rao,Female,8,Bangalore
1161,Grace Singh,Female,12,Remote - India
1162,Aarav Das,Male,3,Remote - India
1163,Neha Singh,Female,3,Pune
1164,Karan Rao,Male,0,Hyderabad
1165,Manish Khan,Male,6,Remote - India
1166,Siddharth Menon,Male,10,Gurgaon
1167,Vivek Mehta,Male,8,Pune
1168,Kavya Menon,Female,7,Chennai
1169,Grace Kapoor,Female,9,Bangalore
1170,Arjun Iyer,Male,6,Remote - India
1171,David Reddy,Male,4,Gurgaon
1172,Priya Gupta,Female,11,Hyderabad
1173,Rahul Verma,Male,6,Hyderabad
1174,Ananya Khan,Female,8,Bangalore
1175,Emily Mehta,Female,0,Remote - India
1176,Emily Khan,Female,0,Gurgaon
1177,David Nair,Male,5,Chennai
1178,Aarav Rao,Male,2,Remote - India
1179,Grace Khan,Female,5,Hyderabad
1180,Grace Kapoor,Female,3,Remote - India
1181,Arjun Singh,Male,13,Chennai
1182,Sneha Patel,Female,8,Bangalore
1183,Aisha Verma,Female,9,Hyderabad
1184,Rahul Rao,Male,0,Chennai
1185,Riya Mehta,Female,7,Remote - India
1186,James Sharma,Male,4,Chennai
1187,Priya Joshi,Female,9,Hyderabad
1188,Arjun Sharma,Male,6,Hyderabad
1189,Siddharth Patel,Male,4,Chennai
1190,Siddharth Menon,Male,1,Pune
1191,Emily Khan,Female,5,Remote - India
1192,Kavya Khan,Female,8,Remote - India
1193,David Nair,Male,9,Bangalore
1194,Michael Patel,Male,3,Remote - India
1195,Karan Joshi,Male,12,Bangalore
1196,Sarah Singh,Female,8,Chennai
1197,Daniel Singh,Male,2,Remote - India
1198,Manish Mehta,Male,1,Hyderabad
1199,Riya Verma,Female,4,Gurgaon
1200,Aisha Das,Female,3,Chennai
1201,Aditya Sharma,Male,6,Chennai
1202,Omar Patel,Male,5,Remote - India
1203,James Bose,Male,4,Pune
1204,Rohan Mehta,Male,0,Remote - India
1205,Riya Joshi,Female,7,Chennai
1206,Michael Patel,Male,0,Hyderabad
1207,Arjun Patel,Male,8,Bangalore
1208,Omar Reddy,Male,0,Chennai
1209,Pooja Gupta,Female,0,Chennai
1210,Daniel Iyer,Male,2,Hyderabad
1211,Michael Rao,Male,3,Chennai
1212,Neha Menon,Female,3,Remote - India
1213,Michael Singh,Male,3,Gurgaon
1214,Manish Khan,Male,5,Bangalore
1215,Omar Verma,Male,2,Chennai
1216,Sneha Joshi,Female,5,Hyderabad
1217,Karan Bose,Male,0,Gurgaon
1218,Manish Menon,Male,2,Bangalore
1219,Aditya Reddy,Male,0,Hyderabad
1220,Daniel Menon,Male,8,Gurgaon
1221,Chen Reddy,Male,2,Remote - India
1222,Meera Iyer,Female,6,Pune
1223,Daniel Gupta,Male,0,Remote - India
1224,Rohan Sharma,Male,9,Pune
1225,Pooja Mehta,Female,5,Hyderabad
1226,Meera Joshi,Female,11,Bangalore
1227,Aditya Menon,Male,4,Chennai
1228,Lin Bose,Female,0,Pune
1229,Grace Bose,Female,1,Bangalore
1230,Ananya Mehta,Female,4,Chennai
1231,Michael Sharma,Male,2,Remote - India
1232,Kavya Sharma,Female,7,Chennai
1233,Aarav Rao,Male,5,Hyderabad
1234,Michael Patel,Male,2,Hyderabad
1235,Divya Bose,Female,7,Gurgaon
1236,Manish Gupta,Male,3,Bangalore
1237,Rohan Patel,Male,7,Remote - India
1238,Chen Das,Male,3,Pune
1239,Isha Das,Female,6,Pune
1240,Michael Mehta,Male,3,Hyderabad
1241,David Sharma,Male,7,Hyderabad
1242,Riya Reddy,Female,0,Hyderabad
1243,Priya Gupta,Female,1,Bangalore
1244,Michael Verma,Male,4,Pune
1245,Pooja Verma,Female,2,Gurgaon
1246,Ananya Nair,Female,3,Chennai
1247,Aarav Verma,Male,6,Chennai
1248,Karan Menon,Male,3,Pune
1249,Aisha Nair,Female,5,Gurgaon
1250,Siddharth Joshi,Male,2,Chennai
1251,Aditya Mehta,Male,0,Chennai
1252,Aarav Patel,Male,7,Pune
1253,Divya Singh,Female,10,Gurgaon
1254,Aditya Menon,Male,5,Bangalore
1255,Divya Patel,Female,4,Bangalore
1256,Karan Joshi,Male,5,Hyderabad
1257,Kavya Singh,Female,9,Gurgaon
1258,Kavya Kapoor,Female,5,Chennai
1259,Lin Patel,Female,7,Hyderabad
1260,Ananya Joshi,Female,7,Hyderabad
1261,Grace Das,Female,8,Hyderabad
1262,Aarav Sharma,Male,4,Chennai
1263,Vivek Nair,Male,3,Gurgaon
1264,Omar Reddy,Male,6,Bangalore
1265,Sneha Nair,Female,8,Remote - India
1266,Riya Khan,Female,8,Remote - India
1267,Siddharth Khan,Male,9,Bangalore
1268,Karan Gupta,Male,7,Bangalore
1269,Neha Kapoor,Female,3,Chennai
1270,Sarah Menon,Female,5,Chennai
1271,Karan Nair,Male,5,Bangalore
1272,Aarav Reddy,Male,5,Chennai
1273,Arjun Das,Male,6,Remote - India
1274,Chen Singh,Male,4,Chennai
1275,Vivek Kapoor,Male,4,Remote - India
1276,Arjun Nair,Male,10,Pune
1277,Aisha Khan,Female,4,Remote - India
1278,David Joshi,Male,8,Pune
1279,Meera Nair,Female,8,Hyderabad
1280,Ananya Gupta,Female,5,Bangalore
1281,James Joshi,Male,4,Gurgaon
1282,Fatima Gupta,Female,2,Gurgaon
1283,David Kapoor,Male,0,Gurgaon
1284,Priya Reddy,Female,6,Pune
1285,Omar Nair,Male,6,Pune
1286,Chen Verma,Male,7,Bangalore
1287,Siddharth Das,Male,3,Bangalore
1288,Riya Das,Female,11,Gurgaon
1289,Divya Menon,Female,6,Chennai
1290,Riya Joshi,Female,4,Remote - India
1291,David Reddy,Male,0,Gurgaon
1292,Rohan Sharma,Male,3,Chennai
1293,Arjun Joshi,Male,7,Pune
1294,Arjun Iyer,Male,9,Pune
1295,Daniel Rao,Male,5,Remote - India
1296,Siddharth Verma,Male,10,Gurgaon
1297,Nikhil Bose,Male,2,Pune
1298,Riya Iyer,Female,6,Pune
1299,Fatima Khan,Female,6,Bangalore
1300,Grace Khan,Female,6,Remote - India
1301,Karan Joshi,Male,5,Chennai
1302,Aarav Nair,Male,6,Pune
1303,Lin Verma,Female,2,Gurgaon
1304,Priya Iyer,Female,9,Gurgaon
1305,Neha Mehta,Female,7,Chennai
1306,Chen Das,Male,6,Remote - India
1307,Rohan Rao,Male,7,Pune
1308,Daniel Joshi,Male,9,Chennai
1309,Michael Khan,Male,6,Bangalore
1310,Karan Rao,Male,11,Bangalore
1311,Sarah Kapoor,Female,7,Chennai
1312,Manish Kapoor,Male,2,Chennai
1313,Karan Verma,Male,5,Hyderabad
1314,Omar Reddy,Male,8,Chennai
1315,Lin Nair,Female,9,Remote - India
1316,Kavya Mehta,Female,5,Bangalore
1317,Aisha Mehta,Female,2,Pune
1318,Rahul Das,Male,4,Bangalore
1319,Lin Verma,Female,1,Chennai
1320,Karan Khan,Male,7,Pune
1321,Aditya Joshi,Male,3,Bangalore
1322,Rohan Menon,Male,2,Gurgaon
1323,Omar Gupta,Male,7,Chennai
1324,Arjun Reddy,Male,9,Bangalore
1325,Aisha Das,Female,2,Gurgaon
1326,David Menon,Male,5,Gurgaon
1327,Nikhil Singh,Male,4,Pune
1328,Daniel Patel,Male,9,Pune
1329,Aditya Reddy,Male,4,Pune
1330,Manish Das,Male,2,Chennai
1331,Kavya Mehta,Female,5,Hyderabad
1332,Manish Kapoor,Male,8,Chennai
1333,Isha Gupta,Female,4,Gurgaon
1334,Daniel Nair,Male,3,Remote - India
1335,Omar Menon,Male,4,Chennai
1336,Manish Menon,Male,2,Bangalore
1337,Karan Sharma,Male,4,Pune
1338,Isha Verma,Female,3,Chennai
1339,Rohan Mehta,Male,12,Remote - India
1340,Meera Patel,Female,0,Chennai
1341,Siddharth Reddy,Male,2,Bangalore
1342,Manish Mehta,Male,3,Gurgaon
1343,Ananya Kapoor,Female,2,Pune
1344,Karan Rao,Male,6,Chennai
1345,Aisha Rao,Female,2,Gurgaon
1346,Neha Verma,Female,0,Pune
1347,David Menon,Male,5,Chennai
1348,Sarah Verma,Female,4,Bangalore
1349,Pooja Mehta,Female,3,Gurgaon
1350,Chen Rao,Male,9,Chennai
1351,Emily Mehta,Female,6,Chennai
1352,Kavya Patel,Female,6,Pune
1353,Arjun Iyer,Male,6,Hyderabad
1354,Meera Nair,Female,6,Pune
1355,Ananya Menon,Female,4,Remote - India
1356,Pooja Reddy,Female,2,Hyderabad
1357,Pooja Sharma,Female,5,Remote - India
1358,Chen Reddy,Male,4,Bangalore
1359,Isha Das,Female,0,Gurgaon
1360,Rohan Patel,Male,1,Pune
1361,Michael Iyer,Male,3,Chennai
1362,Daniel Rao,Male,7,Hyderabad
1363,Vivek Gupta,Male,5,Pune
1364,David Iyer,Male,2,Remote - India
1365,Riya Mehta,Female,1,Chennai
1366,Sarah Das,Female,8,Remote - India
1367,Manish Mehta,Male,4,Gurgaon
1368,Omar Sharma,Male,0,Bangalore
1369,Emily Khan,Female,4,Hyderabad
1370,Nikhil Verma,Male,7,Chennai
1371,Daniel Bose,Male,1,Bangalore
1372,David Singh,Male,5,Gurgaon
1373,Neha Sharma,Female,5,Gurgaon
1374,Emily Khan,Female,1,Pune
1375,Rohan Patel,Male,8,Chennai
1376,Kavya Das,Female,5,Gurgaon
1377,Vivek Nair,Male,3,Hyderabad
1378,Aarav Iyer,Male,4,Hyderabad
1379,Rahul Menon,Male,1,Bangalore
1380,Rahul Menon,Male,1,Chennai
1381,Vivek Reddy,Male,3,Bangalore
1382,Chen Das,Male,3,Bangalore
1383,Vivek Iyer,Male,4,Bangalore
1384,Arjun Singh,Male,9,Gurgaon
1385,Sneha Rao,Female,6,Remote - India
1386,Lin Bose,Female,0,Pune
1387,Aisha Menon,Female,8,Remote - India
1388,Priya Bose,Female,3,Chennai
1389,Divya Sharma,Female,7,Chennai
1390,Sneha Verma,Female,3,Chennai
1391,Vivek Kapoor,Male,5,Gurgaon
1392,Karan Patel,Male,1,Chennai
1393,Manish Iyer,Male,5,Remote - India
1394,Chen Bose,Male,7,Pune
1395,Aarav Joshi,Male,0,Hyderabad
1396,Nikhil Reddy,Male,7,Chennai
1397,Aisha Patel,Female,2,Chennai
1398,Aditya Patel,Male,10,Chennai
1399,Michael Sharma,Male,7,Gurgaon
1400,Aditya Nair,Male,6,Bangalore
1401,Aarav Bose,Male,4,Gurgaon
1402,Sneha Patel,Female,12,Hyderabad
1403,Emily Mehta,Female,3,Pune
1404,Isha Gupta,Female,1,Hyderabad
1405,Riya Singh,Female,3,Hyderabad
1406,Karan Gupta,Male,8,Chennai
1407,Ananya Khan,Female,5,Chennai
1408,Sneha Patel,Female,4,Chennai
1409,Sneha Singh,Female,3,Bangalore
1410,Kavya Joshi,Female,4,Remote - India
1411,Michael Reddy,Male,3,Chennai
1412,Riya Nair,Female,7,Remote - India
1413,Sneha Mehta,Female,4,Remote - India
1414,Grace Khan,Female,3,Remote - India
1415,Neha Reddy,Female,7,Gurgaon
1416,Emily Das,Female,2,Pune
1417,Arjun Sharma,Male,5,Remote - India
1418,Nikhil Rao,Male,0,Chennai
1419,Lin Singh,Female,0,Remote - India
1420,Isha Das,Female,3,Pune
1421,Fatima Khan,Female,3,Remote - India
1422,Neha Joshi,Female,3,Gurgaon
1423,Divya Gupta,Female,7,Chennai
1424,Sneha Singh,Female,7,Hyderabad
1425,Kavya Singh,Female,5,Chennai
1426,Vivek Iyer,Male,1,Bangalore
1427,Priya Bose,Female,4,Gurgaon
1428,Rahul Verma,Male,10,Gurgaon
1429,Siddharth Joshi,Male,12,Chennai
1430,Isha Kapoor,Female,7,Pune
1431,Riya Patel,Female,2,Hyderabad
1432,Fatima Iyer,Female,4,Pune
1433,Michael Sharma,Male,5,Chennai
1434,Nikhil Gupta,Male,5,Gurgaon
1435,Aditya Khan,Male,8,Hyderabad
1436,Meera Reddy,Female,7,Chennai
1437,Omar Kapoor,Male,1,Bangalore
1438,Riya Joshi,Female,3,Hyderabad
1439,Vivek Singh,Male,7,Remote - India
1440,Riya Verma,Female,9,Chennai
1441,Rahul Kapoor,Male,5,Pune
1442,Omar Khan,Male,9,Bangalore
1443,Ananya Das,Female,5,Bangalore
1444,Siddharth Singh,Male,2,Gurgaon
1445,Arjun Bose,Male,6,Chennai
1446,David Kapoor,Male,14,Gurgaon
1447,Vivek Singh,Male,1,Pune
1448,Riya Bose,Female,9,Remote - India
1449,Michael Joshi,Male,6,Pune
1450,Aarav Reddy,Male,2,Pune
1451,Meera Rao,Female,0,Bangalore
1452,Pooja Mehta,Female,0,Hyderabad
1453,Meera Gupta,Female,3,Remote - India
1454,Divya Rao,Female,6,Pune
1455,Sarah Nair,Female,7,Pune
1456,Omar Joshi,Male,8,Hyderabad
1457,Arjun Menon,Male,5,Bangalore
1458,Nikhil Verma,Male,5,Hyderabad
1459,Arjun Reddy,Male,4,Chennai
1460,Ananya Reddy,Female,6,Bangalore
1461,Meera Singh,Female,3,Hyderabad
1462,David Sharma,Male,1,Chennai
1463,Manish Iyer,Male,5,Hyderabad
1464,Chen Joshi,Male,7,Pune
1465,Meera Rao,Female,0,Pune
1466,Isha Gupta,Female,3,Gurgaon
1467,Siddharth Gupta,Male,5,Chennai
1468,Daniel Khan,Male,5,Gurgaon
1469,Vivek Rao,Male,6,Pune
1470,David Reddy,Male,10,Bangalore
1471,Aarav Mehta,Male,0,Gurgaon
1472,Lin Reddy,Female,10,Gurgaon
1473,Karan Gupta,Male,10,Pune
1474,Ananya Nair,Female,7,Bangalore
1475,Omar Reddy,Male,5,Gurgaon
1476,Aarav Menon,Male,3,Gurgaon
1477,James Kapoor,Male,7,Bangalore
1478,James Rao,Male,5,Pune
1479,David Kapoor,Male,4,Gurgaon
1480,Divya Menon,Female,7,Hyderabad
1481,Pooja Joshi,Female,8,Hyderabad
1482,Vivek Patel,Male,0,Gurgaon
1483,James Singh,Male,9,Hyderabad
1484,Aarav Sharma,Male,2,Gurgaon
1485,Divya Sharma,Female,8,Pune
1486,Rahul Das,Male,4,Pune
1487,Michael Nair,Male,5,Hyderabad
1488,James Singh,Male,6,Remote - India
1489,James Kapoor,Male,8,Gurgaon
1490,Pooja Bose,Female,7,Hyderabad
1491,Lin Joshi,Female,4,Hyderabad
1492,Michael Joshi,Male,0,Remote - India
1493,Manish Kapoor,Male,6,Chennai
1494,Aisha Reddy,Female,5,Chennai
1495,Karan Rao,Male,1,Pune
1496,Meera Nair,Female,5,Hyderabad
1497,Aisha Das,Female,5,Gurgaon
1498,Ananya Gupta,Female,9,Pune
1499,Aarav Iyer,Male,11,Hyderabad
1500,Grace Menon,Female,8,Bangalore
1501,Vivek Singh,Male,4,Hyderabad
1502,Michael Iyer,Male,5,Gurgaon
1503,Rohan Bose,Male,2,Pune
1504,Manish Verma,Male,3,Hyderabad
1505,Grace Khan,Female,4,Bangalore
1506,Kavya Patel,Female,4,Hyderabad
1507,Rohan Rao,Male,1,Gurgaon
1508,Arjun Verma,Male,9,Remote - India
1509,Riya Sharma,Female,9,Hyderabad
1510,Sneha Singh,Female,9,Pune
1511,Michael Bose,Male,9,Pune
1512,Rahul Sharma,Male,12,Chennai
1513,Vivek Iyer,Male,2,Gurgaon
1514,Neha Kapoor,Female,11,Remote - India
1515,Siddharth Rao,Male,3,Gurgaon
1516,Rahul Khan,Male,7,Pune
1517,Aarav Singh,Male,0,Hyderabad
1518,James Nair,Male,3,Gurgaon
1519,Vivek Patel,Male,8,Remote - India
1520,Divya Singh,Female,7,Gurgaon
1521,Pooja Khan,Female,3,Pune
1522,Omar Rao,Male,5,Remote - India
1523,Fatima Khan,Female,3,Gurgaon
1524,Aarav Joshi,Male,8,Bangalore
1525,Siddharth Iyer,Male,0,Pune
1526,Nikhil Rao,Male,9,Remote - India
1527,Lin Kapoor,Female,2,Gurgaon
1528,Priya Singh,Female,5,Hyderabad
1529,Manish Iyer,Male,0,Pune
1530,Daniel Iyer,Male,5,Gurgaon
1531,Arjun Joshi,Male,6,Remote - India
1532,Emily Mehta,Female,6,Gurgaon
1533,Pooja Gupta,Female,6,Chennai
1534,Kavya Joshi,Female,4,Chennai
1535,Rahul Rao,Male,4,Chennai
1536,Nikhil Singh,Male,4,Hyderabad
1537,Riya Mehta,Female,3,Hyderabad
1538,Emily Reddy,Female,3,Bangalore
1539,Divya Iyer,Female,6,Chennai
1540,Grace Sharma,Female,9,Gurgaon
1541,Ananya Joshi,Female,2,Remote - India
1542,Daniel Joshi,Male,4,Gurgaon
1543,Siddharth Joshi,Male,1,Hyderabad
1544,Pooja Bose,Female,3,Hyderabad
1545,Isha Verma,Female,4,Gurgaon
1546,James Joshi,Male,5,Gurgaon
1547,Rohan Kapoor,Male,5,Pune
1548,Arjun Khan,Male,5,Bangalore
1549,Fatima Das,Female,6,Chennai
1550,Aarav Sharma,Male,2,Chennai
1551,Rahul Bose,Male,5,Gurgaon
1552,Karan Das,Male,7,Remote - India
1553,Siddharth Gupta,Male,2,Gurgaon
1554,Pooja Rao,Female,0,Remote - India
1555,Grace Das,Female,8,Remote - India
1556,Meera Joshi,Female,1,Pune
1557,Kavya Menon,Female,3,Chennai
1558,Michael Kapoor,Male,7,Pune
1559,Siddharth Khan,Male,2,Hyderabad
1560,Isha Rao,Female,7,Bangalore
1561,Siddharth Rao,Male,3,Gurgaon
1562,Lin Bose,Female,2,Hyderabad
1563,Isha Reddy,Female,1,Pune
1564,Aarav Gupta,Male,3,Pune
1565,Omar Reddy,Male,6,Chennai
1566,Daniel Joshi,Male,3,Remote - India
1567,Siddharth Verma,Male,8,Pune
1568,Divya Gupta,Female,5,Bangalore
1569,Rahul Singh,Male,5,Pune
1570,Karan Khan,Male,2,Chennai
1571,Sarah Singh,Female,8,Remote - India
1572,Michael Singh,Male,7,Remote - India
1573,Priya Menon,Female,7,Bangalore
1574,Emily Mehta,Female,4,Gurgaon
1575,Arjun Patel,Male,1,Remote - India
1576,Daniel Joshi,Male,5,Chennai
1577,Chen Iyer,Male,6,Pune
1578,Neha Khan,Female,6,Chennai
1579,Aditya Gupta,Male,6,Chennai
1580,Daniel Menon,Male,6,Chennai
1581,David Iyer,Male,2,Bangalore
1582,Meera Das,Female,3,Hyderabad
1583,Sarah Das,Female,1,Chennai
1584,Neha Singh,Female,8,Gurgaon
1585,David Singh,Male,10,Pune
1586,Emily Khan,Female,14,Pune
1587,Meera Gupta,Female,5,Bangalore
1588,Isha Rao,Female,6,Chennai
1589,Siddharth Iyer,Male,4,Hyderabad
1590,Arjun Bose,Male,5,Bangalore
1591,Karan Iyer,Male,2,Pune
1592,Ananya Sharma,Female,4,Pune
1593,Vivek Nair,Male,2,Remote - India
1594,Isha Iyer,Female,4,Chennai
1595,Aisha Patel,Female,2,Hyderabad
1596,Riya Patel,Female,6,Pune
1597,Isha Reddy,Female,7,Gurgaon
1598,Meera Sharma,Female,6,Bangalore
1599,Michael Das,Male,3,Pune
1600,Fatima Singh,Female,1,Gurgaon
1601,Chen Reddy,Male,7,Chennai
1602,Arjun Khan,Male,5,Chennai
1603,James Patel,Male,0,Remote - India
1604,Omar Rao,Male,5,Bangalore
1605,Chen Patel,Male,6,Remote - India
1606,James Singh,Male,0,Hyderabad
1607,Neha Sharma,Female,6,Bangalore
1608,Isha Kapoor,Female,0,Remote - India
1609,Omar Sharma,Male,2,Chennai
1610,Omar Joshi,Male,0,Remote - India
1611,Priya Menon,Female,2,Remote - India
1612,Nikhil Sharma,Male,1,Gurgaon
1613,Emily Mehta,Female,8,Pune
1614,James Bose,Male,4,Hyderabad
1615,Arjun Bose,Male,3,Pune
1616,Nikhil Singh,Male,8,Bangalore
1617,James Rao,Male,8,Gurgaon
1618,Pooja Patel,Female,3,Chennai
1619,Pooja Menon,Female,5,Hyderabad
1620,Sneha Gupta,Female,3,Hyderabad
1621,Manish Nair,Male,4,Chennai
1622,Fatima Khan,Female,1,Remote - India
1623,Grace Mehta,Female,6,Remote - India
1624,Aarav Reddy,Male,8,Bangalore
1625,Aarav Gupta,Male,8,Bangalore
1626,Manish Singh,Male,5,Hyderabad
1627,Chen Sharma,Male,0,Hyderabad
1628,Sneha Reddy,Female,3,Bangalore
1629,Grace Mehta,Female,4,Remote - India
1630,James Patel,Male,1,Pune
1631,Emily Khan,Female,0,Chennai
1632,Ananya Das,Female,9,Bangalore
1633,Isha Verma,Female,7,Remote - India
1634,David Iyer,Male,6,Gurgaon
1635,Omar Gupta,Male,7,Hyderabad
1636,Pooja Bose,Female,1,Bangalore
1637,Divya Rao,Female,2,Pune
1638,Fatima Rao,Female,5,Chennai
1639,Ananya Mehta,Female,6,Pune
1640,Karan Mehta,Male,0,Pune
1641,David Patel,Male,5,Remote - India
1642,Arjun Verma,Male,4,Chennai
1643,Divya Singh,Female,7,Pune
1644,Neha Mehta,Female,6,Remote - India
1645,Ananya Mehta,Female,9,Bangalore
1646,Riya Menon,Female,3,Remote - India
1647,Aarav Gupta,Male,1,Remote - India
1648,Karan Bose,Male,9,Hyderabad
1649,Aarav Verma,Male,6,Gurgaon
1650,Grace Reddy,Female,4,Remote - India
1651,Vivek Rao,Male,2,Hyderabad
1652,Omar Iyer,Male,4,Chennai
1653,Sarah Verma,Female,3,Bangalore
1654,Emily Reddy,Female,1,Chennai
1655,Divya Reddy,Female,0,Pune
1656,Riya Das,Female,3,Gurgaon
1657,Michael Khan,Male,7,Chennai
1658,Rahul Sharma,Male,8,Chennai
1659,Aisha Kapoor,Female,8,Chennai
1660,Aditya Singh,Male,8,Bangalore
1661,Grace Khan,Female,1,Gurgaon
1662,Manish Joshi,Male,5,Hyderabad
1663,Arjun Kapoor,Male,6,Remote - India
1664,Fatima Singh,Female,6,Gurgaon
1665,Meera Iyer,Female,4,Gurgaon
1666,Isha Khan,Female,5,Remote - India
1667,Siddharth Kapoor,Male,11,Pune
1668,Aarav Bose,Male,7,Chennai
1669,Arjun Sharma,Male,6,Gurgaon
1670,Michael Rao,Male,7,Remote - India
1671,Vivek Bose,Male,3,Hyderabad
1672,Omar Reddy,Male,6,Gurgaon
1673,Neha Das,Female,5,Pune
1674,Daniel Nair,Male,7,Bangalore
1675,Sneha Verma,Female,2,Hyderabad
1676,Arjun Verma,Male,7,Hyderabad
1677,Divya Joshi,Female,4,Hyderabad
1678,Karan Verma,Male,7,Gurgaon
1679,David Joshi,Male,5,Gurgaon
1680,Siddharth Verma,Male,5,Remote - India
1681,Nikhil Iyer,Male,4,Bangalore
1682,Kavya Joshi,Female,4,Bangalore
1683,Fatima Verma,Female,3,Remote - India
1684,Lin Kapoor,Female,4,Chennai
1685,Ananya Singh,Female,6,Gurgaon
1686,Ananya Iyer,Female,0,Remote - India
1687,Vivek Mehta,Male,7,Gurgaon
1688,Karan Nair,Male,7,Chennai
1689,Riya Bose,Female,4,Hyderabad
1690,Kavya Rao,Female,5,Gurgaon
1691,Arjun Menon,Male,2,Chennai
1692,Karan Kapoor,Male,6,Chennai
1693,Chen Menon,Male,2,Bangalore
1694,Arjun Gupta,Male,0,Gurgaon
1695,Aisha Das,Female,8,Chennai
1696,Arjun Khan,Male,1,Remote - India
1697,Sarah Das,Female,4,Remote - India
1698,James Menon,Male,5,Chennai
1699,Sarah Rao,Female,6,Gurgaon
1700,Kavya Bose,Female,5,Gurgaon
1701,Pooja Kapoor,Female,5,Pune
1702,Chen Bose,Male,4,Bangalore
1703,Rohan Patel,Male,0,Gurgaon
1704,Aarav Reddy,Male,4,Remote - India
1705,Priya Patel,Female,6,Hyderabad
1706,Rahul Das,Male,2,Bangalore
1707,Siddharth Reddy,Male,5,Bangalore
1708,Rohan Khan,Male,10,Remote - India
1709,Aditya Reddy,Male,4,Remote - India
1710,Emily Rao,Female,4,Hyderabad
1711,Siddharth Patel,Male,0,Bangalore
1712,Aisha Mehta,Female,1,Chennai
1713,Vivek Das,Male,2,Pune
1714,Arjun Joshi,Male,6,Chennai
1715,Divya Patel,Female,2,Bangalore
1716,Aisha Iyer,Female,0,Bangalore
1717,Daniel Kapoor,Male,6,Pune
1718,James Nair,Male,2,Hyderabad
1719,Aarav Bose,Male,0,Bangalore
1720,Manish Verma,Male,7,Remote - India
1721,Aditya Das,Male,3,Gurgaon
1722,Nikhil Reddy,Male,6,Bangalore
1723,David Khan,Male,0,Gurgaon
1724,Sneha Rao,Female,0,Pune
1725,Manish Bose,Male,5,Hyderabad
1726,Aditya Das,Male,1,Bangalore
1727,Omar Verma,Male,5,Gurgaon
1728,David Singh,Male,5,Bangalore
1729,David Menon,Male,5,Chennai
1730,Aditya Reddy,Male,8,Pune
1731,Rahul Joshi,Male,13,Pune
1732,Rahul Rao,Male,6,Hyderabad
1733,Sneha Singh,Female,10,Pune
1734,Daniel Iyer,Male,0,Bangalore
1735,James Menon,Male,3,Remote - India
1736,Michael Mehta,Male,1,Remote - India
1737,Emily Sharma,Female,3,Remote - India
1738,Arjun Kapoor,Male,4,Gurgaon
1739,Chen Reddy,Male,10,Pune
1740,Ananya Rao,Female,5,Hyderabad
1741,Emily Reddy,Female,8,Chennai
1742,Sneha Nair,Female,3,Chennai
1743,Rohan Rao,Male,3,Gurgaon
1744,Isha Patel,Female,0,Bangalore
1745,Sarah Nair,Female,10,Remote - India
1746,Chen Joshi,Male,9,Bangalore
1747,Daniel Mehta,Male,5,Chennai
1748,Kavya Mehta,Female,4,Gurgaon
1749,Siddharth Joshi,Male,5,Gurgaon
1750,Isha Sharma,Female,1,Pune
1751,Rohan Singh,Male,6,Hyderabad
1752,Rohan Patel,Male,9,Hyderabad
1753,Siddharth Verma,Male,9,Pune
1754,Aarav Iyer,Male,0,Pune
1755,Siddharth Kapoor,Male,8,Bangalore
1756,Aarav Patel,Male,1,Chennai
1757,David Rao,Male,0,Pune
1758,Karan Das,Male,8,Pune
1759,Vivek Gupta,Male,3,Hyderabad
1760,Fatima Sharma,Female,7,Bangalore
1761,Nikhil Patel,Male,7,Remote - India
1762,Omar Bose,Male,7,Chennai
1763,Meera Sharma,Female,5,Remote - India
1764,Emily Kapoor,Female,1,Chennai
1765,Manish Rao,Male,4,Gurgaon
1766,Pooja Verma,Female,9,Chennai
1767,Pooja Bose,Female,8,Bangalore
1768,Pooja Rao,Female,4,Hyderabad
1769,Daniel Bose,Male,4,Chennai
1770,Aditya Iyer,Male,6,Chennai
1771,David Rao,Male,5,Pune
1772,Nikhil Reddy,Male,4,Pune
1773,Neha Das,Female,6,Pune
1774,Isha Mehta,Female,6,Chennai
1775,Isha Mehta,Female,3,Hyderabad
1776,Manish Reddy,Male,6,Pune
1777,Isha Gupta,Female,6,Remote - India
1778,Sneha Nair,Female,5,Hyderabad
1779,Sarah Reddy,Female,2,Chennai
1780,Priya Das,Female,4,Pune
1781,Lin Patel,Female,2,Pune
1782,Pooja Reddy,Female,6,Hyderabad
1783,Divya Reddy,Female,0,Hyderabad
1784,Aarav Singh,Male,9,Gurgaon
1785,Nikhil Rao,Male,8,Hyderabad
1786,Priya Kapoor,Female,6,Bangalore
1787,Omar Reddy,Male,7,Gurgaon
1788,Grace Kapoor,Female,7,Hyderabad
1789,David Joshi,Male,5,Pune
1790,Aditya Gupta,Male,4,Hyderabad
1791,Nikhil Verma,Male,4,Pune
1792,Priya Singh,Female,9,Pune
1793,Nikhil Mehta,Male,2,Hyderabad
1794,Sneha Gupta,Female,2,Pune
1795,Grace Das,Female,8,Pune
1796,Riya Menon,Female,7,Pune
1797,Rohan Bose,Male,4,Chennai
1798,Sarah Bose,Female,6,Gurgaon
1799,Ananya Nair,Female,7,Pune
1800,Chen Verma,Male,1,Hyderabad
1801,Aisha Verma,Female,9,Gurgaon
1802,David Verma,Male,7,Hyderabad
1803,Neha Khan,Female,6,Pune
1804,Neha Patel,Female,7,Pune
1805,Meera Menon,Female,6,Remote - India
1806,Ananya Reddy,Female,4,Pune
1807,Fatima Iyer,Female,0,Chennai
1808,Karan Gupta,Male,5,Gurgaon
1809,Aditya Bose,Male,0,Pune
1810,Sarah Khan,Female,11,Bangalore
1811,Meera Khan,Female,4,Gurgaon
1812,Rahul Khan,Male,11,Bangalore
1813,Siddharth Das,Male,5,Chennai
1814,Meera Nair,Female,3,Bangalore
1815,Karan Khan,Male,9,Chennai
1816,Michael Iyer,Male,6,Gurgaon
1817,Aisha Gupta,Female,12,Pune
1818,Aisha Verma,Female,3,Hyderabad
1819,Daniel Reddy,Male,9,Hyderabad
1820,Isha Gupta,Female,12,Chennai
1821,Rohan Menon,Male,9,Remote - India
1822,Neha Khan,Female,7,Remote - India
1823,Arjun Nair,Male,9,Hyderabad
1824,Rahul Sharma,Male,4,Gurgaon
1825,Pooja Sharma,Female,2,Pune
1826,Grace Joshi,Female,3,Gurgaon
1827,Priya Joshi,Female,5,Hyderabad
1828,Kavya Joshi,Female,7,Pune
1829,James Khan,Male,2,Bangalore
1830,Priya Rao,Female,4,Gurgaon
1831,Siddharth Mehta,Male,3,Bangalore
1832,Arjun Reddy,Male,8,Bangalore
1833,Michael Verma,Male,11,Hyderabad
1834,Rohan Patel,Male,2,Remote - India
1835,Vivek Verma,Male,6,Bangalore
1836,James Gupta,Male,8,Hyderabad
1837,Manish Gupta,Male,4,Pune
1838,Michael Verma,Male,1,Bangalore
1839,Neha Das,Female,9,Remote - India
1840,David Iyer,Male,0,Pune
1841,Sneha Patel,Female,9,Pune
1842,Aditya Nair,Male,3,Chennai
1843,Siddharth Das,Male,0,Gurgaon
1844,James Mehta,Male,3,Chennai
1845,Rahul Verma,Male,5,Bangalore
1846,Vivek Joshi,Male,5,Chennai
1847,Manish Menon,Male,7,Gurgaon
1848,Sarah Singh,Female,6,Gurgaon
1849,Michael Reddy,Male,10,Gurgaon
1850,Omar Joshi,Male,5,Pune
1851,Arjun Rao,Male,6,Chennai
1852,Neha Mehta,Female,5,Bangalore
1853,Karan Sharma,Male,0,Pune
1854,Karan Mehta,Male,1,Gurgaon
1855,Lin Menon,Female,5,Bangalore
1856,Sarah Kapoor,Female,6,Gurgaon
1857,Kavya Sharma,Female,0,Chennai
1858,Kavya Patel,Female,10,Remote - India
1859,Sneha Patel,Female,6,Remote - India
1860,Daniel Sharma,Male,5,Bangalore
1861,Sarah Das,Female,6,Pune
1862,Aarav Gupta,Male,3,Hyderabad
1863,Daniel Das,Male,5,Chennai
1864,Omar Joshi,Male,6,Bangalore
1865,Aditya Joshi,Male,9,Hyderabad
1866,Fatima Das,Female,4,Pune
1867,James Verma,Male,1,Gurgaon
1868,Manish Das,Male,2,Gurgaon
1869,Priya Mehta,Female,4,Gurgaon
1870,Daniel Kapoor,Male,1,Bangalore
1871,Isha Singh,Female,2,Bangalore
1872,Daniel Bose,Male,2,Chennai
1873,Meera Bose,Female,4,Hyderabad
1874,Divya Patel,Female,6,Chennai
1875,Daniel Verma,Male,4,Remote - India
1876,James Iyer,Male,7,Pune
1877,Riya Kapoor,Female,5,Pune
1878,Neha Mehta,Female,2,Gurgaon
1879,Neha Gupta,Female,6,Bangalore
1880,Emily Verma,Female,5,Hyderabad
1881,Vivek Khan,Male,7,Gurgaon
1882,Aarav Joshi,Male,7,Gurgaon
1883,Isha Mehta,Female,9,Remote - India
1884,Grace Patel,Female,6,Remote - India
1885,Isha Nair,Female,5,Gurgaon
1886,Isha Mehta,Female,7,Chennai
1887,Rohan Khan,Male,3,Pune
1888,Karan Sharma,Male,3,Remote - India
1889,Ananya Iyer,Female,9,Remote - India
1890,Chen Verma,Male,3,Bangalore
1891,Neha Sharma,Female,2,Gurgaon
1892,Manish Mehta,Male,6,Remote - India
1893,Rahul Mehta,Male,3,Remote - India
1894,Siddharth Das,Male,7,Pune
1895,Divya Singh,Female,8,Hyderabad
1896,Meera Singh,Female,3,Bangalore
1897,Priya Nair,Female,7,Hyderabad
1898,Michael Das,Male,3,Remote - India
1899,Aditya Patel,Male,4,Gurgaon
1900,Nikhil Gupta,Male,6,Bangalore
1901,Neha Das,Female,3,Gurgaon
1902,Fatima Verma,Female,5,Hyderabad
1903,Priya Joshi,Female,4,Chennai
1904,Rohan Nair,Male,7,Pune
1905,Rohan Iyer,Male,7,Pune
1906,David Gupta,Male,3,Chennai
1907,Chen Kapoor,Male,6,Remote - India
1908,Daniel Mehta,Male,8,Chennai
1909,Vivek Khan,Male,2,Gurgaon
1910,Aditya Iyer,Male,4,Chennai
1911,Chen Nair,Male,6,Pune
1912,Neha Khan,Female,2,Pune
1913,Riya Rao,Female,10,Hyderabad
1914,Siddharth Kapoor,Male,4,Pune
1915,Meera Das,Female,10,Remote - India
1916,Fatima Joshi,Female,3,Bangalore
1917,Vivek Joshi,Male,3,Bangalore
1918,Michael Joshi,Male,0,Pune
1919,Arjun Patel,Male,6,Remote - India
1920,Aditya Nair,Male,1,Pune
1921,Karan Das,Male,4,Gurgaon
1922,Sneha Patel,Female,2,Gurgaon
1923,Chen Bose,Male,5,Gurgaon
1924,James Rao,Male,0,Gurgaon
1925,Riya Gupta,Female,5,Pune
1926,Aisha Iyer,Female,6,Remote - India
1927,Kavya Menon,Female,4,Pune
1928,Daniel Rao,Male,4,Hyderabad
1929,Sneha Joshi,Female,3,Bangalore
1930,Chen Das,Male,4,Gurgaon
1931,Karan Khan,Male,9,Hyderabad
1932,Manish Bose,Male,7,Bangalore
1933,Karan Bose,Male,4,Remote - India
1934,Grace Verma,Female,4,Bangalore
1935,Rahul Reddy,Male,7,Gurgaon
1936,Aarav Reddy,Male,5,Chennai
1937,Isha Khan,Female,2,Gurgaon
1938,Neha Bose,Female,4,Gurgaon
1939,Fatima Mehta,Female,9,Hyderabad
1940,Daniel Patel,Male,6,Gurgaon
1941,Neha Menon,Female,4,Chennai
1942,Michael Iyer,Male,0,Gurgaon
1943,Aarav Bose,Male,5,Hyderabad
1944,Manish Verma,Male,5,Remote - India
1945,Ananya Sharma,Female,4,Chennai
1946,Michael Nair,Male,7,Remote - India
1947,Priya Rao,Female,6,Pune
1948,Aisha Das,Female,0,Chennai
1949,Aisha Bose,Female,5,Pune
1950,Lin Mehta,Female,1,Chennai
1951,Arjun Joshi,Male,3,Hyderabad
1952,Kavya Bose,Female,1,Remote - India
1953,James Reddy,Male,1,Remote - India
1954,Isha Reddy,Female,0,Bangalore
1955,Vivek Sharma,Male,6,Hyderabad
1956,Grace Menon,Female,5,Hyderabad
1957,Sneha Reddy,Female,5,Chennai
1958,James Khan,Male,3,Chennai
1959,Lin Gupta,Female,1,Pune
1960,James Khan,Male,3,Pune
1961,Emily Rao,Female,5,Hyderabad
1962,James Sharma,Male,5,Gurgaon
1963,Omar Rao,Male,9,Chennai
1964,Pooja Menon,Female,8,Gurgaon
1965,Emily Verma,Female,5,Bangalore
1966,Omar Kapoor,Male,3,Bangalore
1967,Grace Iyer,Female,2,Hyderabad
1968,Siddharth Khan,Male,0,Gurgaon
1969,Sneha Iyer,Female,1,Hyderabad
1970,Grace Iyer,Female,0,Chennai
1971,Manish Verma,Male,10,Remote - India
1972,Aarav Joshi,Male,5,Pune
1973,Grace Das,Female,6,Pune
1974,Emily Patel,Female,4,Remote - India
1975,Meera Verma,Female,12,Chennai
1976,Neha Singh,Female,1,Bangalore
1977,Omar Gupta,Male,0,Gurgaon
1978,Rohan Patel,Male,12,Chennai
1979,Aarav Patel,Male,1,Pune
1980,Vivek Reddy,Male,4,Gurgaon
1981,Sneha Singh,Female,3,Remote - India
1982,Isha Singh,Female,6,Remote - India
1983,Siddharth Sharma,Male,4,Chennai
1984,Karan Gupta,Male,6,Gurgaon
1985,Isha Khan,Female,7,Remote - India
1986,Meera Singh,Female,0,Chennai
1987,Riya Joshi,Female,2,Hyderabad
1988,Ananya Das,Female,7,Bangalore
1989,Aditya Reddy,Male,8,Pune
1990,James Bose,Male,5,Hyderabad
1991,Chen Gupta,Male,6,Hyderabad
1992,Michael Verma,Male,9,Chennai
1993,Siddharth Nair,Male,4,Bangalore
1994,Meera Khan,Female,5,Pune
1995,Grace Patel,Female,8,Pune
1996,Riya Bose,Female,8,Chennai
1997,David Joshi,Male,4,Remote - India
1998,Isha Menon,Female,2,Bangalore
1999,Manish Khan,Male,4,Pune
2000,Sarah Verma,Female,5,Bangalore
2001,Michael Menon,Male,2,Gurgaon
2002,Siddharth Das,Male,3,Remote - India
2003,Siddharth Nair,Male,8,Remote - India
2004,David Khan,Male,6,Chennai
2005,Nikhil Mehta,Male,4,Gurgaon
2006,Daniel Gupta,Male,2,Remote - India
2007,Aarav Sharma,Male,3,Bangalore
2008,Aarav Menon,Male,0,Bangalore
2009,Karan Khan,Male,5,Remote - India
2010,Nikhil Patel,Male,2,Remote - India
2011,Kavya Verma,Female,5,Bangalore
2012,Vivek Verma,Male,7,Gurgaon
2013,Kavya Nair,Female,5,Chennai
2014,Divya Iyer,Female,3,Gurgaon
2015,Aditya Bose,Male,2,Chennai
2016,Arjun Nair,Male,1,Chennai
2017,Meera Singh,Female,8,Remote - India
2018,Fatima Iyer,Female,5,Chennai
2019,Chen Singh,Male,4,Pune
2020,Daniel Singh,Male,6,Hyderabad
2021,Sneha Singh,Female,8,Bangalore
2022,David Bose,Male,3,Remote - India
2023,Ananya Singh,Female,5,Remote - India
2024,Meera Khan,Female,5,Bangalore
2025,Omar Mehta,Male,9,Gurgaon
2026,David Gupta,Male,4,Chennai
2027,Omar Nair,Male,2,Hyderabad
2028,Lin Mehta,Female,6,Gurgaon
2029,Divya Khan,Female,7,Chennai
2030,Siddharth Nair,Male,5,Bangalore
2031,Vivek Iyer,Male,9,Gurgaon
2032,Siddharth Khan,Male,4,Bangalore
2033,Omar Reddy,Male,5,Chennai
2034,Priya Verma,Female,0,Chennai
2035,David Singh,Male,2,Hyderabad
2036,Daniel Bose,Male,3,Gurgaon
2037,Aarav Joshi,Male,4,Pune
2038,Lin Bose,Female,1,Chennai
2039,Sneha Rao,Female,6,Bangalore
2040,David Joshi,Male,2,Bangalore
2041,Michael Das,Male,11,Chennai
2042,Manish Bose,Male,2,Bangalore
2043,Vivek Kapoor,Male,5,Gurgaon
2044,Sarah Iyer,Female,4,Pune
2045,Manish Mehta,Male,2,Hyderabad
2046,Rohan Bose,Male,4,Chennai
2047,Rahul Patel,Male,4,Chennai
2048,Aisha Nair,Female,7,Chennai
2049,Emily Joshi,Female,6,Bangalore
2050,Chen Mehta,Male,6,Hyderabad
2051,Ananya Mehta,Female,7,Bangalore
2052,Nikhil Joshi,Male,6,Pune
2053,Sneha Patel,Female,5,Pune
2054,Fatima Sharma,Female,3,Bangalore
2055,Sarah Verma,Female,5,Remote - India
2056,Ananya Bose,Female,2,Bangalore
2057,Kavya Khan,Female,4,Chennai
2058,Isha Rao,Female,4,Bangalore
2059,Ananya Reddy,Female,4,Pune
2060,Aarav Joshi,Male,1,Gurgaon
2061,Rohan Rao,Male,0,Chennai
2062,Isha Sharma,Female,3,Hyderabad
2063,Rohan Patel,Male,8,Bangalore
2064,Chen Gupta,Male,5,Gurgaon
2065,Vivek Nair,Male,8,Bangalore
2066,Grace Rao,Female,2,Bangalore
2067,Rahul Menon,Male,3,Remote - India
2068,David Das,Male,11,Bangalore
2069,Isha Das,Female,2,Hyderabad
2070,Rohan Gupta,Male,6,Remote - India
2071,Vivek Nair,Male,6,Remote - India
2072,Aditya Menon,Male,6,Hyderabad
2073,Michael Gupta,Male,6,Pune
2074,Nikhil Verma,Male,2,Hyderabad
2075,Divya Bose,Female,3,Hyderabad
2076,Aarav Joshi,Male,0,Bangalore
2077,Aarav Sharma,Male,9,Hyderabad
2078,Vivek Patel,Male,6,Pune
2079,Grace Reddy,Female,3,Hyderabad
2080,Isha Singh,Female,2,Gurgaon
2081,Fatima Menon,Female,8,Hyderabad
2082,Meera Verma,Female,2,Gurgaon
2083,Meera Joshi,Female,3,Gurgaon
2084,Sneha Patel,Female,2,Remote - India
2085,James Sharma,Male,7,Gurgaon
2086,Riya Mehta,Female,8,Bangalore
2087,Divya Kapoor,Female,4,Gurgaon
2088,Nikhil Khan,Male,8,Chennai
2089,Kavya Singh,Female,6,Bangalore
2090,Kavya Nair,Female,1,Hyderabad
2091,Grace Joshi,Female,9,Hyderabad
2092,Arjun Verma,Male,1,Bangalore
2093,Emily Patel,Female,4,Hyderabad
2094,James Singh,Male,4,Remote - India
2095,Chen Verma,Male,3,Bangalore
2096,Rohan Gupta,Male,0,Hyderabad
2097,Aarav Joshi,Male,10,Gurgaon
2098,Divya Iyer,Female,0,Hyderabad
2099,Fatima Das,Female,9,Pune
2100,Rahul Das,Male,2,Hyderabad
2101,Divya Das,Female,3,Hyderabad
2102,Karan Rao,Male,9,Chennai
2103,Lin Mehta,Female,6,Pune
2104,Nikhil Iyer,Male,1,Pune
2105,Grace Verma,Female,0,Pune
2106,Aditya Mehta,Male,5,Gurgaon
2107,Chen Gupta,Male,1,Pune
2108,Michael Reddy,Male,6,Pune
2109,Rahul Kapoor,Male,6,Remote - India
2110,Rahul Das,Male,2,Hyderabad
2111,Rohan Verma,Male,3,Remote - India
2112,Isha Nair,Female,6,Pune
2113,Chen Menon,Male,2,Hyderabad
2114,Daniel Rao,Male,5,Remote - India
2115,Meera Gupta,Female,12,Gurgaon
2116,Riya Iyer,Female,6,Pune
2117,Grace Mehta,Female,3,Gurgaon
2118,Grace Khan,Female,11,Remote - India
2119,Aarav Menon,Male,7,Chennai
2120,Riya Rao,Female,1,Remote - India
2121,James Rao,Male,2,Gurgaon
2122,Isha Sharma,Female,0,Pune
2123,Rohan Verma,Male,5,Pune
2124,Rohan Menon,Male,0,Gurgaon
2125,David Joshi,Male,11,Chennai
2126,Divya Khan,Female,4,Pune
2127,Riya Iyer,Female,7,Gurgaon
2128,Priya Menon,Female,3,Hyderabad
2129,Aditya Kapoor,Male,5,Remote - India
2130,Nikhil Iyer,Male,4,Bangalore
2131,Omar Patel,Male,5,Hyderabad
2132,Chen Sharma,Male,8,Pune
2133,Chen Reddy,Male,10,Chennai
2134,Aisha Gupta,Female,9,Remote - India
2135,Chen Sharma,Male,14,Chennai
2136,Sneha Bose,Female,2,Chennai
2137,Daniel Verma,Male,6,Remote - India
2138,James Singh,Male,2,Chennai
2139,Rahul Iyer,Male,8,Gurgaon
2140,Daniel Verma,Male,2,Gurgaon
2141,Michael Verma,Male,8,Bangalore
2142,Aisha Kapoor,Female,5,Pune
2143,Ananya Kapoor,Female,4,Remote - India
2144,Arjun Iyer,Male,5,Gurgaon
2145,Kavya Reddy,Female,1,Remote - India
2146,Riya Nair,Female,1,Chennai
2147,Omar Mehta,Male,5,Chennai
2148,Nikhil Das,Male,5,Remote - India
2149,Siddharth Menon,Male,3,Remote - India
2150,Ananya Iyer,Female,4,Remote - India
2151,Emily Khan,Female,6,Pune
2152,Karan Joshi,Male,2,Chennai
2153,Neha Khan,Female,0,Gurgaon
2154,Michael Iyer,Male,9,Hyderabad
2155,Chen Iyer,Male,5,Bangalore
2156,David Gupta,Male,3,Remote - India
2157,Vivek Nair,Male,2,Hyderabad
2158,Pooja Nair,Female,2,Chennai
2159,Isha Joshi,Female,8,Hyderabad
2160,Rahul Sharma,Male,1,Remote - India
2161,James Reddy,Male,6,Pune
2162,Michael Menon,Male,6,Pune
2163,Aarav Patel,Male,7,Hyderabad
2164,Vivek Sharma,Male,3,Hyderabad
2165,Sarah Menon,Female,9,Gurgaon
2166,Daniel Das,Male,7,Pune
2167,Fatima Khan,Female,3,Remote - India
2168,Aditya Patel,Male,2,Hyderabad
2169,Pooja Rao,Female,4,Pune
2170,Michael Patel,Male,3,Bangalore
2171,Isha Kapoor,Female,2,Remote - India
2172,Fatima Gupta,Female,5,Gurgaon
2173,Meera Patel,Female,4,Hyderabad
2174,Arjun Reddy,Male,10,Hyderabad
2175,Riya Nair,Female,3,Bangalore
2176,Daniel Reddy,Male,2,Pune
2177,Siddharth Kapoor,Male,5,Hyderabad
2178,Rahul Verma,Male,5,Chennai
2179,Sarah Kapoor,Female,6,Hyderabad
2180,Michael Khan,Male,5,Gurgaon
2181,Meera Patel,Female,5,Bangalore
2182,Priya Bose,Female,4,Pune
2183,Aditya Khan,Male,6,Remote - India
2184,Isha Sharma,Female,2,Chennai
2185,Sarah Patel,Female,2,Pune
2186,Neha Reddy,Female,0,Gurgaon
2187,Fatima Das,Female,2,Chennai
2188,Divya Joshi,Female,8,Bangalore
2189,Aditya Nair,Male,6,Remote - India
2190,Priya Bose,Female,10,Gurgaon
2191,Nikhil Khan,Male,9,Remote - India
2192,Sneha Das,Female,6,Bangalore
2193,Kavya Rao,Female,5,Remote - India
2194,Kavya Sharma,Female,5,Bangalore
2195,Chen Iyer,Male,0,Gurgaon
2196,David Mehta,Male,4,Pune
2197,Daniel Verma,Male,3,Chennai
2198,Emily Bose,Female,2,Hyderabad
2199,James Kapoor,Male,6,Pune
2200,Michael Sharma,Male,4,Remote - India
2201,Emily Kapoor,Female,5,Remote - India
2202,Chen Iyer,Male,1,Hyderabad
2203,Chen Menon,Male,7,Pune
2204,Neha Gupta,Female,3,Chennai
2205,James Menon,Male,6,Hyderabad
2206,Sneha Reddy,Female,3,Hyderabad
2207,Manish Joshi,Male,0,Gurgaon
2208,Sarah Iyer,Female,6,Gurgaon
2209,Aisha Iyer,Female,4,Bangalore
2210,Lin Singh,Female,0,Pune
2211,Arjun Khan,Male,1,Chennai
2212,Isha Mehta,Female,7,Hyderabad
2213,David Patel,Male,0,Gurgaon
2214,Omar Verma,Male,3,Remote - India
2215,Neha Joshi,Female,10,Gurgaon
2216,Fatima Rao,Female,6,Bangalore
2217,Priya Reddy,Female,7,Remote - India
2218,Manish Joshi,Male,4,Bangalore
2219,Manish Menon,Male,0,Hyderabad
2220,Grace Rao,Female,5,Bangalore
2221,Divya Singh,Female,1,Pune
2222,Vivek Kapoor,Male,1,Gurgaon
2223,Omar Menon,Male,5,Remote - India
2224,Omar Nair,Male,1,Remote - India
2225,Aarav Singh,Male,4,Hyderabad
2226,Ananya Reddy,Female,2,Remote - India
2227,Fatima Reddy,Female,4,Remote - India
2228,Meera Verma,Female,3,Remote - India
2229,Michael Menon,Male,4,Chennai
2230,Emily Verma,Female,9,Remote - India
2231,Neha Iyer,Female,7,Gurgaon
2232,Kavya Gupta,Female,4,Bangalore
2233,Meera Das,Female,8,Remote - India
2234,Neha Singh,Female,6,Chennai
2235,Michael Nair,Male,8,Gurgaon
2236,Michael Reddy,Male,0,Bangalore
2237,Aditya Patel,Male,1,Remote - India
2238,Omar Menon,Male,5,Remote - India
2239,Meera Nair,Female,4,Hyderabad
2240,Aditya Rao,Male,4,Hyderabad
2241,Divya Menon,Female,6,Pune
2242,Vivek Nair,Male,5,Hyderabad
2243,Priya Joshi,Female,7,Remote - India
2244,Neha Kapoor,Female,7,Hyderabad
2245,Chen Das,Male,2,Hyderabad
2246,Neha Sharma,Female,0,Chennai
2247,Divya Rao,Female,1,Hyderabad
2248,Isha Rao,Female,1,Remote - India
2249,Aditya Mehta,Male,5,Hyderabad
2250,Vivek Menon,Male,5,Chennai
2251,Karan Iyer,Male,4,Bangalore
2252,Omar Menon,Male,6,Bangalore
2253,Rahul Nair,Male,12,Bangalore
2254,Ananya Joshi,Female,4,Bangalore
2255,Siddharth Verma,Male,5,Bangalore
2256,Manish Sharma,Male,4,Bangalore
2257,Divya Mehta,Female,3,Gurgaon
2258,Rahul Gupta,Male,6,Chennai
2259,Michael Sharma,Male,4,Bangalore
2260,Isha Singh,Female,2,Gurgaon
2261,Emily Kapoor,Female,2,Hyderabad
2262,Riya Iyer,Female,7,Bangalore
2263,Priya Mehta,Female,6,Chennai
2264,Rahul Patel,Male,3,Hyderabad
2265,Aarav Nair,Male,6,Hyderabad
2266,Omar Kapoor,Male,4,Chennai
2267,Arjun Khan,Male,5,Chennai
2268,Karan Gupta,Male,3,Remote - India
2269,David Menon,Male,1,Hyderabad
2270,Riya Menon,Female,4,Bangalore
2271,Daniel Nair,Male,2,Pune
2272,Divya Reddy,Female,2,Pune
2273,Emily Patel,Female,0,Gurgaon
2274,Rohan Iyer,Male,0,Remote - India
2275,Omar Nair,Male,3,Pune
2276,Neha Khan,Female,8,Gurgaon
2277,Neha Khan,Female,7,Hyderabad
2278,James Patel,Male,9,Pune
2279,Kavya Iyer,Female,1,Pune
2280,Michael Gupta,Male,6,Bangalore
2281,Grace Nair,Female,4,Pune
2282,Chen Iyer,Male,2,Bangalore
2283,Aditya Bose,Male,7,Pune
2284,Karan Gupta,Male,4,Bangalore
2285,Michael Mehta,Male,0,Remote - India
2286,Rahul Bose,Male,7,Bangalore
2287,Riya Menon,Female,5,Chennai
2288,Grace Singh,Female,5,Chennai
2289,Siddharth Bose,Male,1,Remote - India
2290,Grace Bose,Female,5,Pune
2291,Pooja Reddy,Female,9,Pune
2292,Karan Nair,Male,5,Remote - India
2293,Grace Joshi,Female,0,Hyderabad
2294,Isha Sharma,Female,6,Bangalore
2295,Ananya Iyer,Female,5,Pune
2296,Aarav Gupta,Male,7,Pune
2297,Sarah Reddy,Female,5,Remote - India
2298,Karan Iyer,Male,2,Chennai
2299,Omar Khan,Male,5,Hyderabad
2300,Neha Joshi,Female,4,Pune
2301,Siddharth Das,Male,5,Gurgaon
2302,Priya Verma,Female,7,Pune
2303,Divya Bose,Female,2,Pune
2304,Daniel Bose,Male,10,Pune
2305,Fatima Verma,Female,6,Bangalore
2306,Meera Patel,Female,7,Chennai
2307,Meera Joshi,Female,6,Pune
2308,Isha Patel,Female,5,Chennai
2309,Aisha Joshi,Female,6,Bangalore
2310,Grace Joshi,Female,0,Pune
2311,Meera Verma,Female,6,Pune
2312,Siddharth Joshi,Male,2,Gurgaon
2313,Aisha Kapoor,Female,4,Remote - India
2314,Daniel Verma,Male,5,Bangalore
2315,Rohan Reddy,Male,8,Remote - India
2316,Michael Sharma,Male,2,Chennai
2317,Sarah Bose,Female,3,Bangalore
2318,James Kapoor,Male,3,Remote - India
2319,James Kapoor,Male,5,Bangalore
2320,Nikhil Rao,Male,4,Hyderabad
2321,Manish Iyer,Male,6,Chennai
2322,Vivek Patel,Male,0,Bangalore
2323,Sarah Gupta,Female,4,Bangalore
2324,Sarah Verma,Female,9,Pune
2325,Lin Menon,Female,4,Remote - India
2326,Priya Joshi,Female,6,Gurgaon
2327,Priya Das,Female,7,Pune
2328,David Das,Male,5,Gurgaon
2329,Divya Joshi,Female,10,Bangalore
2330,Rahul Das,Male,5,Pune
2331,Sarah Gupta,Female,6,Gurgaon
2332,Manish Kapoor,Male,5,Pune
2333,Rahul Joshi,Male,8,Chennai
2334,Sneha Mehta,Female,3,Remote - India
2335,Pooja Verma,Female,10,Remote - India
2336,Aisha Rao,Female,3,Gurgaon
2337,Vivek Nair,Male,9,Gurgaon
2338,Sarah Singh,Female,1,Bangalore
2339,Omar Menon,Male,6,Hyderabad
2340,Emily Iyer,Female,4,Chennai
2341,Manish Patel,Male,7,Pune
2342,Sarah Mehta,Female,6,Pune
2343,Aisha Singh,Female,7,Gurgaon
2344,Fatima Gupta,Female,1,Bangalore
2345,Arjun Joshi,Male,0,Hyderabad
2346,Fatima Singh,Female,1,Chennai
2347,James Verma,Male,1,Gurgaon
2348,Rahul Kapoor,Male,1,Pune
2349,Aditya Rao,Male,3,Hyderabad
2350,Manish Menon,Male,3,Pune
2351,Daniel Iyer,Male,4,Chennai
2352,Rahul Menon,Male,2,Remote - India
2353,Manish Gupta,Male,2,Remote - India
2354,Riya Bose,Female,4,Hyderabad
2355,Karan Reddy,Male,7,Hyderabad
2356,Aarav Rao,Male,3,Remote - India
2357,Fatima Joshi,Female,4,Gurgaon
2358,James Menon,Male,5,Chennai
2359,Ananya Mehta,Female,2,Hyderabad
2360,Pooja Reddy,Female,3,Bangalore
2361,Siddharth Singh,Male,2,Chennai
2362,Arjun Verma,Male,7,Chennai
2363,Omar Sharma,Male,7,Bangalore
2364,Vivek Das,Male,2,Gurgaon
2365,Manish Iyer,Male,4,Pune
2366,Michael Iyer,Male,6,Pune
2367,Isha Rao,Female,5,Bangalore
2368,Karan Singh,Male,6,Pune
2369,Sneha Rao,Female,2,Gurgaon
2370,Karan Das,Male,9,Remote - India
2371,David Rao,Male,3,Pune
2372,Kavya Reddy,Female,3,Bangalore
2373,Arjun Mehta,Male,1,Remote - India
2374,Chen Menon,Male,4,Remote - India
2375,Rohan Joshi,Male,8,Gurgaon
2376,Michael Nair,Male,5,Remote - India
2377,James Joshi,Male,4,Chennai
2378,Nikhil Singh,Male,7,Hyderabad
2379,Emily Joshi,Female,8,Chennai
2380,Michael Patel,Male,7,Bangalore
2381,Rohan Verma,Male,0,Chennai
2382,Riya Singh,Female,7,Gurgaon
2383,David Patel,Male,6,Chennai
2384,Emily Nair,Female,2,Gurgaon
2385,Riya Khan,Female,6,Pune
2386,Aarav Bose,Male,8,Remote - India
2387,Neha Iyer,Female,3,Hyderabad
2388,Manish Mehta,Male,7,Hyderabad
2389,Chen Das,Male,5,Chennai
2390,Lin Verma,Female,0,Remote - India
2391,Sneha Joshi,Female,4,Pune
2392,Lin Das,Female,5,Chennai
2393,Lin Nair,Female,4,Hyderabad
2394,Pooja Iyer,Female,5,Remote - India
2395,James Das,Male,4,Pune
2396,Aarav Verma,Male,11,Chennai
2397,Arjun Khan,Male,3,Chennai
2398,Isha Sharma,Female,2,Pune
2399,Rahul Patel,Male,7,Remote - India
2400,Vivek Nair,Male,4,Hyderabad
2401,Riya Reddy,Female,4,Gurgaon
2402,James Das,Male,4,Pune
2403,Omar Reddy,Male,7,Remote - India
2404,Meera Das,Female,1,Remote - India
2405,Kavya Iyer,Female,7,Pune
2406,Michael Gupta,Male,6,Pune
2407,Aisha Rao,Female,10,Bangalore
2408,Aarav Rao,Male,5,Bangalore
2409,Chen Mehta,Male,2,Remote - India
2410,Arjun Verma,Male,5,Pune
2411,Lin Singh,Female,5,Hyderabad
2412,Vivek Kapoor,Male,8,Hyderabad
2413,Divya Sharma,Female,2,Chennai
2414,James Khan,Male,0,Chennai
2415,Omar Nair,Male,5,Hyderabad
2416,Rahul Mehta,Male,10,Remote - India
2417,Neha Joshi,Female,6,Pune
2418,Isha Menon,Female,7,Hyderabad
2419,Rahul Patel,Male,1,Chennai
2420,Rahul Menon,Male,5,Hyderabad
2421,James Reddy,Male,8,Bangalore
2422,Neha Singh,Female,5,Hyderabad
2423,Chen Rao,Male,0,Remote - India
2424,Chen Iyer,Male,5,Bangalore
2425,Grace Reddy,Female,6,Remote - India
2426,Aisha Mehta,Female,0,Chennai
2427,David Menon,Male,4,Chennai
2428,Siddharth Iyer,Male,2,Bangalore
2429,Rohan Verma,Male,7,Remote - India
2430,Nikhil Joshi,Male,3,Remote - India
2431,Ananya Sharma,Female,6,Remote - India
2432,Aisha Patel,Female,4,Pune
2433,Michael Reddy,Male,3,Gurgaon
2434,Ananya Gupta,Female,10,Remote - India
2435,Arjun Joshi,Male,3,Remote - India
2436,Chen Reddy,Male,5,Bangalore
2437,Daniel Menon,Male,4,Hyderabad
2438,Siddharth Nair,Male,5,Remote - India
2439,Ananya Reddy,Female,10,Pune
2440,Siddharth Kapoor,Male,6,Pune
2441,Manish Singh,Male,3,Gurgaon
2442,Siddharth Das,Male,9,Pune
2443,Arjun Das,Male,7,Chennai
2444,Omar Reddy,Male,3,Gurgaon
2445,Chen Verma,Male,8,Hyderabad
2446,Isha Verma,Female,1,Hyderabad
2447,Meera Verma,Female,1,Pune
2448,Pooja Gupta,Female,0,Chennai
2449,Chen Menon,Male,0,Bangalore
2450,Grace Verma,Female,8,Pune
2451,Emily Joshi,Female,5,Pune
2452,Omar Nair,Male,0,Chennai
2453,Isha Nair,Female,4,Remote - India
2454,Sneha Mehta,Female,7,Remote - India
2455,Meera Gupta,Female,2,Chennai
2456,Siddharth Mehta,Male,4,Gurgaon
2457,Priya Gupta,Female,11,Pune
2458,Vivek Rao,Male,4,Pune
2459,Karan Das,Male,0,Bangalore
2460,Manish Nair,Male,3,Pune
2461,Michael Nair,Male,0,Remote - India
2462,Isha Sharma,Female,6,Bangalore
2463,Fatima Joshi,Female,2,Pune
2464,Siddharth Sharma,Male,2,Remote - India
2465,Rohan Khan,Male,11,Remote - India
2466,Isha Mehta,Female,1,Bangalore
2467,Manish Das,Male,0,Bangalore
2468,Vivek Bose,Male,1,Bangalore
2469,Aisha Singh,Female,7,Hyderabad
2470,Riya Bose,Female,6,Bangalore
2471,Priya Mehta,Female,3,Hyderabad
2472,David Bose,Male,3,Remote - India
2473,Isha Nair,Female,6,Remote - India
2474,Omar Menon,Male,5,Chennai
2475,Manish Reddy,Male,4,Remote - India
2476,Divya Kapoor,Female,6,Gurgaon
2477,Kavya Joshi,Female,1,Pune
2478,Aisha Joshi,Female,2,Remote - India
2479,James Iyer,Male,6,Pune
2480,Michael Gupta,Male,5,Pune
2481,James Iyer,Male,0,Bangalore
2482,Daniel Khan,Male,5,Chennai
2483,Nikhil Reddy,Male,11,Pune
2484,Sneha Patel,Female,7,Pune
2485,James Iyer,Male,3,Pune
2486,Neha Reddy,Female,2,Hyderabad
2487,Neha Rao,Female,6,Gurgaon
2488,James Patel,Male,8,Gurgaon
2489,Rohan Iyer,Male,0,Bangalore
2490,Karan Menon,Male,5,Pune
2491,Divya Khan,Female,3,Chennai
2492,Pooja Kapoor,Female,5,Remote - India
2493,Sneha Sharma,Female,0,Bangalore
2494,Fatima Gupta,Female,8,Hyderabad
2495,Aisha Verma,Female,9,Bangalore
2496,Lin Patel,Female,7,Remote - India
2497,Chen Khan,Male,10,Gurgaon
2498,Siddharth Das,Male,3,Hyderabad
2499,Rahul Gupta,Male,5,Bangalore
2500,Siddharth Nair,Male,7,Pune
2501,Priya Sharma,Female,6,Pune
2502,Divya Sharma,Female,4,Hyderabad
2503,Omar Khan,Male,4,Chennai
2504,David Joshi,Male,9,Remote - India
2505,Emily Bose,Female,4,Remote - India
2506,Sneha Reddy,Female,8,Hyderabad
2507,Aarav Mehta,Male,4,Bangalore
2508,Aarav Mehta,Male,8,Bangalore
2509,Rahul Joshi,Male,5,Chennai
2510,Isha Rao,Female,6,Pune
2511,Kavya Iyer,Female,3,Remote - India
2512,Fatima Reddy,Female,5,Pune
2513,James Sharma,Male,3,Bangalore
2514,Arjun Reddy,Male,3,Chennai
2515,Chen Joshi,Male,4,Pune
2516,Priya Khan,Female,4,Gurgaon
2517,Riya Mehta,Female,7,Remote - India
2518,David Verma,Male,3,Remote - India
2519,Aarav Nair,Male,5,Chennai
2520,James Menon,Male,8,Pune
2521,Manish Verma,Male,6,Pune
2522,Aisha Joshi,Female,0,Gurgaon
2523,Omar Rao,Male,0,Chennai
2524,Ananya Sharma,Female,6,Pune
2525,Daniel Iyer,Male,3,Remote - India
2526,Lin Joshi,Female,0,Bangalore
2527,Omar Kapoor,Male,3,Pune
2528,Lin Sharma,Female,6,Hyderabad
2529,Manish Mehta,Male,3,Pune
2530,Emily Khan,Female,5,Hyderabad
2531,Nikhil Das,Male,4,Gurgaon
2532,Fatima Reddy,Female,2,Remote - India
2533,David Menon,Male,5,Chennai
2534,Emily Joshi,Female,0,Hyderabad
2535,Rahul Patel,Male,2,Chennai
2536,Sneha Joshi,Female,7,Hyderabad
2537,Meera Mehta,Female,0,Hyderabad
2538,Omar Nair,Male,4,Pune
2539,Grace Patel,Female,3,Hyderabad
2540,Kavya Verma,Female,3,Bangalore
2541,Michael Singh,Male,7,Remote - India
2542,Meera Gupta,Female,8,Gurgaon
2543,Ananya Iyer,Female,1,Remote - India
2544,James Nair,Male,0,Gurgaon
2545,Nikhil Nair,Male,4,Gurgaon
2546,Nikhil Joshi,Male,0,Remote - India
2547,Daniel Kapoor,Male,7,Bangalore
2548,Pooja Reddy,Female,4,Chennai
2549,Divya Verma,Female,0,Pune
2550,Chen Nair,Male,2,Bangalore
2551,Karan Verma,Male,1,Gurgaon
2552,Divya Gupta,Female,2,Chennai
2553,Karan Mehta,Male,0,Remote - India
2554,Meera Patel,Female,9,Chennai
2555,Fatima Joshi,Female,1,Chennai
2556,Karan Reddy,Male,4,Chennai
2557,Michael Das,Male,6,Hyderabad
2558,Divya Mehta,Female,8,Pune
2559,Lin Sharma,Female,5,Hyderabad
2560,Omar Das,Male,4,Remote - India
2561,Arjun Iyer,Male,5,Remote - India
2562,Emily Menon,Female,1,Remote - India
2563,Riya Reddy,Female,2,Gurgaon
2564,Lin Rao,Female,4,Hyderabad
2565,James Menon,Male,0,Pune
2566,Chen Kapoor,Male,2,Bangalore
2567,Fatima Reddy,Female,3,Bangalore
2568,Vivek Iyer,Male,10,Remote - India
2569,Daniel Bose,Male,8,Hyderabad
2570,James Verma,Male,6,Pune
2571,Ananya Reddy,Female,7,Gurgaon
2572,Ananya Patel,Female,2,Pune
2573,Aisha Patel,Female,5,Chennai
2574,Sarah Kapoor,Female,7,Bangalore
2575,Pooja Reddy,Female,2,Chennai
2576,David Khan,Male,0,Chennai
2577,Rahul Khan,Male,5,Chennai
2578,Emily Bose,Female,0,Hyderabad
2579,Neha Iyer,Female,6,Bangalore
2580,Sarah Bose,Female,8,Chennai
2581,Isha Patel,Female,2,Hyderabad
2582,Sneha Patel,Female,2,Gurgaon
2583,Daniel Gupta,Male,8,Bangalore
2584,Priya Singh,Female,5,Hyderabad
2585,Neha Menon,Female,7,Gurgaon
2586,Karan Verma,Male,4,Remote - India
2587,Pooja Kapoor,Female,4,Bangalore
2588,Rohan Nair,Male,5,Pune
2589,Neha Sharma,Female,9,Pune
2590,Sarah Rao,Female,7,Chennai
2591,Riya Kapoor,Female,2,Remote - India
2592,Neha Reddy,Female,5,Chennai
2593,David Rao,Male,4,Bangalore
2594,Daniel Mehta,Male,3,Remote - India
2595,Fatima Nair,Female,6,Hyderabad
2596,James Menon,Male,5,Bangalore
2597,Sneha Verma,Female,2,Pune
2598,Aditya Joshi,Male,5,Hyderabad
2599,Chen Iyer,Male,3,Remote - India
2600,Aisha Bose,Female,6,Remote - India
2601,Omar Menon,Male,3,Pune
2602,Grace Menon,Female,4,Hyderabad
2603,Isha Reddy,Female,3,Pune
2604,Fatima Reddy,Female,0,Chennai
2605,Karan Mehta,Male,9,Pune
2606,Omar Verma,Male,5,Chennai
2607,Arjun Kapoor,Male,9,Bangalore
2608,Lin Nair,Female,5,Bangalore
2609,Michael Patel,Male,6,Bangalore
2610,Isha Nair,Female,3,Remote - India
2611,Manish Kapoor,Male,3,Remote - India
2612,Manish Joshi,Male,4,Bangalore
2613,Isha Reddy,Female,9,Gurgaon
2614,James Verma,Male,2,Remote - India
2615,Neha Mehta,Female,0,Hyderabad
2616,Grace Sharma,Female,8,Bangalore
2617,Michael Iyer,Male,7,Bangalore
2618,James Joshi,Male,3,Gurgaon
2619,Manish Khan,Male,11,Remote - India
2620,Aisha Joshi,Female,11,Chennai
2621,Aditya Reddy,Male,0,Gurgaon
2622,Chen Khan,Male,2,Chennai
2623,Fatima Reddy,Female,4,Chennai
2624,Daniel Iyer,Male,6,Gurgaon
2625,Lin Bose,Female,5,Hyderabad
2626,Aisha Das,Female,4,Gurgaon
2627,Rohan Khan,Male,1,Chennai
2628,Pooja Iyer,Female,6,Hyderabad
2629,Aarav Patel,Male,6,Gurgaon
2630,Divya Iyer,Female,7,Hyderabad
2631,Rohan Mehta,Male,1,Pune
2632,Priya Nair,Female,4,Chennai
2633,Meera Sharma,Female,3,Remote - India
2634,Rahul Rao,Male,1,Chennai
2635,Fatima Iyer,Female,4,Gurgaon
2636,Daniel Bose,Male,1,Gurgaon
2637,Ananya Joshi,Female,0,Bangalore
2638,Daniel Menon,Male,7,Hyderabad
2639,James Sharma,Male,3,Gurgaon
2640,Sarah Bose,Female,2,Remote - India
2641,Sneha Nair,Female,8,Bangalore
2642,Arjun Patel,Male,6,Hyderabad
2643,Meera Singh,Female,0,Bangalore
2644,Aditya Patel,Male,6,Pune
2645,Meera Verma,Female,6,Gurgaon
2646,Daniel Gupta,Male,4,Bangalore
2647,Rohan Patel,Male,4,Pune
2648,Karan Das,Male,0,Hyderabad
2649,Lin Das,Female,11,Remote - India
2650,David Nair,Male,4,Bangalore
2651,Kavya Rao,Female,6,Gurgaon
2652,Nikhil Joshi,Male,4,Gurgaon
2653,David Nair,Male,2,Remote - India
2654,Rohan Das,Male,7,Pune
2655,Lin Iyer,Female,5,Pune
2656,Aarav Menon,Male,4,Chennai
2657,Nikhil Sharma,Male,5,Remote - India
2658,Karan Rao,Male,4,Gurgaon
2659,Aditya Patel,Male,10,Gurgaon
2660,James Khan,Male,7,Bangalore
2661,Rahul Reddy,Male,6,Remote - India
2662,Meera Rao,Female,0,Gurgaon
2663,James Khan,Male,6,Bangalore
2664,Priya Khan,Female,6,Gurgaon
2665,Manish Gupta,Male,2,Bangalore
2666,Ananya Joshi,Female,0,Remote - India
2667,Siddharth Bose,Male,7,Remote - India
2668,Kavya Patel,Female,7,Bangalore
2669,Meera Iyer,Female,3,Remote - India
2670,Sneha Bose,Female,3,Chennai
2671,Divya Reddy,Female,5,Chennai
2672,Pooja Menon,Female,3,Hyderabad
2673,Daniel Das,Male,0,Chennai
2674,Pooja Khan,Female,2,Remote - India
2675,Nikhil Das,Male,5,Remote - India
2676,Rahul Khan,Male,2,Gurgaon
2677,Sarah Sharma,Female,7,Chennai
2678,Aditya Sharma,Male,6,Gurgaon
2679,Omar Sharma,Male,6,Bangalore
2680,Meera Menon,Female,5,Gurgaon
2681,Omar Bose,Male,2,Gurgaon
2682,Sneha Iyer,Female,6,Gurgaon
2683,Aarav Khan,Male,2,Chennai
2684,Karan Kapoor,Male,7,Pune
2685,Michael Bose,Male,9,Hyderabad
2686,Aarav Nair,Male,5,Pune
2687,Emily Mehta,Female,9,Pune
2688,Priya Rao,Female,2,Chennai
2689,Priya Singh,Female,6,Chennai
2690,Emily Mehta,Female,4,Bangalore
2691,Manish Rao,Male,7,Hyderabad
2692,Omar Kapoor,Male,0,Bangalore
2693,Pooja Joshi,Female,7,Chennai
2694,Kavya Sharma,Female,3,Hyderabad
2695,David Nair,Male,5,Remote - India
2696,Omar Gupta,Male,11,Gurgaon
2697,Kavya Gupta,Female,6,Bangalore
2698,Aditya Iyer,Male,6,Hyderabad
2699,Siddharth Rao,Male,5,Gurgaon
2700,Pooja Mehta,Female,8,Chennai
2701,Priya Singh,Female,7,Chennai
2702,Chen Sharma,Male,5,Pune
2703,Rohan Das,Male,5,Pune
2704,Lin Singh,Female,5,Bangalore
2705,Fatima Joshi,Female,4,Remote - India
2706,Ananya Rao,Female,1,Bangalore
2707,Pooja Menon,Female,6,Gurgaon
2708,Fatima Das,Female,3,Bangalore
2709,David Mehta,Male,7,Remote - India
2710,Vivek Sharma,Male,4,Chennai
2711,Riya Menon,Female,7,Bangalore
2712,Riya Mehta,Female,4,Hyderabad
2713,Daniel Patel,Male,4,Bangalore
2714,Divya Sharma,Female,5,Pune
2715,James Sharma,Male,4,Gurgaon
2716,Daniel Singh,Male,10,Hyderabad
2717,Divya Joshi,Female,10,Hyderabad
2718,Sarah Verma,Female,10,Remote - India
2719,Riya Iyer,Female,5,Gurgaon
2720,Fatima Nair,Female,3,Chennai
2721,Chen Nair,Male,7,Bangalore
2722,Rohan Verma,Male,4,Pune
2723,Sarah Iyer,Female,7,Hyderabad
2724,Rohan Khan,Male,2,Bangalore
2725,Manish Menon,Male,6,Bangalore
2726,Divya Verma,Female,8,Gurgaon
2727,Rohan Patel,Male,4,Pune
2728,Aisha Nair,Female,4,Gurgaon
2729,James Rao,Male,0,Gurgaon
2730,Priya Khan,Female,3,Pune
2731,Chen Menon,Male,5,Gurgaon
2732,Karan Das,Male,6,Chennai
2733,Priya Khan,Female,6,Gurgaon
2734,Daniel Mehta,Male,0,Bangalore
2735,Karan Sharma,Male,4,Gurgaon
2736,Sneha Mehta,Female,1,Gurgaon
2737,Aditya Singh,Male,5,Remote - India
2738,James Joshi,Male,0,Chennai
2739,Fatima Gupta,Female,1,Hyderabad
2740,Aditya Verma,Male,7,Bangalore
2741,Aditya Patel,Male,3,Gurgaon
2742,Lin Kapoor,Female,9,Remote - India
2743,Aditya Reddy,Male,6,Pune
2744,Manish Das,Male,4,Remote - India
2745,Emily Sharma,Female,7,Gurgaon
2746,Isha Verma,Female,4,Hyderabad
2747,Rohan Menon,Male,7,Remote - India
2748,Kavya Mehta,Female,2,Chennai
2749,Kavya Iyer,Female,8,Remote - India
2750,Kavya Joshi,Female,0,Chennai
2751,Fatima Das,Female,1,Gurgaon
2752,Sarah Patel,Female,2,Pune
2753,Sarah Gupta,Female,3,Bangalore
2754,Chen Verma,Male,5,Pune
2755,Riya Sharma,Female,4,Chennai
2756,Nikhil Rao,Male,7,Pune
2757,Kavya Rao,Female,8,Pune
2758,Daniel Bose,Male,0,Hyderabad
2759,David Gupta,Male,8,Bangalore
2760,Emily Sharma,Female,4,Bangalore
2761,Michael Sharma,Male,10,Gurgaon
2762,Karan Reddy,Male,2,Remote - India
2763,Fatima Mehta,Female,0,Chennai
2764,Michael Verma,Male,6,Bangalore
2765,Rahul Mehta,Male,6,Remote - India
2766,Meera Rao,Female,1,Remote - India
2767,Arjun Das,Male,2,Gurgaon
2768,Riya Gupta,Female,7,Hyderabad
2769,Aarav Gupta,Male,6,Remote - India
2770,Divya Sharma,Female,4,Chennai
2771,Aditya Bose,Male,6,Chennai
2772,Karan Das,Male,5,Hyderabad
2773,Manish Khan,Male,2,Hyderabad
2774,Michael Kapoor,Male,7,Chennai
2775,Arjun Menon,Male,7,Chennai
2776,Vivek Nair,Male,5,Hyderabad
2777,Isha Mehta,Female,7,Hyderabad
2778,David Kapoor,Male,10,Remote - India
2779,Lin Rao,Female,2,Bangalore
2780,Kavya Patel,Female,4,Hyderabad
2781,Daniel Rao,Male,4,Bangalore
2782,Siddharth Reddy,Male,7,Gurgaon
2783,Omar Mehta,Male,3,Chennai
2784,Sneha Joshi,Female,7,Chennai
2785,Sneha Gupta,Female,3,Gurgaon
2786,Aisha Kapoor,Female,1,Pune
2787,Chen Gupta,Male,5,Remote - India
2788,Michael Joshi,Male,3,Chennai
2789,Omar Joshi,Male,5,Remote - India
2790,David Verma,Male,6,Hyderabad
2791,Riya Mehta,Female,0,Pune
2792,Riya Bose,Female,3,Hyderabad
2793,Neha Menon,Female,5,Pune
2794,Arjun Kapoor,Male,7,Remote - India
2795,Sneha Reddy,Female,7,Bangalore
2796,Neha Khan,Female,2,Gurgaon
2797,Michael Rao,Male,4,Gurgaon
2798,Rohan Khan,Male,6,Gurgaon
2799,Sarah Menon,Female,4,Pune
2800,Fatima Menon,Female,2,Pune
2801,Michael Joshi,Male,4,Remote - India
2802,Siddharth Bose,Male,6,Bangalore
2803,Arjun Khan,Male,2,Hyderabad
2804,Siddharth Iyer,Male,6,Remote - India
2805,Vivek Patel,Male,5,Gurgaon
2806,Vivek Singh,Male,6,Hyderabad
2807,Karan Nair,Male,4,Bangalore
2808,Emily Verma,Female,10,Gurgaon
2809,Kavya Das,Female,6,Hyderabad
2810,Daniel Singh,Male,7,Remote - India
2811,Pooja Mehta,Female,6,Chennai
2812,Isha Singh,Female,4,Bangalore
2813,Manish Patel,Male,5,Remote - India
2814,Aisha Bose,Female,3,Gurgaon
2815,Aarav Joshi,Male,9,Chennai
2816,Isha Bose,Female,6,Hyderabad
2817,Nikhil Mehta,Male,2,Pune
2818,Nikhil Khan,Male,9,Chennai
2819,Fatima Das,Female,4,Bangalore
2820,Daniel Mehta,Male,7,Pune
2821,James Mehta,Male,0,Pune
2822,Fatima Sharma,Female,8,Remote - India
2823,Aditya Reddy,Male,6,Remote - India
2824,Aarav Joshi,Male,2,Chennai
2825,Emily Das,Female,6,Hyderabad
2826,James Menon,Male,9,Chennai
2827,Aisha Patel,Female,3,Remote - India
2828,Aarav Verma,Male,3,Hyderabad
2829,Isha Das,Female,4,Gurgaon
2830,David Bose,Male,5,Hyderabad
2831,David Iyer,Male,7,Gurgaon
2832,David Mehta,Male,6,Pune
2833,Divya Das,Female,4,Gurgaon
2834,Chen Patel,Male,5,Bangalore
2835,Meera Nair,Female,10,Chennai
2836,Arjun Verma,Male,6,Chennai
2837,Omar Sharma,Male,4,Hyderabad
2838,Rahul Iyer,Male,4,Pune
2839,Manish Mehta,Male,5,Hyderabad
2840,Manish Iyer,Male,7,Pune
2841,Ananya Kapoor,Female,2,Gurgaon
2842,Aarav Gupta,Male,7,Remote - India
2843,Lin Bose,Female,4,Hyderabad
2844,Karan Reddy,Male,5,Gurgaon
2845,Lin Joshi,Female,12,Chennai
2846,Sneha Bose,Female,6,Hyderabad
2847,Isha Mehta,Female,3,Remote - India
2848,Lin Joshi,Female,6,Hyderabad
2849,Manish Mehta,Male,7,Gurgaon
2850,Chen Singh,Male,7,Hyderabad
2851,Priya Reddy,Female,0,Pune
2852,Sneha Bose,Female,0,Gurgaon
2853,Nikhil Das,Male,4,Gurgaon
2854,Grace Khan,Female,6,Pune
2855,Ananya Iyer,Female,6,Remote - India
2856,Chen Kapoor,Male,3,Chennai
2857,Manish Bose,Male,7,Gurgaon
2858,Arjun Menon,Male,8,Hyderabad
2859,Arjun Menon,Male,0,Pune
2860,Aisha Gupta,Female,0,Chennai
2861,Karan Bose,Male,6,Chennai
2862,Rohan Rao,Male,7,Hyderabad
2863,Siddharth Patel,Male,3,Chennai
2864,Sneha Mehta,Female,0,Pune
2865,James Nair,Male,5,Remote - India
2866,Vivek Nair,Male,6,Gurgaon
2867,Daniel Menon,Male,4,Pune
2868,Meera Singh,Female,8,Hyderabad
2869,Rohan Khan,Male,5,Bangalore
2870,Vivek Khan,Male,3,Pune
2871,Daniel Bose,Male,3,Hyderabad
2872,Aisha Verma,Female,5,Bangalore
2873,Siddharth Nair,Male,4,Chennai
2874,Aditya Das,Male,0,Chennai
2875,Chen Joshi,Male,5,Pune
2876,Sneha Iyer,Female,3,Gurgaon
2877,Riya Khan,Female,3,Hyderabad
2878,Omar Singh,Male,2,Hyderabad
2879,Arjun Sharma,Male,9,Gurgaon
2880,Divya Gupta,Female,6,Remote - India
2881,Karan Bose,Male,10,Hyderabad
2882,Vivek Sharma,Male,4,Chennai
2883,Siddharth Reddy,Male,6,Pune
2884,Emily Gupta,Female,5,Hyderabad
2885,Rohan Mehta,Male,3,Pune
2886,Rohan Nair,Male,4,Pune
2887,Manish Khan,Male,6,Bangalore
2888,Priya Verma,Female,2,Pune
2889,Kavya Rao,Female,8,Remote - India
2890,Nikhil Mehta,Male,5,Bangalore
2891,Aarav Menon,Male,7,Bangalore
2892,Priya Das,Female,6,Hyderabad
2893,Vivek Rao,Male,0,Bangalore
2894,Meera Gupta,Female,4,Bangalore
2895,Lin Nair,Female,8,Remote - India
2896,Daniel Mehta,Male,5,Gurgaon
2897,Rahul Bose,Male,5,Pune
2898,Karan Rao,Male,5,Hyderabad
2899,Karan Kapoor,Male,0,Remote - India
2900,Arjun Sharma,Male,8,Pune
2901,Daniel Sharma,Male,0,Pune
2902,Kavya Khan,Female,9,Hyderabad
2903,Vivek Singh,Male,3,Chennai
2904,Emily Verma,Female,6,Bangalore
2905,Kavya Menon,Female,0,Remote - India
2906,Omar Nair,Male,7,Chennai
2907,Arjun Singh,Male,6,Bangalore
2908,Sarah Bose,Female,6,Chennai
2909,Aditya Das,Male,0,Hyderabad
2910,Daniel Joshi,Male,2,Bangalore
2911,Sarah Sharma,Female,6,Gurgaon
2912,Chen Bose,Male,8,Gurgaon
2913,Nikhil Sharma,Male,2,Hyderabad
2914,Aarav Nair,Male,2,Remote - India
2915,Riya Menon,Female,5,Hyderabad
2916,Sneha Verma,Female,12,Hyderabad
2917,Michael Joshi,Male,3,Remote - India
2918,Rahul Reddy,Male,3,Pune
2919,Kavya Verma,Female,3,Hyderabad
2920,Chen Das,Male,4,Hyderabad
2921,Siddharth Das,Male,8,Chennai
2922,Ananya Menon,Female,4,Chennai
2923,Manish Sharma,Male,12,Hyderabad
2924,Daniel Das,Male,5,Hyderabad
2925,Kavya Verma,Female,8,Chennai
2926,Nikhil Rao,Male,4,Gurgaon
2927,David Das,Male,1,Hyderabad
2928,Chen Sharma,Male,4,Bangalore
2929,Omar Iyer,Male,6,Hyderabad
2930,Rohan Reddy,Male,2,Hyderabad
2931,Aditya Iyer,Male,8,Hyderabad
2932,Rahul Rao,Male,3,Gurgaon
2933,Vivek Menon,Male,2,Chennai
2934,Fatima Patel,Female,11,Hyderabad
2935,Rahul Rao,Male,2,Pune
2936,Meera Rao,Female,3,Remote - India
2937,Manish Khan,Male,7,Chennai
2938,Rahul Singh,Male,4,Pune
2939,Vivek Kapoor,Male,2,Pune
2940,Aisha Gupta,Female,3,Pune
2941,Chen Menon,Male,10,Gurgaon
2942,James Reddy,Male,6,Pune
2943,Aarav Bose,Male,7,Pune
2944,Sneha Patel,Female,5,Gurgaon
2945,Aditya Gupta,Male,6,Remote - India
2946,Aisha Khan,Female,3,Remote - India
2947,Fatima Patel,Female,5,Pune
2948,Grace Iyer,Female,0,Remote - India
2949,Isha Joshi,Female,7,Hyderabad
2950,Isha Mehta,Female,3,Bangalore
2951,Priya Kapoor,Female,1,Pune
2952,David Menon,Male,5,Pune
2953,Emily Bose,Female,4,Pune
2954,Manish Iyer,Male,7,Pune
2955,Ananya Nair,Female,4,Pune
2956,Meera Mehta,Female,3,Pune
2957,Siddharth Kapoor,Male,4,Gurgaon
2958,Omar Kapoor,Male,9,Chennai
2959,Ananya Bose,Female,7,Pune
2960,Riya Rao,Female,6,Pune
2961,Ananya Kapoor,Female,8,Chennai
2962,Aarav Reddy,Male,6,Remote - India
2963,Chen Reddy,Male,2,Remote - India
2964,Nikhil Gupta,Male,7,Bangalore
2965,Divya Iyer,Female,8,Chennai
2966,David Bose,Male,8,Chennai
2967,Vivek Mehta,Male,1,Pune
2968,Meera Menon,Female,3,Remote - India
2969,Neha Bose,Female,3,Gurgaon
2970,Manish Menon,Male,4,Chennai
2971,Vivek Nair,Male,6,Chennai
2972,Michael Reddy,Male,5,Remote - India
2973,Rahul Bose,Male,5,Chennai
2974,Manish Sharma,Male,1,Hyderabad
2975,Grace Sharma,Female,3,Bangalore
2976,Vivek Menon,Male,8,Gurgaon
2977,James Patel,Male,8,Chennai
2978,James Gupta,Male,4,Hyderabad
2979,Michael Gupta,Male,7,Chennai
2980,Aditya Mehta,Male,6,Pune
2981,Meera Nair,Female,7,Pune
2982,Kavya Gupta,Female,7,Hyderabad
2983,Rohan Gupta,Male,10,Hyderabad
2984,Siddharth Menon,Male,5,Pune
2985,Karan Gupta,Male,6,Bangalore
2986,Neha Iyer,Female,6,Pune
2987,Karan Singh,Male,5,Bangalore
2988,Daniel Sharma,Male,4,Gurgaon
2989,Riya Joshi,Female,10,Pune
2990,Divya Sharma,Female,5,Bangalore
2991,Pooja Sharma,Female,7,Chennai
2992,Rohan Nair,Male,9,Hyderabad
2993,Priya Bose,Female,6,Gurgaon
2994,Pooja Joshi,Female,6,Pune
2995,Daniel Menon,Male,5,Remote - India
2996,Michael Das,Male,6,Remote - India
2997,Riya Kapoor,Female,4,Chennai
2998,Aisha Bose,Female,13,Gurgaon
2999,Rohan Kapoor,Male,1,Remote - India
3000,Divya Sharma,Female,4,Pune
3001,David Reddy,Male,6,Bangalore
3002,Divya Singh,Female,6,Chennai
3003,Nikhil Kapoor,Male,4,Pune
3004,Omar Menon,Male,0,Chennai
3005,Kavya Sharma,Female,1,Chennai
3006,Sarah Sharma,Female,5,Chennai
3007,Michael Verma,Male,0,Chennai
3008,Sarah Khan,Female,6,Hyderabad
3009,Omar Bose,Male,8,Chennai
3010,Sneha Kapoor,Female,7,Pune
3011,Grace Nair,Female,8,Chennai
3012,David Patel,Male,0,Gurgaon
3013,Rahul Reddy,Male,0,Gurgaon
3014,Rohan Reddy,Male,4,Pune
3015,Sneha Patel,Female,2,Chennai
3016,Fatima Gupta,Female,0,Pune
3017,Karan Joshi,Male,3,Chennai
3018,Nikhil Rao,Male,9,Hyderabad
3019,Meera Iyer,Female,10,Bangalore
3020,James Sharma,Male,2,Hyderabad
3021,Sarah Bose,Female,5,Remote - India
3022,Nikhil Singh,Male,6,Chennai
3023,Omar Nair,Male,4,Chennai
3024,Isha Joshi,Female,8,Bangalore
3025,Sarah Rao,Female,3,Gurgaon
3026,Sneha Das,Female,3,Pune
3027,Aisha Menon,Female,2,Hyderabad
3028,Riya Singh,Female,4,Bangalore
3029,Manish Iyer,Male,0,Bangalore
3030,Sneha Das,Female,4,Chennai
3031,Rahul Nair,Male,5,Gurgaon
3032,Emily Reddy,Female,0,Remote - India
3033,David Sharma,Male,5,Remote - India
3034,Ananya Mehta,Female,2,Pune
3035,Lin Das,Female,5,Remote - India
3036,Isha Rao,Female,5,Bangalore
3037,David Sharma,Male,5,Gurgaon
3038,Chen Das,Male,7,Hyderabad
3039,Manish Rao,Male,0,Pune
3040,Chen Reddy,Male,1,Gurgaon
3041,Neha Reddy,Female,4,Chennai
3042,Ananya Das,Female,0,Remote - India
3043,Karan Singh,Male,7,Chennai
3044,Grace Mehta,Female,2,Pune
3045,Manish Bose,Male,8,Bangalore
3046,Sarah Reddy,Female,8,Chennai
3047,Rahul Rao,Male,4,Chennai
3048,Rohan Gupta,Male,4,Pune
3049,David Patel,Male,0,Chennai
3050,Meera Sharma,Female,5,Gurgaon
3051,Aisha Das,Female,7,Pune
3052,Omar Kapoor,Male,6,Pune
3053,Aisha Iyer,Female,9,Gurgaon
3054,Neha Patel,Female,4,Chennai
3055,Rahul Bose,Male,4,Bangalore
3056,Aditya Das,Male,2,Gurgaon
3057,Rohan Patel,Male,11,Pune
3058,Meera Reddy,Female,0,Pune
3059,Omar Patel,Male,7,Hyderabad
3060,Kavya Mehta,Female,7,Chennai
3061,Rahul Sharma,Male,7,Remote - India
3062,Divya Reddy,Female,2,Pune
3063,Lin Gupta,Female,1,Bangalore
3064,Karan Kapoor,Male,4,Pune
3065,Arjun Verma,Male,6,Bangalore
3066,Sarah Menon,Female,3,Hyderabad
3067,David Rao,Male,4,Bangalore
3068,Divya Rao,Female,3,Pune
3069,Omar Patel,Male,5,Chennai
3070,Arjun Bose,Male,5,Chennai
3071,Vivek Khan,Male,9,Chennai
3072,Aisha Singh,Female,6,Chennai
3073,Chen Kapoor,Male,1,Bangalore
3074,Divya Nair,Female,1,Bangalore
3075,Divya Joshi,Female,7,Chennai
3076,Riya Sharma,Female,5,Gurgaon
3077,Grace Singh,Female,11,Chennai
3078,Divya Gupta,Female,11,Pune
3079,Grace Menon,Female,2,Remote - India
3080,Aditya Nair,Male,6,Remote - India
3081,Sneha Gupta,Female,1,Pune
3082,Priya Bose,Female,7,Gurgaon
3083,Omar Iyer,Male,10,Gurgaon
3084,Karan Mehta,Male,5,Chennai
3085,Divya Gupta,Female,3,Gurgaon
3086,Arjun Sharma,Male,6,Gurgaon
3087,Fatima Das,Female,7,Bangalore
3088,Rohan Reddy,Male,7,Gurgaon
3089,Kavya Gupta,Female,4,Bangalore
3090,Pooja Verma,Female,3,Bangalore
3091,Divya Patel,Female,5,Remote - India
3092,Arjun Menon,Male,4,Chennai
3093,Priya Rao,Female,8,Remote - India
3094,Ananya Patel,Female,4,Chennai
3095,Fatima Reddy,Female,5,Gurgaon
3096,Omar Das,Male,6,Gurgaon
3097,Michael Mehta,Male,1,Chennai
3098,Karan Verma,Male,3,Hyderabad
3099,Ananya Mehta,Female,10,Hyderabad
3100,Neha Mehta,Female,7,Hyderabad
3101,Kavya Kapoor,Female,4,Remote - India
3102,Aditya Menon,Male,7,Bangalore
3103,Siddharth Singh,Male,8,Pune
3104,Arjun Bose,Male,4,Pune
3105,Sneha Singh,Female,7,Chennai
3106,James Reddy,Male,7,Gurgaon
3107,Rahul Iyer,Male,1,Chennai
3108,Pooja Mehta,Female,4,Chennai
3109,Michael Gupta,Male,10,Pune
3110,Aditya Das,Male,10,Pune
3111,Aisha Sharma,Female,7,Gurgaon
3112,Nikhil Iyer,Male,3,Remote - India
3113,Divya Nair,Female,0,Chennai
3114,Lin Iyer,Female,3,Remote - India
3115,Vivek Kapoor,Male,1,Remote - India
3116,Siddharth Reddy,Male,10,Hyderabad
3117,Pooja Sharma,Female,0,Bangalore
3118,Aisha Rao,Female,1,Pune
3119,Karan Nair,Male,5,Hyderabad
3120,Manish Joshi,Male,5,Bangalore
3121,Michael Patel,Male,9,Gurgaon
3122,Siddharth Nair,Male,7,Bangalore
3123,Meera Das,Female,4,Pune
3124,Arjun Kapoor,Male,8,Chennai
3125,David Joshi,Male,4,Gurgaon
3126,Aditya Singh,Male,10,Bangalore
3127,Isha Reddy,Female,2,Hyderabad
3128,David Singh,Male,0,Bangalore
3129,Michael Rao,Male,5,Chennai
3130,Lin Khan,Female,0,Hyderabad
3131,Fatima Kapoor,Female,8,Pune
3132,Manish Singh,Male,5,Pune
3133,Nikhil Patel,Male,10,Chennai
3134,Sneha Patel,Female,4,Pune
3135,Daniel Iyer,Male,1,Chennai
3136,Vivek Iyer,Male,6,Chennai
3137,Nikhil Iyer,Male,3,Hyderabad
3138,Rohan Iyer,Male,7,Chennai
3139,Neha Joshi,Female,2,Bangalore
3140,James Reddy,Male,9,Pune
3141,Grace Nair,Female,5,Pune
3142,Aarav Mehta,Male,4,Chennai
3143,Aarav Menon,Male,9,Chennai
3144,Emily Rao,Female,8,Chennai
3145,Rohan Khan,Male,3,Hyderabad
3146,Nikhil Gupta,Male,7,Bangalore
3147,Emily Reddy,Female,7,Gurgaon
3148,Emily Verma,Female,4,Pune
3149,Grace Bose,Female,7,Hyderabad
3150,Michael Nair,Male,9,Remote - India
3151,Nikhil Nair,Male,5,Remote - India
3152,Neha Joshi,Female,5,Remote - India
3153,Pooja Mehta,Female,4,Bangalore
3154,David Mehta,Male,3,Remote - India
3155,Ananya Khan,Female,5,Gurgaon
3156,Grace Verma,Female,4,Remote - India
3157,Aarav Khan,Male,4,Remote - India
3158,Manish Kapoor,Male,4,Bangalore
3159,Aarav Kapoor,Male,1,Chennai
3160,Meera Bose,Female,8,Remote - India
3161,Priya Nair,Female,3,Pune
3162,Grace Mehta,Female,9,Bangalore
3163,Aditya Menon,Male,2,Bangalore
3164,Omar Sharma,Male,10,Hyderabad
3165,Pooja Rao,Female,4,Pune
3166,Aisha Kapoor,Female,8,Remote - India
3167,Michael Menon,Male,5,Hyderabad
3168,Siddharth Nair,Male,1,Pune
3169,Chen Gupta,Male,1,Hyderabad
3170,Emily Menon,Female,3,Bangalore
3171,Michael Mehta,Male,4,Bangalore
3172,Kavya Patel,Female,5,Bangalore
3173,Isha Bose,Female,6,Pune
3174,Daniel Verma,Male,4,Hyderabad
3175,Kavya Joshi,Female,6,Chennai
3176,Pooja Nair,Female,6,Pune
3177,Omar Joshi,Male,4,Chennai
3178,Aditya Das,Male,7,Pune
3179,David Reddy,Male,7,Bangalore
3180,Karan Sharma,Male,6,Hyderabad
3181,Aditya Kapoor,Male,6,Gurgaon
3182,Priya Rao,Female,5,Bangalore
3183,Daniel Menon,Male,8,Gurgaon
3184,Aarav Menon,Male,5,Pune
3185,Neha Patel,Female,3,Pune
3186,Vivek Menon,Male,5,Hyderabad
3187,Aditya Gupta,Male,1,Hyderabad
3188,Siddharth Nair,Male,1,Remote - India
3189,Nikhil Menon,Male,7,Hyderabad
3190,Grace Nair,Female,9,Chennai
3191,Arjun Mehta,Male,4,Gurgaon
3192,Aditya Rao,Male,7,Bangalore
3193,Isha Bose,Female,0,Bangalore
3194,Siddharth Mehta,Male,0,Hyderabad
3195,Lin Sharma,Female,8,Gurgaon
3196,Rahul Iyer,Male,6,Bangalore
3197,Aisha Menon,Female,5,Gurgaon
3198,Neha Rao,Female,10,Hyderabad
3199,Sarah Menon,Female,4,Pune
3200,Rohan Menon,Male,2,Chennai
