ApplicationID,StageKey,StageDate
1,1,2026-04-14
2,1,2025-12-10
3,1,2025-05-11
3,2,2025-05-16
4,1,2026-04-20
4,2,2026-04-27
5,1,2025-01-06
5,2,2025-01-10
6,1,2026-01-26
6,2,2026-01-30
7,1,2025-03-16
7,2,2025-03-30
7,3,2025-04-08
8,1,2025-01-27
8,2,2025-01-30
8,3,2025-02-08
8,4,2025-02-24
8,5,2025-03-04
9,1,2026-01-05
9,2,2026-01-11
10,1,2025-06-01
10,2,2025-06-10
11,1,2025-12-28
12,1,2025-03-02
13,1,2025-11-17
14,1,2025-11-09
14,2,2025-11-13
15,1,2026-02-28
16,1,2025-10-19
17,1,2025-12-24
17,2,2026-01-03
18,1,2025-02-18
18,2,2025-02-26
18,3,2025-03-06
18,4,2025-03-26
18,5,2025-04-06
19,1,2025-10-09
19,2,2025-10-13
20,1,2026-01-09
20,2,2026-01-13
21,1,2025-05-09
21,2,2025-05-11
21,3,2025-05-21
22,1,2025-12-16
22,2,2025-12-27
23,1,2025-12-29
24,1,2026-01-22
25,1,2026-04-18
25,2,2026-04-27
26,1,2025-07-14
27,1,2026-01-05
27,2,2026-01-13
28,1,2025-02-09
29,1,2025-08-13
30,1,2025-02-21
31,1,2025-04-25
31,2,2025-05-04
32,1,2025-01-31
33,1,2025-09-05
34,1,2026-05-21
34,2,2026-05-29
34,3,2026-06-06
35,1,2025-11-16
35,2,2025-11-25
36,1,2025-09-28
36,2,2025-10-05
36,3,2025-10-09
36,4,2025-10-15
36,5,2025-10-19
37,1,2025-05-22
38,1,2025-04-19
38,2,2025-04-27
39,1,2025-05-30
39,2,2025-06-06
39,3,2025-06-14
39,4,2025-06-21
39,5,2025-06-26
40,1,2025-12-24
40,2,2025-12-31
40,3,2026-01-13
41,1,2025-05-27
41,2,2025-06-04
41,3,2025-06-18
42,1,2026-03-06
42,2,2026-03-10
43,1,2026-05-20
44,1,2025-09-16
44,2,2025-09-22
44,3,2025-09-28
45,1,2026-01-07
46,1,2025-12-08
47,1,2025-10-14
47,2,2025-10-20
47,3,2025-10-31
48,1,2025-02-15
48,2,2025-02-23
49,1,2026-01-11
49,2,2026-01-17
50,1,2026-05-22
51,1,2025-01-08
52,1,2025-03-04
53,1,2025-11-25
54,1,2025-03-14
55,1,2025-04-15
56,1,2025-06-20
56,2,2025-06-23
56,3,2025-06-28
56,4,2025-07-04
56,5,2025-07-08
57,1,2025-06-17
57,2,2025-06-22
57,3,2025-06-30
57,4,2025-07-11
57,5,2025-07-17
58,1,2025-03-06
58,2,2025-03-12
59,1,2026-05-15
60,1,2026-05-09
60,2,2026-05-14
60,3,2026-05-22
61,1,2025-04-25
61,2,2025-04-28
62,1,2026-02-07
63,1,2026-01-20
64,1,2025-10-23
65,1,2025-12-04
65,2,2025-12-10
66,1,2025-06-22
66,2,2025-06-24
66,3,2025-06-30
67,1,2025-05-20
68,1,2025-02-05
68,2,2025-02-13
69,1,2026-02-04
70,1,2026-01-02
70,2,2026-01-14
71,1,2025-03-14
72,1,2025-07-24
72,2,2025-07-29
73,1,2026-02-04
73,2,2026-02-09
73,3,2026-02-19
74,1,2025-01-02
75,1,2025-06-13
76,1,2026-04-26
76,2,2026-05-01
77,1,2025-09-30
78,1,2025-11-05
79,1,2025-05-11
80,1,2026-01-06
80,2,2026-01-13
81,1,2026-05-25
82,1,2025-05-20
82,2,2025-05-27
83,1,2025-08-24
83,2,2025-08-28
84,1,2025-02-28
84,2,2025-03-10
84,3,2025-03-26
84,4,2025-04-15
85,1,2026-05-21
85,2,2026-05-29
85,3,2026-06-02
85,4,2026-06-10
85,5,2026-06-14
86,1,2025-07-29
86,2,2025-08-06
86,3,2025-08-17
86,4,2025-08-26
86,5,2025-09-07
87,1,2025-01-08
88,1,2026-02-16
88,2,2026-02-21
88,3,2026-02-26
89,1,2026-03-31
90,1,2025-04-04
90,2,2025-04-14
91,1,2025-05-16
92,1,2026-02-21
93,1,2025-11-27
94,1,2025-12-30
95,1,2025-12-23
95,2,2025-12-31
96,1,2025-05-31
97,1,2026-05-19
98,1,2025-12-16
98,2,2025-12-23
98,3,2025-12-28
99,1,2026-02-13
100,1,2025-11-07
101,1,2025-03-15
102,1,2025-10-30
103,1,2025-06-25
103,2,2025-07-02
103,3,2025-07-08
103,4,2025-07-17
103,5,2025-07-20
104,1,2025-01-03
104,2,2025-01-13
105,1,2025-12-23
105,2,2026-01-06
105,3,2026-01-15
106,1,2025-09-03
107,1,2025-03-09
108,1,2026-03-30
109,1,2025-01-21
109,2,2025-01-27
110,1,2026-02-25
110,2,2026-03-07
111,1,2025-04-13
112,1,2025-05-03
112,2,2025-05-08
113,1,2026-01-31
114,1,2026-03-13
115,1,2025-12-28
116,1,2025-10-03
116,2,2025-10-07
117,1,2026-04-14
118,1,2025-04-19
118,2,2025-04-22
118,3,2025-04-29
118,4,2025-05-13
118,5,2025-05-20
119,1,2025-01-11
119,2,2025-01-14
120,1,2026-01-17
121,1,2025-04-02
122,1,2025-07-10
122,2,2025-07-19
123,1,2025-02-10
124,1,2026-04-24
125,1,2025-03-07
125,2,2025-03-18
125,3,2025-04-01
125,4,2025-04-13
125,5,2025-04-20
126,1,2025-01-13
126,2,2025-01-21
126,3,2025-02-08
126,4,2025-03-02
126,5,2025-03-14
127,1,2025-08-10
127,2,2025-08-15
127,3,2025-08-21
127,4,2025-08-28
128,1,2025-09-09
128,2,2025-09-12
129,1,2025-06-12
129,2,2025-06-16
129,3,2025-06-21
129,4,2025-06-26
129,5,2025-06-29
130,1,2025-03-02
130,2,2025-03-10
131,1,2026-01-09
132,1,2025-03-29
133,1,2026-03-27
134,1,2026-05-09
135,1,2025-04-17
135,2,2025-04-19
136,1,2026-04-16
136,2,2026-04-23
136,3,2026-05-09
137,1,2026-05-31
138,1,2025-04-25
138,2,2025-05-04
139,1,2025-06-02
139,2,2025-06-10
140,1,2025-12-31
140,2,2026-01-05
140,3,2026-01-14
140,4,2026-01-23
140,5,2026-01-26
141,1,2025-03-25
142,1,2025-11-26
142,2,2025-11-29
142,3,2025-12-03
142,4,2025-12-10
142,5,2025-12-15
143,1,2026-01-04
143,2,2026-01-12
143,3,2026-01-20
144,1,2025-11-26
144,2,2025-12-01
145,1,2026-03-15
146,1,2026-04-13
147,1,2025-05-22
147,2,2025-05-31
148,1,2025-01-21
148,2,2025-01-27
148,3,2025-02-05
149,1,2025-06-01
150,1,2025-04-07
151,1,2026-01-19
151,2,2026-01-28
152,1,2025-04-08
152,2,2025-04-16
153,1,2025-10-29
154,1,2026-02-07
155,1,2025-01-31
155,2,2025-02-02
155,3,2025-02-08
155,4,2025-02-18
155,5,2025-02-25
156,1,2025-12-28
156,2,2026-01-01
156,3,2026-01-15
156,4,2026-02-04
156,5,2026-02-13
157,1,2025-05-19
158,1,2026-04-12
159,1,2026-04-02
160,1,2025-01-13
160,2,2025-01-20
161,1,2025-01-28
161,2,2025-02-02
162,1,2025-02-28
163,1,2026-05-22
164,1,2025-12-19
164,2,2025-12-31
165,1,2026-01-17
165,2,2026-01-23
165,3,2026-02-02
166,1,2025-06-04
167,1,2025-01-19
168,1,2025-02-03
168,2,2025-02-09
169,1,2025-07-28
170,1,2025-10-10
171,1,2025-01-29
172,1,2025-10-22
173,1,2025-09-14
174,1,2025-01-28
175,1,2025-07-18
175,2,2025-07-29
176,1,2025-04-21
177,1,2026-02-06
178,1,2025-08-21
179,1,2025-05-11
180,1,2025-05-17
181,1,2025-10-18
182,1,2025-12-14
182,2,2025-12-20
182,3,2025-12-27
182,4,2026-01-10
182,5,2026-01-13
183,1,2025-12-13
183,2,2025-12-25
184,1,2025-01-17
185,1,2025-12-10
185,2,2025-12-18
186,1,2025-10-06
187,1,2025-05-13
187,2,2025-05-15
188,1,2025-07-08
189,1,2026-03-01
189,2,2026-03-03
190,1,2025-08-25
191,1,2026-03-19
191,2,2026-03-26
192,1,2026-04-21
193,1,2025-10-19
193,2,2025-10-30
194,1,2026-01-11
194,2,2026-01-21
195,1,2026-05-07
196,1,2025-09-29
197,1,2025-07-15
198,1,2025-07-07
198,2,2025-07-14
198,3,2025-07-19
198,4,2025-07-31
198,5,2025-08-03
199,1,2025-05-20
199,2,2025-05-28
200,1,2026-02-08
200,2,2026-02-22
201,1,2025-05-10
202,1,2025-12-18
203,1,2026-05-25
203,2,2026-05-30
204,1,2025-12-20
204,2,2025-12-27
205,1,2026-01-18
205,2,2026-01-23
206,1,2025-05-23
207,1,2025-12-19
208,1,2025-04-12
208,2,2025-04-14
209,1,2025-09-15
210,1,2025-12-20
210,2,2025-12-31
210,3,2026-01-12
210,4,2026-01-27
210,5,2026-02-10
211,1,2026-05-16
212,1,2025-02-14
212,2,2025-02-18
212,3,2025-03-02
212,4,2025-03-20
212,5,2025-03-24
213,1,2025-03-19
213,2,2025-03-24
214,1,2025-07-05
215,1,2025-07-15
216,1,2025-03-14
216,2,2025-03-22
217,1,2026-04-25
217,2,2026-05-02
218,1,2025-04-10
218,2,2025-04-19
218,3,2025-04-26
218,4,2025-05-02
218,5,2025-05-09
219,1,2025-01-27
219,2,2025-02-03
219,3,2025-02-21
219,4,2025-03-02
219,5,2025-03-13
220,1,2025-11-05
220,2,2025-11-09
221,1,2025-11-13
222,1,2025-08-08
222,2,2025-08-12
223,1,2025-09-10
224,1,2025-01-23
225,1,2025-12-18
226,1,2025-07-25
227,1,2026-02-25
228,1,2026-05-03
228,2,2026-05-09
229,1,2025-04-30
230,1,2026-02-18
231,1,2025-10-31
232,1,2025-10-30
233,1,2025-04-11
233,2,2025-04-13
234,1,2026-01-12
235,1,2026-02-18
235,2,2026-02-23
236,1,2025-10-21
236,2,2025-10-25
237,1,2025-05-01
238,1,2026-04-14
239,1,2026-04-05
240,1,2026-01-26
241,1,2025-05-16
242,1,2026-05-24
243,1,2025-11-08
244,1,2026-02-27
245,1,2026-01-17
245,2,2026-01-20
246,1,2025-06-30
247,1,2026-01-10
248,1,2025-07-06
248,2,2025-07-15
248,3,2025-07-23
249,1,2025-06-22
249,2,2025-06-27
250,1,2026-05-03
250,2,2026-05-08
250,3,2026-05-20
251,1,2025-04-08
251,2,2025-04-17
251,3,2025-04-22
252,1,2025-05-14
252,2,2025-05-20
252,3,2025-05-28
253,1,2025-11-06
254,1,2026-05-18
255,1,2025-10-21
255,2,2025-10-30
255,3,2025-11-15
255,4,2025-12-03
255,5,2025-12-12
256,1,2026-05-13
257,1,2025-12-20
258,1,2026-01-25
258,2,2026-02-02
258,3,2026-02-08
258,4,2026-02-18
259,1,2026-03-15
259,2,2026-03-23
260,1,2025-08-20
260,2,2025-08-29
260,3,2025-09-05
261,1,2025-12-13
262,1,2025-12-11
263,1,2025-03-05
264,1,2026-04-21
264,2,2026-04-24
264,3,2026-04-29
265,1,2025-11-13
266,1,2025-09-26
267,1,2025-05-28
268,1,2025-07-21
268,2,2025-07-30
268,3,2025-08-15
268,4,2025-08-23
268,5,2025-09-03
269,1,2025-12-10
270,1,2026-04-30
271,1,2026-02-28
271,2,2026-03-05
271,3,2026-03-16
272,1,2026-01-21
273,1,2025-02-26
273,2,2025-03-05
273,3,2025-03-10
273,4,2025-03-19
274,1,2026-01-20
275,1,2025-01-02
275,2,2025-01-07
276,1,2025-03-03
277,1,2025-06-04
277,2,2025-06-08
277,3,2025-06-14
277,4,2025-06-27
277,5,2025-06-29
278,1,2025-01-19
278,2,2025-01-24
278,3,2025-02-03
279,1,2026-02-02
279,2,2026-02-10
280,1,2025-06-04
280,2,2025-06-13
280,3,2025-06-22
281,1,2026-03-06
282,1,2025-12-31
283,1,2026-02-15
284,1,2025-12-29
284,2,2026-01-06
284,3,2026-01-17
285,1,2025-03-02
286,1,2025-10-07
287,1,2025-09-14
288,1,2025-03-11
289,1,2025-08-13
289,2,2025-08-19
290,1,2026-05-23
291,1,2025-12-21
292,1,2025-12-18
293,1,2025-06-01
294,1,2025-05-25
295,1,2025-09-29
295,2,2025-10-08
296,1,2025-08-19
297,1,2026-04-29
297,2,2026-05-05
298,1,2025-01-12
298,2,2025-01-16
299,1,2025-03-20
300,1,2025-10-08
301,1,2026-03-12
302,1,2026-01-26
302,2,2026-01-30
303,1,2025-09-22
304,1,2025-03-31
305,1,2026-02-02
306,1,2025-07-28
307,1,2025-01-26
307,2,2025-02-02
307,3,2025-02-14
308,1,2025-10-21
308,2,2025-10-30
309,1,2026-05-11
309,2,2026-05-18
310,1,2025-11-15
310,2,2025-11-21
311,1,2025-12-25
312,1,2026-05-18
313,1,2025-02-27
313,2,2025-03-13
313,3,2025-03-31
313,4,2025-04-20
313,5,2025-04-27
314,1,2026-04-20
315,1,2026-01-02
316,1,2026-04-15
316,2,2026-04-26
316,3,2026-05-04
317,1,2025-08-23
318,1,2025-09-19
319,1,2025-11-17
319,2,2025-11-21
320,1,2025-07-06
320,2,2025-07-20
320,3,2025-08-03
321,1,2025-04-25
322,1,2025-07-31
323,1,2025-11-29
323,2,2025-12-04
324,1,2025-12-29
324,2,2026-01-09
324,3,2026-01-24
325,1,2026-04-29
326,1,2026-03-17
327,1,2025-09-24
327,2,2025-09-29
328,1,2025-10-05
328,2,2025-10-08
328,3,2025-10-12
329,1,2025-03-09
329,2,2025-03-12
330,1,2025-04-22
330,2,2025-04-27
330,3,2025-05-02
331,1,2026-05-27
332,1,2025-06-01
333,1,2025-04-05
333,2,2025-04-07
334,1,2025-03-12
335,1,2025-07-29
335,2,2025-08-06
335,3,2025-08-16
336,1,2026-02-13
337,1,2025-08-08
337,2,2025-08-12
337,3,2025-08-17
337,4,2025-08-25
337,5,2025-08-31
338,1,2025-06-30
339,1,2025-12-25
339,2,2025-12-28
339,3,2026-01-05
339,4,2026-01-17
339,5,2026-01-21
340,1,2025-09-19
341,1,2025-02-26
341,2,2025-03-01
341,3,2025-03-05
341,4,2025-03-12
341,5,2025-03-19
342,1,2025-11-27
342,2,2025-12-03
343,1,2025-12-25
344,1,2026-02-19
345,1,2025-03-27
345,2,2025-03-31
345,3,2025-04-07
346,1,2025-02-26
347,1,2026-05-15
348,1,2025-03-20
349,1,2026-05-10
349,2,2026-05-14
350,1,2026-02-27
351,1,2025-07-14
351,2,2025-07-20
352,1,2026-01-17
352,2,2026-01-20
353,1,2026-04-24
354,1,2026-05-05
354,2,2026-05-12
355,1,2025-07-26
356,1,2025-09-27
356,2,2025-10-05
357,1,2026-03-15
357,2,2026-03-21
358,1,2025-07-24
358,2,2025-07-29
359,1,2026-02-01
360,1,2025-11-05
361,1,2025-06-15
361,2,2025-06-18
361,3,2025-06-25
362,1,2025-07-29
362,2,2025-08-07
363,1,2025-01-12
363,2,2025-01-16
364,1,2026-04-29
365,1,2025-05-18
366,1,2026-01-24
366,2,2026-01-30
366,3,2026-02-05
366,4,2026-02-19
366,5,2026-02-23
367,1,2025-04-01
367,2,2025-04-13
368,1,2025-12-30
368,2,2026-01-02
368,3,2026-01-11
369,1,2025-04-24
370,1,2025-02-07
370,2,2025-02-11
370,3,2025-02-20
371,1,2025-05-26
371,2,2025-06-01
372,1,2025-08-14
373,1,2026-03-27
374,1,2025-03-23
374,2,2025-03-31
375,1,2025-12-14
376,1,2025-05-21
377,1,2025-06-14
378,1,2026-03-13
378,2,2026-03-16
378,3,2026-03-25
378,4,2026-04-05
379,1,2026-05-02
380,1,2025-01-17
380,2,2025-01-25
381,1,2026-04-27
382,1,2025-03-16
382,2,2025-03-20
382,3,2025-04-01
382,4,2025-04-08
382,5,2025-04-17
383,1,2025-08-20
384,1,2025-04-25
384,2,2025-05-01
385,1,2025-08-12
386,1,2025-01-12
386,2,2025-01-20
386,3,2025-01-30
387,1,2025-06-19
387,2,2025-06-26
387,3,2025-07-07
387,4,2025-07-17
387,5,2025-07-25
388,1,2025-05-17
388,2,2025-05-23
389,1,2026-02-10
390,1,2025-08-15
391,1,2025-04-11
392,1,2025-12-01
392,2,2025-12-05
393,1,2025-08-12
393,2,2025-08-22
393,3,2025-09-03
394,1,2025-02-18
394,2,2025-02-22
395,1,2025-03-09
395,2,2025-03-20
395,3,2025-03-31
396,1,2026-05-23
397,1,2025-04-14
398,1,2026-01-16
398,2,2026-01-21
398,3,2026-01-26
399,1,2025-11-11
400,1,2025-12-25
401,1,2026-01-14
401,2,2026-01-17
402,1,2025-06-12
402,2,2025-06-20
402,3,2025-06-27
403,1,2025-05-20
403,2,2025-05-28
403,3,2025-06-12
403,4,2025-06-27
403,5,2025-07-02
404,1,2025-08-27
404,2,2025-09-05
404,3,2025-09-17
404,4,2025-09-23
404,5,2025-10-01
405,1,2026-04-29
405,2,2026-05-06
405,3,2026-05-14
405,4,2026-05-28
405,5,2026-06-03
406,1,2026-05-30
407,1,2025-11-19
408,1,2026-01-20
409,1,2026-04-29
409,2,2026-05-06
409,3,2026-05-13
409,4,2026-05-21
409,5,2026-05-26
410,1,2026-05-12
410,2,2026-05-22
410,3,2026-06-01
410,4,2026-06-17
411,1,2025-07-16
411,2,2025-07-28
411,3,2025-08-13
411,4,2025-09-02
411,5,2025-09-14
412,1,2026-04-01
412,2,2026-04-05
413,1,2026-02-11
413,2,2026-02-19
413,3,2026-03-01
414,1,2025-07-06
415,1,2025-10-17
415,2,2025-10-20
415,3,2025-10-29
416,1,2025-05-05
416,2,2025-05-15
417,1,2026-04-10
417,2,2026-04-18
417,3,2026-04-26
418,1,2025-04-22
419,1,2026-01-26
420,1,2025-04-03
420,2,2025-04-06
421,1,2025-04-11
421,2,2025-04-17
422,1,2025-02-24
423,1,2025-02-22
424,1,2025-02-24
425,1,2026-04-24
425,2,2026-05-03
426,1,2025-03-30
427,1,2025-03-07
427,2,2025-03-13
427,3,2025-03-23
428,1,2025-01-27
429,1,2025-07-13
430,1,2025-06-11
430,2,2025-06-16
430,3,2025-06-22
431,1,2026-05-20
431,2,2026-05-28
432,1,2025-03-29
433,1,2025-05-25
433,2,2025-06-01
434,1,2026-02-26
435,1,2025-03-15
435,2,2025-03-23
435,3,2025-03-27
436,1,2025-08-05
437,1,2025-06-23
437,2,2025-07-02
437,3,2025-07-10
438,1,2025-12-12
439,1,2025-11-25
439,2,2025-12-02
439,3,2025-12-08
440,1,2025-11-30
440,2,2025-12-08
440,3,2025-12-24
440,4,2026-01-12
441,1,2026-05-19
441,2,2026-05-27
441,3,2026-06-04
442,1,2025-05-08
443,1,2025-08-23
444,1,2025-10-13
445,1,2026-01-02
445,2,2026-01-12
446,1,2025-05-10
447,1,2025-01-19
448,1,2025-05-22
448,2,2025-05-25
449,1,2025-04-27
450,1,2025-05-29
451,1,2026-05-14
451,2,2026-05-16
452,1,2025-09-21
453,1,2025-08-06
453,2,2025-08-12
453,3,2025-08-21
453,4,2025-09-03
453,5,2025-09-08
454,1,2025-11-22
454,2,2025-12-03
455,1,2025-02-07
456,1,2025-09-29
457,1,2026-04-18
458,1,2025-02-23
458,2,2025-03-02
459,1,2025-06-05
460,1,2026-01-01
460,2,2026-01-09
461,1,2025-05-22
462,1,2025-05-04
463,1,2025-07-07
464,1,2025-10-03
465,1,2026-02-23
465,2,2026-03-03
466,1,2025-01-27
467,1,2025-04-30
467,2,2025-05-10
467,3,2025-05-26
468,1,2026-02-04
468,2,2026-02-09
469,1,2025-09-08
469,2,2025-09-15
469,3,2025-09-24
470,1,2026-03-04
471,1,2025-07-09
472,1,2025-03-20
472,2,2025-03-26
472,3,2025-04-09
473,1,2026-01-19
474,1,2025-08-19
475,1,2025-11-29
475,2,2025-12-10
476,1,2025-03-17
477,1,2025-01-16
477,2,2025-01-22
477,3,2025-02-02
478,1,2026-02-28
479,1,2025-07-05
479,2,2025-07-14
480,1,2025-07-14
481,1,2025-10-03
481,2,2025-10-07
481,3,2025-10-18
482,1,2026-04-28
482,2,2026-05-06
482,3,2026-05-15
482,4,2026-05-27
483,1,2025-08-05
483,2,2025-08-16
484,1,2025-06-12
484,2,2025-06-16
484,3,2025-06-21
485,1,2026-04-22
486,1,2025-08-13
486,2,2025-08-21
486,3,2025-08-29
486,4,2025-09-11
486,5,2025-09-14
487,1,2025-09-06
487,2,2025-09-18
488,1,2026-04-30
488,2,2026-05-08
488,3,2026-05-16
489,1,2025-06-23
490,1,2025-11-28
491,1,2025-11-16
492,1,2025-11-08
492,2,2025-11-10
493,1,2025-01-20
494,1,2026-05-11
495,1,2026-01-08
495,2,2026-01-11
496,1,2026-02-25
496,2,2026-03-02
497,1,2025-04-21
497,2,2025-04-28
497,3,2025-05-05
498,1,2025-04-20
498,2,2025-04-29
498,3,2025-05-08
498,4,2025-05-16
498,5,2025-05-25
499,1,2025-04-26
500,1,2026-02-11
500,2,2026-02-18
501,1,2026-02-07
501,2,2026-02-10
502,1,2025-04-04
502,2,2025-04-09
503,1,2025-04-10
504,1,2025-03-29
504,2,2025-04-04
505,1,2025-11-26
505,2,2025-12-10
506,1,2025-05-12
507,1,2026-05-01
508,1,2025-09-16
508,2,2025-09-24
509,1,2025-03-27
510,1,2026-01-04
510,2,2026-01-07
511,1,2025-12-24
512,1,2026-01-22
513,1,2025-01-04
514,1,2026-02-16
515,1,2026-04-05
516,1,2025-06-14
517,1,2026-05-30
517,2,2026-06-04
518,1,2025-11-28
519,1,2025-12-09
519,2,2025-12-17
520,1,2025-04-16
521,1,2025-07-15
522,1,2025-06-09
522,2,2025-06-16
523,1,2026-05-29
524,1,2025-04-20
525,1,2025-03-15
526,1,2026-02-13
527,1,2025-06-23
528,1,2026-02-13
528,2,2026-02-18
528,3,2026-02-28
529,1,2026-02-25
529,2,2026-03-05
529,3,2026-03-13
529,4,2026-03-24
529,5,2026-03-28
530,1,2026-01-12
530,2,2026-01-15
530,3,2026-01-20
531,1,2025-03-23
531,2,2025-03-30
532,1,2025-01-23
532,2,2025-02-04
533,1,2026-01-10
533,2,2026-01-16
533,3,2026-01-21
533,4,2026-01-26
534,1,2025-12-02
535,1,2025-10-04
536,1,2025-01-08
537,1,2026-01-04
537,2,2026-01-12
538,1,2026-02-24
539,1,2026-01-15
540,1,2025-05-26
541,1,2025-02-24
542,1,2025-12-22
543,1,2025-09-23
543,2,2025-09-28
543,3,2025-10-10
544,1,2025-03-29
545,1,2026-03-25
546,1,2025-08-21
547,1,2025-05-27
547,2,2025-06-01
548,1,2025-06-18
549,1,2025-05-30
549,2,2025-06-04
549,3,2025-06-08
549,4,2025-06-14
549,5,2025-06-19
550,1,2026-05-06
550,2,2026-05-13
550,3,2026-05-17
551,1,2025-06-11
552,1,2026-03-02
552,2,2026-03-07
552,3,2026-03-25
553,1,2025-01-08
554,1,2025-06-25
554,2,2025-06-30
555,1,2025-07-13
556,1,2026-04-01
556,2,2026-04-11
556,3,2026-04-24
556,4,2026-05-02
557,1,2025-09-02
558,1,2025-01-26
558,2,2025-02-05
558,3,2025-02-13
559,1,2025-11-15
560,1,2025-12-19
561,1,2025-09-19
562,1,2025-05-14
562,2,2025-05-17
562,3,2025-05-27
562,4,2025-06-03
562,5,2025-06-11
563,1,2025-05-18
564,1,2026-01-01
565,1,2025-02-23
566,1,2026-02-08
566,2,2026-02-10
567,1,2025-01-02
567,2,2025-01-10
567,3,2025-01-14
567,4,2025-01-26
567,5,2025-01-31
568,1,2025-02-28
569,1,2026-04-04
570,1,2025-03-01
570,2,2025-03-04
570,3,2025-03-10
570,4,2025-03-18
570,5,2025-03-24
571,1,2026-03-16
572,1,2025-03-08
572,2,2025-03-16
573,1,2025-11-08
573,2,2025-11-11
574,1,2025-01-31
575,1,2026-01-17
576,1,2025-07-27
577,1,2025-03-05
578,1,2025-10-04
579,1,2026-05-18
579,2,2026-05-25
580,1,2025-01-02
580,2,2025-01-11
580,3,2025-01-19
580,4,2025-01-25
581,1,2026-04-26
582,1,2025-09-01
582,2,2025-09-09
583,1,2025-12-10
584,1,2026-01-19
584,2,2026-01-28
585,1,2026-03-01
586,1,2026-04-08
587,1,2025-01-11
587,2,2025-01-21
587,3,2025-02-01
588,1,2025-08-25
589,1,2025-06-09
590,1,2026-03-19
591,1,2025-01-28
591,2,2025-02-05
592,1,2025-10-29
592,2,2025-11-06
592,3,2025-11-21
593,1,2025-03-26
593,2,2025-03-29
593,3,2025-04-08
594,1,2025-03-30
594,2,2025-04-07
594,3,2025-04-19
594,4,2025-05-04
594,5,2025-05-08
595,1,2025-06-03
596,1,2026-05-30
596,2,2026-06-06
597,1,2026-05-26
598,1,2025-04-28
598,2,2025-05-02
598,3,2025-05-11
599,1,2025-09-29
599,2,2025-10-07
599,3,2025-10-17
600,1,2025-09-17
600,2,2025-09-29
600,3,2025-10-14
601,1,2026-03-07
601,2,2026-03-13
601,3,2026-03-21
602,1,2025-07-25
603,1,2025-02-05
604,1,2025-12-05
605,1,2025-12-07
606,1,2026-03-14
607,1,2026-02-08
608,1,2025-08-29
608,2,2025-09-03
609,1,2025-03-29
609,2,2025-04-01
610,1,2025-12-24
611,1,2025-03-23
611,2,2025-03-26
612,1,2025-09-02
612,2,2025-09-10
613,1,2025-10-15
614,1,2025-03-24
615,1,2026-03-11
615,2,2026-03-16
616,1,2025-03-31
617,1,2025-11-19
617,2,2025-11-25
618,1,2026-01-17
619,1,2025-08-11
620,1,2025-11-10
621,1,2025-08-23
621,2,2025-08-26
621,3,2025-09-04
621,4,2025-09-12
622,1,2025-03-03
622,2,2025-03-11
623,1,2026-03-30
623,2,2026-04-03
624,1,2026-02-06
625,1,2025-03-31
625,2,2025-04-07
625,3,2025-04-15
626,1,2025-11-24
627,1,2026-04-11
628,1,2025-11-25
628,2,2025-11-29
628,3,2025-12-05
629,1,2025-09-28
629,2,2025-10-03
629,3,2025-10-11
630,1,2025-12-29
631,1,2026-03-31
631,2,2026-04-04
631,3,2026-04-20
631,4,2026-05-02
631,5,2026-05-06
632,1,2025-09-08
633,1,2025-09-25
634,1,2026-03-27
635,1,2025-12-31
636,1,2026-03-30
637,1,2026-01-10
638,1,2025-12-16
639,1,2025-12-24
640,1,2025-03-31
640,2,2025-04-11
640,3,2025-04-29
640,4,2025-05-07
641,1,2025-09-25
641,2,2025-10-07
642,1,2025-07-21
643,1,2025-09-22
644,1,2025-08-08
644,2,2025-08-15
644,3,2025-08-21
644,4,2025-09-05
644,5,2025-09-13
645,1,2025-12-11
646,1,2026-03-01
647,1,2025-03-22
647,2,2025-04-03
647,3,2025-04-19
648,1,2025-09-03
649,1,2026-05-28
650,1,2025-01-16
650,2,2025-01-22
651,1,2025-10-16
651,2,2025-10-22
651,3,2025-11-03
652,1,2025-07-29
653,1,2026-04-28
653,2,2026-05-04
654,1,2026-01-20
655,1,2025-04-01
655,2,2025-04-04
655,3,2025-04-12
656,1,2026-01-28
656,2,2026-02-04
656,3,2026-02-11
657,1,2026-05-03
658,1,2025-04-21
659,1,2025-05-02
660,1,2025-05-21
661,1,2025-08-29
661,2,2025-09-09
661,3,2025-09-23
662,1,2026-05-18
663,1,2025-05-02
663,2,2025-05-08
663,3,2025-05-19
663,4,2025-05-25
663,5,2025-05-28
664,1,2026-04-07
664,2,2026-04-18
665,1,2025-05-05
666,1,2025-06-09
666,2,2025-06-20
666,3,2025-07-04
666,4,2025-07-16
666,5,2025-07-22
667,1,2025-12-16
667,2,2025-12-30
668,1,2025-12-03
669,1,2025-02-22
669,2,2025-02-24
670,1,2025-07-16
671,1,2026-02-12
672,1,2025-11-20
672,2,2025-11-26
673,1,2025-08-08
674,1,2025-04-19
674,2,2025-04-26
675,1,2026-05-04
676,1,2026-04-12
677,1,2026-05-03
678,1,2026-05-29
679,1,2025-10-02
680,1,2025-07-09
680,2,2025-07-15
680,3,2025-07-21
681,1,2025-10-17
681,2,2025-10-20
682,1,2026-04-15
683,1,2025-06-23
684,1,2025-10-19
685,1,2025-12-18
685,2,2025-12-24
685,3,2026-01-01
686,1,2025-05-06
687,1,2025-04-30
687,2,2025-05-05
688,1,2025-08-14
688,2,2025-08-19
689,1,2026-04-15
690,1,2025-05-11
690,2,2025-05-17
690,3,2025-05-25
691,1,2025-12-05
691,2,2025-12-17
691,3,2025-12-25
692,1,2026-04-09
693,1,2025-03-04
693,2,2025-03-11
694,1,2025-12-17
695,1,2025-06-10
696,1,2025-12-12
696,2,2025-12-19
697,1,2025-12-26
697,2,2026-01-06
697,3,2026-01-18
698,1,2025-03-31
699,1,2026-01-16
699,2,2026-01-22
699,3,2026-01-27
700,1,2025-12-12
701,1,2025-09-11
701,2,2025-09-17
701,3,2025-10-03
701,4,2025-10-13
702,1,2025-04-29
703,1,2025-06-18
703,2,2025-06-21
704,1,2025-01-25
704,2,2025-02-04
705,1,2025-04-14
705,2,2025-04-19
706,1,2026-01-07
706,2,2026-01-13
707,1,2026-01-11
708,1,2026-04-07
709,1,2025-11-06
709,2,2025-11-11
709,3,2025-11-26
710,1,2025-10-04
710,2,2025-10-07
710,3,2025-10-13
710,4,2025-10-23
710,5,2025-10-27
711,1,2025-04-01
711,2,2025-04-05
711,3,2025-04-11
712,1,2025-01-03
713,1,2026-02-04
713,2,2026-02-11
713,3,2026-02-27
713,4,2026-03-21
713,5,2026-03-29
714,1,2025-07-12
714,2,2025-07-20
714,3,2025-07-25
714,4,2025-08-03
714,5,2025-08-12
715,1,2025-02-01
716,1,2026-04-17
717,1,2025-02-10
718,1,2026-03-17
718,2,2026-03-22
718,3,2026-03-28
718,4,2026-04-04
718,5,2026-04-12
719,1,2025-04-29
719,2,2025-05-07
719,3,2025-05-19
719,4,2025-05-30
719,5,2025-06-06
720,1,2026-03-19
721,1,2025-06-15
722,1,2025-09-27
722,2,2025-10-02
722,3,2025-10-14
722,4,2025-10-29
722,5,2025-11-09
723,1,2026-05-12
724,1,2026-03-16
725,1,2026-03-29
726,1,2026-02-21
727,1,2025-01-06
727,2,2025-01-20
727,3,2025-02-03
728,1,2025-01-03
729,1,2025-09-22
730,1,2025-07-26
731,1,2025-08-03
731,2,2025-08-10
731,3,2025-08-19
731,4,2025-09-04
731,5,2025-09-08
732,1,2025-05-12
733,1,2025-08-08
734,1,2025-01-22
734,2,2025-01-27
734,3,2025-02-02
735,1,2026-04-01
735,2,2026-04-08
736,1,2026-02-24
736,2,2026-03-04
736,3,2026-03-08
736,4,2026-03-20
737,1,2025-05-29
738,1,2026-02-09
738,2,2026-02-14
739,1,2026-01-28
739,2,2026-02-03
740,1,2025-07-11
741,1,2025-11-13
741,2,2025-11-22
742,1,2025-02-09
743,1,2025-11-21
744,1,2025-12-02
744,2,2025-12-08
744,3,2025-12-23
745,1,2025-03-31
746,1,2025-06-23
746,2,2025-07-03
747,1,2025-01-27
747,2,2025-02-03
747,3,2025-02-09
748,1,2026-02-07
748,2,2026-02-12
749,1,2025-12-14
750,1,2026-03-27
751,1,2025-06-12
751,2,2025-06-17
751,3,2025-06-23
751,4,2025-06-28
751,5,2025-07-05
752,1,2026-03-13
753,1,2026-02-02
754,1,2025-02-23
754,2,2025-03-07
754,3,2025-03-18
754,4,2025-04-09
754,5,2025-04-13
755,1,2026-02-01
756,1,2025-06-05
757,1,2025-06-07
758,1,2026-05-24
758,2,2026-05-26
758,3,2026-06-01
759,1,2025-01-12
759,2,2025-01-20
760,1,2025-04-19
761,1,2025-03-26
762,1,2026-01-03
762,2,2026-01-11
763,1,2025-07-17
764,1,2025-08-11
764,2,2025-08-18
765,1,2025-08-16
765,2,2025-08-23
765,3,2025-09-01
765,4,2025-09-07
765,5,2025-09-12
766,1,2025-12-31
767,1,2025-04-24
768,1,2026-03-26
769,1,2025-02-28
769,2,2025-03-11
769,3,2025-03-25
769,4,2025-04-09
770,1,2026-01-04
770,2,2026-01-12
771,1,2025-02-22
772,1,2025-05-25
772,2,2025-06-03
773,1,2026-04-03
773,2,2026-04-10
774,1,2025-04-10
774,2,2025-04-15
775,1,2025-04-19
775,2,2025-04-24
776,1,2025-05-27
777,1,2025-11-01
777,2,2025-11-06
778,1,2025-09-30
778,2,2025-10-08
778,3,2025-10-15
778,4,2025-10-24
778,5,2025-10-31
779,1,2025-01-13
779,2,2025-01-21
779,3,2025-02-05
780,1,2025-12-12
780,2,2025-12-15
781,1,2025-06-02
782,1,2025-01-08
783,1,2025-05-19
784,1,2025-11-07
784,2,2025-11-14
785,1,2026-05-31
786,1,2025-08-09
787,1,2026-04-11
787,2,2026-04-14
787,3,2026-04-26
788,1,2026-05-23
788,2,2026-06-01
789,1,2025-08-23
790,1,2025-05-27
790,2,2025-06-10
791,1,2025-04-10
791,2,2025-04-17
791,3,2025-04-24
792,1,2025-03-20
792,2,2025-03-23
793,1,2025-12-12
794,1,2026-01-12
794,2,2026-01-17
794,3,2026-01-24
794,4,2026-01-29
795,1,2026-01-14
796,1,2025-01-14
796,2,2025-01-23
796,3,2025-01-28
796,4,2025-02-03
797,1,2025-01-05
798,1,2026-05-29
799,1,2025-09-10
799,2,2025-09-22
799,3,2025-10-02
799,4,2025-10-21
799,5,2025-10-31
800,1,2026-01-01
801,1,2025-08-29
802,1,2025-04-21
802,2,2025-04-25
802,3,2025-04-30
803,1,2025-05-28
804,1,2026-05-02
805,1,2025-09-28
806,1,2026-04-27
807,1,2025-09-22
807,2,2025-09-26
807,3,2025-10-04
807,4,2025-10-17
807,5,2025-10-27
808,1,2025-07-27
809,1,2026-03-09
810,1,2026-03-07
810,2,2026-03-11
810,3,2026-03-20
811,1,2026-02-13
811,2,2026-02-19
811,3,2026-03-01
812,1,2026-04-03
813,1,2025-09-09
813,2,2025-09-15
814,1,2025-05-12
814,2,2025-05-21
815,1,2025-05-24
816,1,2025-06-17
817,1,2026-02-26
818,1,2026-05-24
819,1,2025-07-22
820,1,2025-10-31
821,1,2026-05-31
821,2,2026-06-04
822,1,2025-04-06
823,1,2026-01-25
823,2,2026-02-01
823,3,2026-02-07
824,1,2026-01-31
824,2,2026-02-08
825,1,2025-02-26
826,1,2026-01-07
827,1,2025-02-08
828,1,2025-11-04
828,2,2025-11-09
828,3,2025-11-17
828,4,2025-11-24
828,5,2025-12-01
829,1,2025-05-13
830,1,2026-04-19
831,1,2025-02-08
832,1,2025-02-12
833,1,2025-02-01
833,2,2025-02-05
833,3,2025-02-23
834,1,2025-11-07
834,2,2025-11-14
835,1,2026-05-18
835,2,2026-05-24
836,1,2025-09-01
837,1,2026-02-19
838,1,2026-01-21
839,1,2025-02-16
839,2,2025-02-25
840,1,2025-09-20
840,2,2025-09-23
841,1,2025-03-28
842,1,2025-09-22
842,2,2025-09-27
843,1,2025-09-20
844,1,2026-04-03
845,1,2025-03-03
845,2,2025-03-12
845,3,2025-03-20
845,4,2025-04-03
845,5,2025-04-12
846,1,2025-11-11
846,2,2025-11-19
846,3,2025-12-03
847,1,2025-05-27
847,2,2025-06-01
847,3,2025-06-13
848,1,2025-07-17
849,1,2025-06-01
850,1,2025-12-09
850,2,2025-12-12
851,1,2026-03-26
851,2,2026-03-28
851,3,2026-04-07
852,1,2025-01-28
852,2,2025-01-31
852,3,2025-02-10
852,4,2025-02-16
852,5,2025-02-19
853,1,2026-02-28
854,1,2025-09-26
855,1,2026-01-07
855,2,2026-01-16
855,3,2026-01-30
856,1,2025-01-31
857,1,2026-04-04
857,2,2026-04-10
857,3,2026-04-20
857,4,2026-04-25
857,5,2026-05-01
858,1,2025-09-11
858,2,2025-09-15
858,3,2025-09-22
859,1,2025-03-17
859,2,2025-03-23
859,3,2025-04-01
860,1,2025-05-20
861,1,2025-03-18
862,1,2025-03-26
863,1,2026-01-08
864,1,2025-09-03
865,1,2026-04-23
865,2,2026-05-02
865,3,2026-05-16
866,1,2025-08-20
866,2,2025-08-31
867,1,2025-10-01
867,2,2025-10-08
867,3,2025-10-18
867,4,2025-10-30
867,5,2025-11-07
868,1,2025-12-30
868,2,2026-01-10
868,3,2026-01-21
869,1,2026-03-26
870,1,2026-03-25
870,2,2026-04-02
870,3,2026-04-14
870,4,2026-04-26
870,5,2026-05-10
871,1,2026-02-24
872,1,2025-04-15
872,2,2025-04-17
873,1,2025-04-25
874,1,2025-08-01
874,2,2025-08-06
874,3,2025-08-22
875,1,2025-06-14
876,1,2025-06-11
876,2,2025-06-14
877,1,2025-11-16
877,2,2025-11-24
877,3,2025-12-04
877,4,2025-12-12
877,5,2025-12-20
878,1,2025-04-26
879,1,2025-02-22
880,1,2025-11-17
880,2,2025-11-24
881,1,2025-03-20
881,2,2025-03-28
882,1,2025-11-16
882,2,2025-11-19
882,3,2025-11-26
883,1,2025-01-04
884,1,2025-04-21
884,2,2025-04-29
884,3,2025-05-04
885,1,2025-04-05
886,1,2025-08-06
887,1,2025-05-10
888,1,2026-01-30
888,2,2026-02-05
888,3,2026-02-11
888,4,2026-02-23
888,5,2026-02-25
889,1,2025-06-20
889,2,2025-06-28
890,1,2025-11-14
891,1,2025-11-22
892,1,2026-04-20
892,2,2026-04-27
893,1,2025-04-26
894,1,2025-02-28
895,1,2026-02-19
895,2,2026-02-26
896,1,2026-02-28
897,1,2025-05-24
898,1,2025-03-23
899,1,2025-07-01
899,2,2025-07-10
899,3,2025-07-26
900,1,2025-03-27
900,2,2025-04-07
900,3,2025-04-18
900,4,2025-05-06
900,5,2025-05-14
901,1,2025-09-01
902,1,2026-04-10
902,2,2026-04-21
902,3,2026-05-07
903,1,2026-02-28
904,1,2025-10-27
905,1,2025-10-25
905,2,2025-11-08
906,1,2025-04-17
906,2,2025-04-25
907,1,2025-02-23
907,2,2025-03-02
907,3,2025-03-15
908,1,2025-08-16
909,1,2025-07-13
910,1,2025-04-16
911,1,2025-10-09
911,2,2025-10-15
912,1,2025-10-03
912,2,2025-10-12
913,1,2025-06-05
914,1,2025-04-01
914,2,2025-04-09
914,3,2025-04-15
914,4,2025-04-28
914,5,2025-05-06
915,1,2025-11-21
915,2,2025-11-29
916,1,2025-08-30
916,2,2025-09-04
916,3,2025-09-15
917,1,2025-07-28
918,1,2025-07-08
919,1,2026-03-18
920,1,2025-04-16
921,1,2025-10-06
921,2,2025-10-13
921,3,2025-10-23
922,1,2025-05-23
923,1,2025-06-06
924,1,2026-01-16
924,2,2026-01-23
925,1,2025-01-05
926,1,2025-10-12
926,2,2025-10-17
926,3,2025-10-27
927,1,2025-03-10
928,1,2025-03-29
929,1,2025-06-17
930,1,2025-11-03
930,2,2025-11-14
931,1,2026-05-28
931,2,2026-06-02
931,3,2026-06-14
932,1,2025-01-19
932,2,2025-01-22
932,3,2025-01-29
932,4,2025-02-05
932,5,2025-02-09
933,1,2025-05-04
933,2,2025-05-14
934,1,2026-04-21
935,1,2025-07-17
936,1,2025-04-09
936,2,2025-04-20
937,1,2026-03-29
937,2,2026-04-09
937,3,2026-04-24
937,4,2026-05-02
937,5,2026-05-14
938,1,2026-03-26
939,1,2025-07-22
940,1,2026-05-03
940,2,2026-05-12
941,1,2026-03-12
941,2,2026-03-26
942,1,2025-03-09
943,1,2026-04-09
943,2,2026-04-14
943,3,2026-04-23
944,1,2025-03-08
944,2,2025-03-16
944,3,2025-03-24
945,1,2025-05-18
945,2,2025-05-23
945,3,2025-05-31
945,4,2025-06-11
945,5,2025-06-17
946,1,2025-09-18
947,1,2025-01-17
948,1,2025-04-10
949,1,2025-05-17
950,1,2025-04-22
951,1,2025-02-10
951,2,2025-02-18
951,3,2025-03-03
951,4,2025-03-19
951,5,2025-03-28
952,1,2025-04-10
952,2,2025-04-16
952,3,2025-04-24
953,1,2025-09-23
953,2,2025-09-26
953,3,2025-10-06
953,4,2025-10-13
953,5,2025-10-20
954,1,2025-09-16
955,1,2025-09-21
955,2,2025-09-24
955,3,2025-10-01
956,1,2025-03-17
956,2,2025-03-23
957,1,2025-10-20
958,1,2025-12-06
958,2,2025-12-20
959,1,2026-01-16
960,1,2025-04-03
961,1,2025-08-27
962,1,2026-04-06
962,2,2026-04-11
963,1,2025-11-01
963,2,2025-11-06
964,1,2026-02-10
965,1,2025-05-18
965,2,2025-05-22
965,3,2025-06-02
965,4,2025-06-16
965,5,2025-06-23
966,1,2026-03-09
966,2,2026-03-19
967,1,2026-05-05
967,2,2026-05-14
968,1,2025-10-23
969,1,2025-07-01
970,1,2025-11-10
971,1,2025-04-22
972,1,2025-10-03
973,1,2026-01-21
973,2,2026-01-28
974,1,2026-03-31
974,2,2026-04-09
974,3,2026-04-18
974,4,2026-04-30
974,5,2026-05-04
975,1,2025-02-05
976,1,2025-03-06
977,1,2026-04-16
977,2,2026-04-22
978,1,2025-04-09
979,1,2025-12-13
979,2,2025-12-19
980,1,2025-09-15
980,2,2025-09-22
981,1,2025-06-18
981,2,2025-06-23
981,3,2025-07-02
982,1,2025-08-17
983,1,2025-03-09
983,2,2025-03-17
983,3,2025-04-01
983,4,2025-04-10
983,5,2025-04-24
984,1,2026-04-26
985,1,2025-06-04
986,1,2025-11-12
987,1,2025-01-17
987,2,2025-01-25
987,3,2025-02-10
987,4,2025-02-24
987,5,2025-02-28
988,1,2025-11-02
989,1,2025-03-14
990,1,2025-05-06
990,2,2025-05-10
991,1,2025-08-14
992,1,2025-08-19
992,2,2025-08-24
993,1,2025-06-28
993,2,2025-07-05
993,3,2025-07-12
993,4,2025-07-23
993,5,2025-07-26
994,1,2025-08-01
995,1,2025-06-23
995,2,2025-07-04
995,3,2025-07-20
995,4,2025-07-28
995,5,2025-08-06
996,1,2026-05-04
996,2,2026-05-11
997,1,2026-04-27
997,2,2026-05-04
998,1,2026-02-17
998,2,2026-02-22
999,1,2025-06-04
1000,1,2026-03-13
1000,2,2026-03-21
1001,1,2025-07-04
1001,2,2025-07-13
1002,1,2025-09-05
1002,2,2025-09-13
1002,3,2025-09-18
1002,4,2025-09-24
1002,5,2025-09-27
1003,1,2025-06-06
1004,1,2025-03-15
1004,2,2025-03-21
1004,3,2025-04-03
1005,1,2026-04-25
1005,2,2026-04-28
1005,3,2026-05-05
1006,1,2026-02-15
1007,1,2025-09-16
1008,1,2025-03-17
1009,1,2025-07-22
1010,1,2026-01-20
1010,2,2026-01-25
1011,1,2025-11-11
1012,1,2025-10-28
1012,2,2025-11-06
1013,1,2025-10-12
1014,1,2025-07-14
1014,2,2025-07-24
1014,3,2025-08-09
1014,4,2025-08-29
1014,5,2025-09-02
1015,1,2026-05-13
1015,2,2026-05-19
1016,1,2025-05-08
1017,1,2025-12-14
1017,2,2025-12-24
1017,3,2026-01-04
1017,4,2026-01-12
1017,5,2026-01-15
1018,1,2025-08-09
1019,1,2025-04-25
1020,1,2025-10-19
1020,2,2025-10-24
1020,3,2025-10-31
1021,1,2026-05-07
1022,1,2025-04-11
1022,2,2025-04-20
1022,3,2025-04-29
1022,4,2025-05-09
1022,5,2025-05-17
1023,1,2025-02-16
1024,1,2025-03-20
1024,2,2025-03-26
1025,1,2025-06-02
1025,2,2025-06-11
1025,3,2025-06-17
1026,1,2025-04-24
1027,1,2025-09-21
1027,2,2025-09-28
1027,3,2025-10-07
1028,1,2025-01-12
1028,2,2025-01-18
1028,3,2025-01-28
1028,4,2025-02-02
1028,5,2025-02-09
1029,1,2026-02-09
1030,1,2026-02-09
1031,1,2025-08-05
1031,2,2025-08-13
1031,3,2025-08-31
1031,4,2025-09-15
1031,5,2025-09-23
1032,1,2025-01-06
1033,1,2025-12-16
1034,1,2025-08-10
1034,2,2025-08-22
1034,3,2025-08-31
1034,4,2025-09-18
1034,5,2025-09-25
1035,1,2025-09-13
1036,1,2025-02-21
1037,1,2025-04-20
1037,2,2025-04-25
1037,3,2025-04-29
1037,4,2025-05-04
1037,5,2025-05-09
1038,1,2025-07-21
1039,1,2025-05-02
1039,2,2025-05-14
1040,1,2026-02-12
1041,1,2025-03-16
1041,2,2025-03-22
1042,1,2025-11-01
1042,2,2025-11-08
1042,3,2025-11-17
1042,4,2025-11-23
1042,5,2025-11-26
1043,1,2026-03-07
1043,2,2026-03-21
1043,3,2026-03-29
1044,1,2025-03-21
1045,1,2026-02-15
1046,1,2025-12-24
1047,1,2025-03-17
1047,2,2025-03-29
1048,1,2025-11-02
1049,1,2025-10-10
1049,2,2025-10-15
1049,3,2025-10-27
1050,1,2026-05-27
1050,2,2026-06-05
1051,1,2025-05-16
1051,2,2025-05-26
1051,3,2025-06-08
1052,1,2025-04-01
1052,2,2025-04-09
1053,1,2025-07-04
1053,2,2025-07-12
1053,3,2025-07-18
1054,1,2025-11-11
1055,1,2025-11-07
1055,2,2025-11-18
1056,1,2026-05-24
1056,2,2026-06-01
1056,3,2026-06-05
1057,1,2026-05-20
1057,2,2026-05-23
1057,3,2026-06-03
1057,4,2026-06-17
1057,5,2026-06-21
1058,1,2025-06-13
1058,2,2025-06-20
1059,1,2025-11-08
1060,1,2025-07-14
1061,1,2026-05-26
1061,2,2026-06-02
1061,3,2026-06-07
1062,1,2026-05-24
1063,1,2025-04-26
1063,2,2025-05-02
1064,1,2026-02-14
1065,1,2025-08-29
1065,2,2025-09-06
1066,1,2025-08-07
1066,2,2025-08-14
1066,3,2025-08-19
1067,1,2025-04-26
1068,1,2025-02-12
1069,1,2026-05-11
1070,1,2025-06-07
1071,1,2026-03-19
1072,1,2026-03-18
1072,2,2026-03-22
1072,3,2026-04-02
1073,1,2026-01-27
1073,2,2026-02-08
1073,3,2026-02-20
1074,1,2025-04-06
1075,1,2025-01-30
1076,1,2025-10-26
1077,1,2025-10-25
1077,2,2025-10-30
1078,1,2026-03-04
1078,2,2026-03-07
1078,3,2026-03-13
1078,4,2026-03-22
1078,5,2026-04-01
1079,1,2025-07-22
1079,2,2025-07-26
1079,3,2025-07-31
1080,1,2025-12-10
1080,2,2025-12-17
1080,3,2025-12-26
1081,1,2026-02-03
1081,2,2026-02-10
1081,3,2026-02-16
1082,1,2025-04-08
1082,2,2025-04-16
1083,1,2025-01-15
1084,1,2025-08-26
1085,1,2025-07-22
1086,1,2025-07-11
1087,1,2026-04-12
1088,1,2025-03-28
1088,2,2025-04-03
1089,1,2026-03-23
1090,1,2025-04-19
1090,2,2025-04-28
1090,3,2025-05-09
1091,1,2025-07-01
1092,1,2026-01-24
1092,2,2026-01-29
1093,1,2025-09-22
1093,2,2025-09-30
1094,1,2025-06-03
1094,2,2025-06-11
1095,1,2025-05-11
1095,2,2025-05-14
1095,3,2025-05-20
1096,1,2025-11-03
1096,2,2025-11-10
1096,3,2025-11-28
1096,4,2025-12-12
1096,5,2025-12-16
1097,1,2026-02-16
1098,1,2026-02-21
1099,1,2026-02-12
1099,2,2026-02-18
1100,1,2026-05-26
1101,1,2025-07-11
1101,2,2025-07-14
1101,3,2025-07-23
1101,4,2025-07-28
1101,5,2025-08-03
1102,1,2026-05-08
1103,1,2025-05-19
1103,2,2025-05-23
1103,3,2025-06-05
1104,1,2025-04-08
1104,2,2025-04-17
1104,3,2025-04-25
1104,4,2025-05-07
1104,5,2025-05-13
1105,1,2025-07-05
1106,1,2025-10-29
1106,2,2025-11-01
1107,1,2025-12-23
1108,1,2025-12-26
1108,2,2026-01-02
1109,1,2026-01-25
1109,2,2026-02-02
1109,3,2026-02-10
1109,4,2026-02-16
1109,5,2026-02-24
1110,1,2025-02-17
1110,2,2025-02-27
1110,3,2025-03-11
1111,1,2025-02-22
1112,1,2025-01-01
1113,1,2025-12-11
1113,2,2025-12-15
1113,3,2025-12-23
1113,4,2026-01-02
1113,5,2026-01-09
1114,1,2025-10-19
1114,2,2025-10-28
1115,1,2025-08-20
1116,1,2026-02-21
1116,2,2026-03-05
1117,1,2026-03-07
1118,1,2026-04-28
1119,1,2026-03-10
1120,1,2026-03-01
1120,2,2026-03-12
1120,3,2026-03-27
1121,1,2026-05-17
1122,1,2025-05-18
1122,2,2025-05-26
1122,3,2025-06-05
1123,1,2025-10-15
1123,2,2025-10-26
1123,3,2025-11-06
1123,4,2025-11-14
1123,5,2025-11-19
1124,1,2025-06-10
1124,2,2025-06-18
1124,3,2025-06-26
1125,1,2026-04-07
1125,2,2026-04-15
1126,1,2025-05-31
1126,2,2025-06-07
1127,1,2025-10-15
1127,2,2025-10-27
1128,1,2025-12-23
1128,2,2026-01-02
1129,1,2026-03-13
1129,2,2026-03-20
1129,3,2026-03-29
1130,1,2026-01-14
1130,2,2026-01-22
1130,3,2026-01-30
1130,4,2026-02-13
1130,5,2026-02-19
1131,1,2025-09-25
1131,2,2025-10-03
1131,3,2025-10-08
1131,4,2025-10-16
1131,5,2025-10-23
1132,1,2025-07-08
1133,1,2025-12-23
1134,1,2025-10-01
1134,2,2025-10-06
1135,1,2026-03-17
1135,2,2026-03-28
1135,3,2026-04-06
1135,4,2026-04-17
1135,5,2026-04-24
1136,1,2025-12-05
1136,2,2025-12-08
1136,3,2025-12-15
1137,1,2025-09-04
1138,1,2025-04-25
1138,2,2025-05-02
1139,1,2025-07-28
1139,2,2025-08-04
1140,1,2025-05-26
1140,2,2025-05-31
1140,3,2025-06-10
1141,1,2025-06-25
1142,1,2025-09-06
1143,1,2025-01-14
1144,1,2025-07-08
1145,1,2025-06-02
1145,2,2025-06-10
1145,3,2025-06-18
1146,1,2025-09-15
1147,1,2026-04-13
1148,1,2025-05-17
1149,1,2026-01-10
1150,1,2025-10-22
1150,2,2025-10-29
1151,1,2026-03-08
1151,2,2026-03-12
1152,1,2025-04-09
1152,2,2025-04-12
1153,1,2026-01-11
1154,1,2026-05-09
1155,1,2025-06-17
1155,2,2025-06-21
1156,1,2025-06-13
1157,1,2026-01-22
1158,1,2026-02-15
1158,2,2026-02-23
1158,3,2026-03-05
1158,4,2026-03-15
1159,1,2026-02-27
1159,2,2026-03-10
1159,3,2026-03-24
1160,1,2025-01-30
1161,1,2025-01-02
1161,2,2025-01-10
1161,3,2025-01-18
1162,1,2026-04-21
1163,1,2026-04-17
1164,1,2026-03-15
1164,2,2026-03-23
1165,1,2025-04-17
1166,1,2025-06-25
1166,2,2025-07-01
1167,1,2026-04-01
1167,2,2026-04-06
1167,3,2026-04-17
1167,4,2026-04-29
1167,5,2026-05-06
1168,1,2025-10-05
1168,2,2025-10-11
1169,1,2025-05-05
1169,2,2025-05-12
1170,1,2025-11-19
1171,1,2025-08-26
1172,1,2025-08-20
1173,1,2025-03-05
1174,1,2026-01-08
1174,2,2026-01-12
1174,3,2026-01-20
1174,4,2026-01-25
1174,5,2026-01-29
1175,1,2025-01-03
1176,1,2025-09-28
1177,1,2025-03-19
1178,1,2025-04-06
1179,1,2026-04-23
1179,2,2026-05-02
1179,3,2026-05-09
1180,1,2026-02-22
1181,1,2025-10-03
1181,2,2025-10-14
1181,3,2025-10-25
1181,4,2025-11-12
1181,5,2025-11-20
1182,1,2025-10-31
1182,2,2025-11-07
1182,3,2025-11-13
1183,1,2026-04-25
1184,1,2025-01-27
1184,2,2025-02-01
1184,3,2025-02-15
1185,1,2025-08-02
1185,2,2025-08-09
1186,1,2025-08-17
1186,2,2025-08-27
1186,3,2025-09-04
1186,4,2025-09-17
1186,5,2025-09-25
1187,1,2026-05-26
1187,2,2026-06-03
1188,1,2025-03-03
1188,2,2025-03-08
1189,1,2025-01-02
1190,1,2026-01-22
1190,2,2026-01-29
1190,3,2026-02-09
1190,4,2026-03-01
1190,5,2026-03-12
1191,1,2025-01-24
1192,1,2026-04-28
1192,2,2026-05-03
1192,3,2026-05-14
1192,4,2026-05-22
1192,5,2026-06-03
1193,1,2025-12-20
1194,1,2025-09-16
1195,1,2026-05-23
1196,1,2025-11-27
1197,1,2025-09-25
1198,1,2026-02-03
1198,2,2026-02-12
1199,1,2025-11-23
1200,1,2025-06-19
1200,2,2025-06-26
1200,3,2025-07-01
1200,4,2025-07-18
1200,5,2025-07-25
1201,1,2025-04-23
1201,2,2025-04-27
1201,3,2025-05-04
1201,4,2025-05-20
1201,5,2025-05-30
1202,1,2025-10-28
1203,1,2026-03-31
1203,2,2026-04-08
1204,1,2025-06-01
1204,2,2025-06-10
1204,3,2025-06-24
1205,1,2025-12-10
1206,1,2026-01-12
1207,1,2025-02-11
1207,2,2025-02-25
1207,3,2025-03-05
1207,4,2025-03-16
1207,5,2025-03-23
1208,1,2025-05-23
1209,1,2025-08-29
1210,1,2026-04-24
1211,1,2025-11-21
1211,2,2025-11-24
1211,3,2025-12-05
1212,1,2026-04-04
1213,1,2026-02-11
1213,2,2026-02-14
1213,3,2026-02-22
1213,4,2026-02-28
1213,5,2026-03-05
1214,1,2025-03-16
1215,1,2025-03-02
1216,1,2025-04-20
1216,2,2025-04-30
1217,1,2025-10-15
1217,2,2025-10-24
1218,1,2025-03-16
1219,1,2025-06-27
1219,2,2025-07-03
1219,3,2025-07-13
1220,1,2025-06-30
1220,2,2025-07-05
1221,1,2025-09-07
1221,2,2025-09-17
1222,1,2025-10-06
1222,2,2025-10-11
1223,1,2025-11-25
1224,1,2025-07-13
1224,2,2025-07-23
1225,1,2026-01-31
1225,2,2026-02-07
1226,1,2025-03-15
1227,1,2025-04-13
1227,2,2025-04-21
1227,3,2025-05-03
1227,4,2025-05-20
1227,5,2025-05-24
1228,1,2025-04-01
1228,2,2025-04-09
1229,1,2026-03-25
1230,1,2025-10-02
1230,2,2025-10-06
1231,1,2026-01-18
1232,1,2025-10-19
1233,1,2026-04-30
1234,1,2025-11-10
1234,2,2025-11-14
1234,3,2025-11-22
1235,1,2025-01-17
1235,2,2025-01-20
1235,3,2025-01-28
1236,1,2026-05-11
1236,2,2026-05-19
1236,3,2026-05-31
1236,4,2026-06-15
1236,5,2026-06-19
1237,1,2026-01-31
1237,2,2026-02-08
1238,1,2026-02-25
1238,2,2026-02-28
1238,3,2026-03-13
1239,1,2025-10-20
1240,1,2025-03-02
1241,1,2025-04-08
1242,1,2025-10-25
1242,2,2025-10-31
1243,1,2025-08-21
1244,1,2025-09-07
1244,2,2025-09-14
1245,1,2025-07-13
1246,1,2025-05-01
1247,1,2025-03-13
1247,2,2025-03-16
1247,3,2025-03-26
1247,4,2025-04-01
1247,5,2025-04-04
1248,1,2025-05-08
1248,2,2025-05-12
1249,1,2025-11-12
1250,1,2025-06-10
1250,2,2025-06-21
1250,3,2025-07-05
1250,4,2025-07-19
1250,5,2025-07-30
1251,1,2025-10-13
1252,1,2025-05-22
1253,1,2026-01-30
1253,2,2026-02-07
1253,3,2026-02-21
1254,1,2026-05-04
1254,2,2026-05-12
1254,3,2026-05-23
1255,1,2025-01-21
1256,1,2026-04-09
1257,1,2025-11-28
1257,2,2025-12-05
1257,3,2025-12-16
1258,1,2025-08-01
1259,1,2025-05-04
1259,2,2025-05-12
1260,1,2025-06-04
1260,2,2025-06-10
1261,1,2025-01-31
1262,1,2026-02-11
1263,1,2026-02-24
1264,1,2026-05-03
1264,2,2026-05-13
1264,3,2026-05-27
1264,4,2026-06-07
1265,1,2025-06-22
1266,1,2026-05-12
1267,1,2025-08-07
1267,2,2025-08-13
1268,1,2025-06-18
1269,1,2025-06-27
1269,2,2025-07-04
1270,1,2026-02-02
1271,1,2025-04-30
1271,2,2025-05-07
1271,3,2025-05-21
1272,1,2025-08-11
1272,2,2025-08-14
1272,3,2025-08-24
1272,4,2025-09-05
1272,5,2025-09-10
1273,1,2025-08-16
1273,2,2025-08-19
1274,1,2025-08-11
1274,2,2025-08-21
1275,1,2026-01-02
1275,2,2026-01-06
1276,1,2026-04-18
1276,2,2026-04-26
1277,1,2025-08-12
1277,2,2025-08-15
1278,1,2025-09-27
1279,1,2026-03-30
1279,2,2026-04-06
1279,3,2026-04-14
1280,1,2026-03-12
1280,2,2026-03-21
1280,3,2026-04-03
1280,4,2026-04-10
1281,1,2025-12-16
1282,1,2025-06-17
1283,1,2025-03-03
1283,2,2025-03-06
1283,3,2025-03-16
1284,1,2026-01-03
1285,1,2025-09-12
1285,2,2025-09-23
1285,3,2025-10-02
1286,1,2025-04-17
1286,2,2025-04-24
1287,1,2026-04-22
1287,2,2026-04-26
1287,3,2026-05-02
1287,4,2026-05-11
1287,5,2026-05-20
1288,1,2026-01-12
1288,2,2026-01-16
1288,3,2026-01-27
1289,1,2025-10-19
1289,2,2025-10-25
1289,3,2025-11-02
1290,1,2025-09-01
1290,2,2025-09-06
1291,1,2025-05-21
1292,1,2025-06-14
1292,2,2025-06-18
1293,1,2025-07-09
1294,1,2025-06-20
1294,2,2025-07-01
1295,1,2026-05-02
1295,2,2026-05-06
1295,3,2026-05-11
1295,4,2026-05-23
1295,5,2026-05-30
1296,1,2025-08-28
1296,2,2025-09-05
1297,1,2025-06-18
1297,2,2025-06-30
1298,1,2025-11-01
1298,2,2025-11-12
1298,3,2025-11-28
1299,1,2025-09-20
1300,1,2025-12-15
1300,2,2025-12-22
1300,3,2026-01-06
1301,1,2025-12-16
1302,1,2026-01-20
1302,2,2026-01-25
1303,1,2025-01-21
1304,1,2025-11-29
1305,1,2026-05-12
1306,1,2026-02-21
1307,1,2026-01-03
1307,2,2026-01-08
1307,3,2026-01-26
1307,4,2026-02-06
1307,5,2026-02-14
1308,1,2025-08-15
1308,2,2025-08-19
1308,3,2025-08-25
1308,4,2025-09-05
1308,5,2025-09-07
1309,1,2026-04-01
1309,2,2026-04-11
1310,1,2026-05-04
1311,1,2026-05-02
1311,2,2026-05-14
1312,1,2025-12-18
1312,2,2025-12-23
1312,3,2026-01-02
1312,4,2026-01-11
1313,1,2025-11-23
1313,2,2025-11-30
1314,1,2025-09-27
1315,1,2025-02-01
1315,2,2025-02-06
1315,3,2025-02-16
1316,1,2026-05-30
1316,2,2026-06-06
1317,1,2025-05-27
1317,2,2025-06-02
1317,3,2025-06-10
1318,1,2026-05-21
1319,1,2025-02-15
1319,2,2025-02-21
1319,3,2025-03-06
1319,4,2025-03-21
1319,5,2025-03-25
1320,1,2025-01-03
1320,2,2025-01-15
1321,1,2026-04-02
1322,1,2025-09-30
1323,1,2026-01-17
1323,2,2026-01-25
1324,1,2025-05-23
1325,1,2025-06-29
1326,1,2026-03-17
1327,1,2026-02-22
1327,2,2026-03-04
1327,3,2026-03-14
1327,4,2026-03-27
1327,5,2026-04-01
1328,1,2025-03-29
1328,2,2025-04-05
1328,3,2025-04-14
1329,1,2026-03-05
1330,1,2025-04-14
1331,1,2025-08-02
1331,2,2025-08-10
1332,1,2025-11-08
1333,1,2025-11-14
1333,2,2025-11-18
1334,1,2025-09-24
1334,2,2025-09-28
1335,1,2025-03-01
1335,2,2025-03-11
1336,1,2025-12-14
1337,1,2025-11-05
1337,2,2025-11-19
1337,3,2025-12-01
1337,4,2025-12-15
1337,5,2025-12-26
1338,1,2025-10-02
1338,2,2025-10-07
1339,1,2025-10-30
1339,2,2025-11-06
1339,3,2025-11-14
1340,1,2026-01-19
1341,1,2026-01-06
1341,2,2026-01-10
1341,3,2026-01-20
1341,4,2026-01-29
1341,5,2026-02-03
1342,1,2025-08-06
1343,1,2025-11-07
1344,1,2025-03-07
1344,2,2025-03-16
1345,1,2025-06-21
1346,1,2025-05-28
1347,1,2025-09-12
1348,1,2025-07-09
1349,1,2025-07-29
1349,2,2025-08-05
1350,1,2026-03-12
1351,1,2025-01-29
1352,1,2025-09-22
1353,1,2025-01-02
1353,2,2025-01-12
1354,1,2026-05-27
1354,2,2026-06-01
1355,1,2025-02-25
1356,1,2025-12-11
1357,1,2025-11-28
1357,2,2025-12-05
1357,3,2025-12-15
1357,4,2025-12-25
1357,5,2025-12-30
1358,1,2025-10-30
1359,1,2025-10-19
1359,2,2025-10-27
1359,3,2025-11-01
1360,1,2025-03-26
1360,2,2025-03-31
1361,1,2025-11-26
1361,2,2025-12-02
1362,1,2025-06-26
1363,1,2025-05-07
1363,2,2025-05-13
1363,3,2025-05-21
1363,4,2025-05-31
1363,5,2025-06-03
1364,1,2025-05-13
1365,1,2026-03-18
1365,2,2026-03-25
1365,3,2026-04-01
1366,1,2025-03-06
1367,1,2025-12-24
1368,1,2026-03-18
1368,2,2026-03-24
1368,3,2026-03-31
1368,4,2026-04-05
1368,5,2026-04-10
1369,1,2025-07-31
1369,2,2025-08-05
1370,1,2025-05-12
1371,1,2025-12-21
1372,1,2025-03-02
1373,1,2026-05-20
1374,1,2026-05-20
1374,2,2026-05-28
1374,3,2026-06-05
1375,1,2025-11-13
1376,1,2026-05-04
1376,2,2026-05-07
1376,3,2026-05-18
1377,1,2025-09-25
1378,1,2025-03-04
1378,2,2025-03-12
1379,1,2025-04-03
1380,1,2025-04-11
1381,1,2025-05-23
1381,2,2025-06-01
1382,1,2025-09-21
1382,2,2025-10-01
1382,3,2025-10-10
1382,4,2025-10-17
1383,1,2025-03-03
1384,1,2025-04-05
1384,2,2025-04-13
1385,1,2025-06-24
1385,2,2025-07-08
1386,1,2025-03-08
1387,1,2025-01-03
1388,1,2026-04-09
1389,1,2025-04-13
1390,1,2025-08-20
1390,2,2025-08-27
1390,3,2025-09-01
1390,4,2025-09-12
1390,5,2025-09-18
1391,1,2025-07-09
1392,1,2025-11-02
1392,2,2025-11-10
1393,1,2025-03-17
1394,1,2025-08-10
1394,2,2025-08-13
1395,1,2026-05-02
1395,2,2026-05-11
1395,3,2026-05-22
1396,1,2025-03-04
1397,1,2026-05-17
1398,1,2025-02-26
1398,2,2025-03-08
1399,1,2025-07-02
1400,1,2025-08-09
1400,2,2025-08-15
1401,1,2026-05-08
1401,2,2026-05-18
1401,3,2026-05-26
1402,1,2025-09-13
1402,2,2025-09-18
1403,1,2025-12-19
1403,2,2025-12-26
1404,1,2025-12-17
1404,2,2025-12-23
1405,1,2026-03-27
1406,1,2025-11-15
1407,1,2025-08-13
1408,1,2025-06-12
1408,2,2025-06-17
1409,1,2025-11-29
1409,2,2025-12-10
1410,1,2025-05-08
1411,1,2025-04-17
1412,1,2025-03-06
1413,1,2025-05-27
1414,1,2025-06-03
1415,1,2025-07-08
1416,1,2025-04-18
1417,1,2025-05-04
1417,2,2025-05-10
1417,3,2025-05-16
1417,4,2025-05-22
1418,1,2026-04-30
1419,1,2025-04-28
1419,2,2025-05-09
1419,3,2025-05-24
1420,1,2025-08-09
1421,1,2025-01-02
1422,1,2025-06-10
1423,1,2026-05-31
1424,1,2026-01-27
1424,2,2026-01-31
1425,1,2025-02-09
1425,2,2025-02-17
1425,3,2025-02-27
1425,4,2025-03-09
1425,5,2025-03-17
1426,1,2026-02-03
1427,1,2026-04-27
1428,1,2025-09-19
1428,2,2025-09-27
1429,1,2026-03-05
1429,2,2026-03-09
1429,3,2026-03-18
1429,4,2026-03-25
1429,5,2026-03-30
1430,1,2026-03-06
1430,2,2026-03-12
1430,3,2026-03-22
1430,4,2026-04-07
1430,5,2026-04-11
1431,1,2025-06-11
1431,2,2025-06-15
1432,1,2025-01-17
1433,1,2025-06-18
1434,1,2025-11-12
1434,2,2025-11-18
1434,3,2025-11-28
1435,1,2025-07-27
1435,2,2025-08-04
1435,3,2025-08-14
1435,4,2025-08-28
1436,1,2026-03-11
1437,1,2025-07-21
1437,2,2025-07-29
1437,3,2025-08-05
1438,1,2026-01-09
1438,2,2026-01-12
1439,1,2026-03-18
1439,2,2026-03-24
1439,3,2026-04-01
1439,4,2026-04-07
1439,5,2026-04-13
1440,1,2025-09-08
1441,1,2026-01-31
1441,2,2026-02-14
1441,3,2026-03-04
1442,1,2026-02-20
1442,2,2026-03-06
1443,1,2026-04-18
1444,1,2025-10-21
1445,1,2025-03-13
1446,1,2025-11-08
1447,1,2025-10-18
1447,2,2025-10-25
1447,3,2025-11-04
1447,4,2025-11-16
1447,5,2025-11-21
1448,1,2025-10-05
1448,2,2025-10-17
1449,1,2025-08-26
1450,1,2025-11-26
1451,1,2025-10-09
1451,2,2025-10-15
1452,1,2026-05-25
1452,2,2026-06-06
1452,3,2026-06-20
1453,1,2026-05-07
1454,1,2026-01-25
1454,2,2026-01-29
1454,3,2026-02-09
1454,4,2026-02-15
1454,5,2026-02-23
1455,1,2025-04-02
1455,2,2025-04-07
1456,1,2026-04-04
1457,1,2026-04-17
1458,1,2025-02-09
1459,1,2025-11-21
1459,2,2025-12-02
1460,1,2026-01-11
1460,2,2026-01-17
1460,3,2026-01-24
1460,4,2026-01-31
1460,5,2026-02-06
1461,1,2025-08-10
1461,2,2025-08-13
1461,3,2025-08-19
1462,1,2025-02-08
1463,1,2026-05-11
1464,1,2025-08-05
1465,1,2025-06-23
1466,1,2025-01-26
1467,1,2025-05-14
1468,1,2026-03-18
1469,1,2025-12-15
1469,2,2025-12-22
1469,3,2025-12-29
1470,1,2025-02-15
1470,2,2025-02-18
1470,3,2025-02-26
1471,1,2025-09-27
1472,1,2026-04-19
1472,2,2026-04-23
1472,3,2026-04-29
1473,1,2026-04-05
1474,1,2025-06-30
1474,2,2025-07-03
1475,1,2025-10-23
1475,2,2025-10-27
1475,3,2025-11-04
1476,1,2026-05-22
1476,2,2026-05-30
1476,3,2026-06-07
1476,4,2026-06-15
1476,5,2026-06-21
1477,1,2025-03-08
1477,2,2025-03-14
1477,3,2025-03-22
1477,4,2025-04-03
1477,5,2025-04-06
1478,1,2025-12-09
1479,1,2025-12-13
1479,2,2025-12-19
1480,1,2025-09-28
1480,2,2025-10-02
1480,3,2025-10-09
1480,4,2025-10-24
1480,5,2025-11-02
1481,1,2025-03-28
1482,1,2026-02-05
1483,1,2025-11-28
1483,2,2025-12-02
1483,3,2025-12-11
1483,4,2025-12-20
1483,5,2025-12-27
1484,1,2026-03-15
1485,1,2025-05-12
1486,1,2025-04-13
1487,1,2026-02-08
1487,2,2026-02-15
1488,1,2026-01-18
1488,2,2026-01-21
1489,1,2026-05-04
1490,1,2026-01-30
1491,1,2026-01-08
1492,1,2026-05-26
1493,1,2025-04-21
1493,2,2025-04-29
1493,3,2025-05-05
1493,4,2025-05-17
1493,5,2025-05-25
1494,1,2025-05-09
1495,1,2026-02-25
1495,2,2026-03-05
1495,3,2026-03-09
1495,4,2026-03-20
1495,5,2026-03-23
1496,1,2026-04-21
1497,1,2026-03-31
1497,2,2026-04-09
1497,3,2026-04-21
1498,1,2025-09-10
1498,2,2025-09-14
1498,3,2025-09-20
1498,4,2025-09-30
1498,5,2025-10-04
1499,1,2025-02-14
1499,2,2025-02-23
1500,1,2025-02-04
1501,1,2026-03-08
1501,2,2026-03-20
1502,1,2025-08-16
1502,2,2025-08-22
1502,3,2025-09-01
1503,1,2026-02-22
1504,1,2026-03-10
1505,1,2025-09-22
1505,2,2025-09-27
1505,3,2025-10-06
1505,4,2025-10-16
1505,5,2025-10-20
1506,1,2026-03-25
1506,2,2026-04-05
1507,1,2025-01-11
1507,2,2025-01-18
1508,1,2025-06-14
1509,1,2025-12-09
1509,2,2025-12-17
1510,1,2025-01-08
1510,2,2025-01-12
1510,3,2025-01-23
1510,4,2025-02-01
1510,5,2025-02-15
1511,1,2026-02-02
1511,2,2026-02-07
1511,3,2026-02-11
1512,1,2026-03-08
1513,1,2026-03-21
1514,1,2025-08-14
1514,2,2025-08-21
1515,1,2026-01-17
1516,1,2026-01-09
1516,2,2026-01-12
1517,1,2026-05-15
1517,2,2026-05-20
1518,1,2026-03-18
1518,2,2026-03-28
1519,1,2025-02-15
1520,1,2026-02-10
1521,1,2026-04-20
1522,1,2025-10-07
1522,2,2025-10-14
1522,3,2025-10-23
1523,1,2025-03-26
1523,2,2025-04-06
1523,3,2025-04-21
1524,1,2026-04-18
1524,2,2026-04-25
1525,1,2025-09-13
1525,2,2025-09-23
1526,1,2026-01-10
1527,1,2026-05-03
1528,1,2025-09-24
1528,2,2025-09-30
1529,1,2025-08-27
1530,1,2026-01-30
1531,1,2025-03-18
1532,1,2025-02-04
1533,1,2025-11-12
1534,1,2025-09-13
1534,2,2025-09-20
1535,1,2026-01-24
1536,1,2025-08-10
1537,1,2026-04-04
1538,1,2025-07-06
1539,1,2026-01-18
1540,1,2025-06-06
1541,1,2025-10-26
1541,2,2025-11-02
1542,1,2025-07-26
1543,1,2025-06-28
1544,1,2026-04-24
1544,2,2026-05-01
1544,3,2026-05-07
1544,4,2026-05-15
1544,5,2026-05-17
1545,1,2025-11-19
1546,1,2026-02-05
1547,1,2026-03-27
1548,1,2025-12-11
1549,1,2025-01-30
1550,1,2026-04-07
1551,1,2025-12-21
1552,1,2025-06-01
1552,2,2025-06-05
1552,3,2025-06-12
1553,1,2025-03-10
1553,2,2025-03-17
1554,1,2026-04-07
1555,1,2025-02-01
1556,1,2025-01-01
1556,2,2025-01-05
1556,3,2025-01-15
1557,1,2025-12-28
1557,2,2026-01-03
1557,3,2026-01-18
1558,1,2025-11-04
1559,1,2025-02-08
1559,2,2025-02-14
1560,1,2025-01-21
1560,2,2025-01-24
1561,1,2026-02-23
1561,2,2026-02-27
1561,3,2026-03-04
1562,1,2026-04-03
1563,1,2025-04-06
1564,1,2026-05-21
1564,2,2026-05-24
1564,3,2026-06-04
1565,1,2025-12-09
1566,1,2025-10-20
1567,1,2026-02-18
1567,2,2026-02-22
1568,1,2025-02-16
1568,2,2025-02-21
1569,1,2025-01-15
1569,2,2025-01-26
1569,3,2025-02-02
1569,4,2025-02-18
1570,1,2026-04-27
1570,2,2026-05-08
1571,1,2026-01-05
1572,1,2026-01-20
1572,2,2026-01-24
1573,1,2025-03-17
1573,2,2025-03-25
1574,1,2025-12-27
1575,1,2025-01-31
1575,2,2025-02-06
1576,1,2025-08-02
1576,2,2025-08-12
1576,3,2025-08-24
1577,1,2025-05-31
1577,2,2025-06-08
1577,3,2025-06-22
1577,4,2025-07-07
1577,5,2025-07-11
1578,1,2025-12-19
1578,2,2025-12-28
1579,1,2025-11-12
1580,1,2025-05-28
1580,2,2025-05-31
1581,1,2026-03-25
1582,1,2025-05-04
1583,1,2025-09-17
1584,1,2025-04-18
1584,2,2025-04-24
1585,1,2025-12-23
1586,1,2026-05-25
1586,2,2026-06-01
1587,1,2026-04-29
1587,2,2026-05-06
1588,1,2025-04-08
1589,1,2025-03-01
1590,1,2025-05-03
1590,2,2025-05-10
1591,1,2025-09-20
1591,2,2025-09-25
1592,1,2025-08-09
1592,2,2025-08-17
1593,1,2025-03-19
1594,1,2026-01-05
1595,1,2026-01-10
1595,2,2026-01-18
1596,1,2026-05-16
1596,2,2026-05-20
1596,3,2026-05-29
1597,1,2025-11-01
1597,2,2025-11-07
1597,3,2025-11-11
1598,1,2025-04-19
1599,1,2025-07-25
1600,1,2025-09-18
1600,2,2025-09-28
1601,1,2025-05-05
1601,2,2025-05-16
1602,1,2026-02-14
1602,2,2026-02-19
1603,1,2026-01-03
1604,1,2025-08-06
1605,1,2025-03-14
1605,2,2025-03-20
1606,1,2025-12-25
1606,2,2025-12-29
1606,3,2026-01-09
1606,4,2026-01-21
1606,5,2026-01-28
1607,1,2025-07-29
1608,1,2026-01-19
1608,2,2026-01-25
1608,3,2026-01-30
1608,4,2026-02-08
1608,5,2026-02-14
1609,1,2025-10-22
1609,2,2025-10-25
1610,1,2026-05-08
1611,1,2025-04-11
1612,1,2025-06-20
1612,2,2025-06-28
1612,3,2025-07-05
1612,4,2025-07-20
1612,5,2025-07-31
1613,1,2025-06-13
1614,1,2026-01-15
1615,1,2025-04-20
1615,2,2025-04-28
1616,1,2025-05-21
1617,1,2025-05-27
1617,2,2025-06-02
1617,3,2025-06-12
1618,1,2025-11-19
1618,2,2025-11-24
1619,1,2025-05-23
1620,1,2025-11-28
1621,1,2025-10-29
1622,1,2025-07-28
1622,2,2025-07-31
1623,1,2025-12-28
1623,2,2026-01-01
1623,3,2026-01-11
1624,1,2026-02-14
1625,1,2025-06-20
1625,2,2025-06-28
1625,3,2025-07-05
1626,1,2025-06-29
1627,1,2025-09-10
1628,1,2025-09-11
1628,2,2025-09-14
1628,3,2025-09-20
1629,1,2025-02-05
1629,2,2025-02-15
1629,3,2025-02-20
1630,1,2025-10-08
1630,2,2025-10-16
1631,1,2025-09-06
1631,2,2025-09-13
1632,1,2025-06-20
1632,2,2025-06-28
1633,1,2025-01-29
1633,2,2025-02-12
1634,1,2025-05-29
1635,1,2025-12-19
1635,2,2025-12-21
1636,1,2026-05-30
1636,2,2026-06-08
1637,1,2025-11-08
1638,1,2025-11-20
1639,1,2026-05-19
1640,1,2025-11-10
1641,1,2025-12-13
1642,1,2025-09-20
1642,2,2025-09-26
1643,1,2026-05-12
1643,2,2026-05-21
1644,1,2026-02-10
1644,2,2026-02-16
1645,1,2025-05-18
1646,1,2025-06-18
1647,1,2026-05-02
1648,1,2025-04-10
1648,2,2025-04-13
1648,3,2025-04-19
1649,1,2026-05-04
1649,2,2026-05-08
1649,3,2026-05-14
1649,4,2026-05-25
1649,5,2026-05-29
1650,1,2025-07-21
1650,2,2025-07-26
1650,3,2025-08-04
1650,4,2025-08-09
1650,5,2025-08-16
1651,1,2025-11-27
1651,2,2025-11-30
1652,1,2025-05-09
1653,1,2025-09-16
1654,1,2025-01-06
1655,1,2025-01-03
1655,2,2025-01-10
1656,1,2025-10-19
1657,1,2025-06-26
1657,2,2025-06-29
1658,1,2025-04-02
1658,2,2025-04-05
1658,3,2025-04-17
1659,1,2025-01-17
1659,2,2025-01-26
1660,1,2026-01-27
1660,2,2026-02-08
1660,3,2026-02-20
1660,4,2026-03-08
1661,1,2025-02-06
1662,1,2026-04-10
1663,1,2025-01-29
1664,1,2025-03-26
1664,2,2025-04-05
1665,1,2026-01-07
1665,2,2026-01-10
1666,1,2025-05-19
1666,2,2025-05-27
1666,3,2025-06-08
1666,4,2025-06-17
1666,5,2025-06-21
1667,1,2025-05-16
1668,1,2025-05-18
1669,1,2025-03-16
1670,1,2025-11-09
1670,2,2025-11-15
1670,3,2025-11-21
1670,4,2025-11-27
1670,5,2025-11-29
1671,1,2026-02-04
1672,1,2025-09-04
1673,1,2026-05-09
1674,1,2026-05-07
1674,2,2026-05-15
1675,1,2025-10-18
1675,2,2025-10-23
1675,3,2025-10-29
1676,1,2025-06-14
1677,1,2025-02-10
1678,1,2025-10-18
1678,2,2025-10-26
1679,1,2026-02-27
1680,1,2025-07-27
1681,1,2025-06-26
1681,2,2025-07-05
1682,1,2025-07-26
1683,1,2025-10-28
1683,2,2025-11-04
1684,1,2026-02-18
1684,2,2026-02-22
1685,1,2026-04-06
1685,2,2026-04-12
1686,1,2026-03-07
1686,2,2026-03-12
1687,1,2025-09-22
1688,1,2025-10-27
1689,1,2025-03-31
1690,1,2025-11-04
1690,2,2025-11-09
1691,1,2026-02-12
1692,1,2025-10-09
1693,1,2025-11-09
1693,2,2025-11-15
1693,3,2025-11-25
1693,4,2025-12-07
1693,5,2025-12-13
1694,1,2026-01-07
1694,2,2026-01-13
1694,3,2026-01-22
1695,1,2025-09-06
1695,2,2025-09-08
1695,3,2025-09-16
1696,1,2026-01-11
1697,1,2025-04-02
1698,1,2025-04-11
1699,1,2025-11-20
1699,2,2025-11-26
1699,3,2025-12-04
1699,4,2025-12-10
1700,1,2025-06-10
1700,2,2025-06-12
1700,3,2025-06-19
1701,1,2025-07-26
1702,1,2025-03-11
1703,1,2026-05-15
1703,2,2026-05-24
1704,1,2026-04-23
1705,1,2025-01-01
1706,1,2025-05-04
1707,1,2025-04-27
1708,1,2025-07-30
1708,2,2025-08-07
1709,1,2025-07-21
1710,1,2025-04-27
1711,1,2026-03-31
1712,1,2025-02-21
1713,1,2025-09-19
1714,1,2026-03-13
1714,2,2026-03-21
1714,3,2026-03-26
1714,4,2026-04-05
1714,5,2026-04-13
1715,1,2026-04-03
1716,1,2025-08-22
1717,1,2025-01-14
1717,2,2025-01-22
1718,1,2025-05-27
1718,2,2025-06-08
1718,3,2025-06-22
1719,1,2025-11-10
1719,2,2025-11-18
1720,1,2025-11-14
1721,1,2025-02-04
1722,1,2025-05-26
1723,1,2026-04-26
1724,1,2025-12-22
1724,2,2026-01-01
1725,1,2025-07-11
1726,1,2025-05-21
1727,1,2025-10-05
1728,1,2025-03-03
1728,2,2025-03-12
1728,3,2025-03-24
1728,4,2025-04-01
1729,1,2026-01-13
1730,1,2026-04-08
1731,1,2026-02-22
1731,2,2026-03-01
1731,3,2026-03-11
1731,4,2026-03-22
1732,1,2025-03-25
1732,2,2025-04-02
1733,1,2025-06-27
1734,1,2025-03-25
1734,2,2025-04-06
1734,3,2025-04-18
1735,1,2025-02-27
1736,1,2025-07-30
1736,2,2025-08-06
1736,3,2025-08-10
1736,4,2025-08-16
1736,5,2025-08-20
1737,1,2025-06-14
1738,1,2025-04-23
1739,1,2025-04-04
1739,2,2025-04-12
1740,1,2025-06-14
1741,1,2025-05-13
1742,1,2026-01-06
1742,2,2026-01-14
1742,3,2026-01-20
1742,4,2026-01-25
1742,5,2026-02-01
1743,1,2026-01-18
1744,1,2025-01-08
1745,1,2025-06-29
1746,1,2025-01-20
1746,2,2025-01-22
1747,1,2026-03-06
1748,1,2025-04-27
1749,1,2025-06-02
1749,2,2025-06-16
1749,3,2025-06-23
1749,4,2025-07-08
1750,1,2025-01-07
1750,2,2025-01-15
1751,1,2026-01-31
1751,2,2026-02-05
1751,3,2026-02-21
1752,1,2026-05-20
1753,1,2026-02-15
1753,2,2026-02-23
1753,3,2026-02-27
1753,4,2026-03-05
1753,5,2026-03-09
1754,1,2025-10-23
1755,1,2025-08-16
1755,2,2025-08-24
1755,3,2025-09-03
1755,4,2025-09-08
1755,5,2025-09-14
1756,1,2025-12-23
1756,2,2025-12-28
1757,1,2025-05-12
1757,2,2025-05-18
1758,1,2025-05-17
1759,1,2025-12-17
1759,2,2025-12-20
1760,1,2025-06-16
1761,1,2025-07-07
1761,2,2025-07-15
1762,1,2026-03-19
1763,1,2026-05-20
1764,1,2026-05-02
1764,2,2026-05-08
1764,3,2026-05-14
1765,1,2025-08-03
1765,2,2025-08-07
1765,3,2025-08-13
1765,4,2025-08-27
1765,5,2025-08-30
1766,1,2026-02-03
1766,2,2026-02-09
1767,1,2025-10-24
1767,2,2025-10-31
1767,3,2025-11-04
1767,4,2025-11-09
1767,5,2025-11-17
1768,1,2025-05-15
1768,2,2025-05-23
1768,3,2025-06-02
1769,1,2025-12-14
1770,1,2025-03-02
1770,2,2025-03-06
1770,3,2025-03-16
1771,1,2026-05-23
1771,2,2026-05-26
1771,3,2026-06-01
1772,1,2025-07-14
1773,1,2025-05-14
1774,1,2025-12-15
1775,1,2025-04-20
1776,1,2025-06-08
1777,1,2025-05-20
1777,2,2025-06-03
1778,1,2026-03-25
1778,2,2026-04-02
1778,3,2026-04-11
1778,4,2026-04-24
1778,5,2026-05-04
1779,1,2025-11-18
1780,1,2025-04-12
1780,2,2025-04-19
1781,1,2025-06-12
1781,2,2025-06-23
1782,1,2025-07-04
1783,1,2026-03-20
1784,1,2025-01-26
1784,2,2025-02-03
1784,3,2025-02-11
1785,1,2025-08-10
1785,2,2025-08-16
1785,3,2025-08-26
1786,1,2025-09-12
1787,1,2025-06-05
1787,2,2025-06-07
1788,1,2025-08-04
1789,1,2025-08-13
1790,1,2025-11-25
1790,2,2025-12-03
1791,1,2025-04-23
1792,1,2025-02-13
1792,2,2025-02-21
1793,1,2025-06-07
1794,1,2025-12-09
1795,1,2025-09-10
1796,1,2026-01-03
1797,1,2025-03-17
1797,2,2025-03-25
1797,3,2025-03-31
1797,4,2025-04-07
1797,5,2025-04-09
1798,1,2026-04-15
1798,2,2026-04-19
1799,1,2025-12-10
1799,2,2025-12-13
1800,1,2025-11-27
1800,2,2025-12-05
1801,1,2025-03-25
1802,1,2025-05-02
1803,1,2025-01-04
1804,1,2025-12-08
1805,1,2025-10-24
1805,2,2025-11-01
1806,1,2026-02-03
1806,2,2026-02-06
1807,1,2025-02-19
1807,2,2025-03-03
1807,3,2025-03-12
1807,4,2025-03-27
1807,5,2025-03-31
1808,1,2026-01-19
1808,2,2026-01-24
1809,1,2025-09-18
1810,1,2025-10-29
1811,1,2025-06-26
1812,1,2026-02-25
1812,2,2026-03-04
1813,1,2025-04-05
1814,1,2025-02-28
1815,1,2026-05-28
1815,2,2026-06-04
1815,3,2026-06-10
1816,1,2025-06-30
1816,2,2025-07-03
1817,1,2025-11-05
1818,1,2025-10-25
1818,2,2025-11-01
1818,3,2025-11-07
1819,1,2025-01-22
1820,1,2026-05-12
1820,2,2026-05-20
1821,1,2025-12-12
1821,2,2025-12-20
1822,1,2025-09-17
1822,2,2025-09-28
1822,3,2025-10-10
1822,4,2025-10-25
1822,5,2025-11-02
1823,1,2025-11-29
1823,2,2025-12-03
1823,3,2025-12-14
1824,1,2025-10-10
1824,2,2025-10-21
1825,1,2025-10-05
1826,1,2025-05-12
1827,1,2025-02-19
1828,1,2025-01-26
1828,2,2025-02-09
1829,1,2025-05-07
1829,2,2025-05-15
1829,3,2025-05-25
1830,1,2026-04-16
1830,2,2026-04-25
1830,3,2026-05-03
1830,4,2026-05-10
1830,5,2026-05-19
1831,1,2025-01-05
1831,2,2025-01-12
1831,3,2025-01-17
1831,4,2025-01-26
1831,5,2025-02-01
1832,1,2025-08-09
1833,1,2025-09-02
1833,2,2025-09-07
1833,3,2025-09-12
1833,4,2025-09-20
1833,5,2025-09-28
1834,1,2025-06-14
1835,1,2026-01-08
1836,1,2025-09-11
1837,1,2026-03-19
1837,2,2026-03-23
1838,1,2026-05-07
1839,1,2026-03-11
1839,2,2026-03-18
1840,1,2026-04-15
1841,1,2025-06-24
1842,1,2025-10-31
1842,2,2025-11-14
1843,1,2025-09-29
1843,2,2025-10-02
1844,1,2025-12-20
1844,2,2025-12-28
1844,3,2026-01-08
1844,4,2026-01-23
1844,5,2026-02-04
1845,1,2025-03-04
1845,2,2025-03-08
1846,1,2026-05-17
1846,2,2026-05-25
1847,1,2025-05-20
1847,2,2025-06-01
1847,3,2025-06-08
1848,1,2026-01-08
1848,2,2026-01-10
1848,3,2026-01-14
1849,1,2025-01-19
1849,2,2025-01-26
1850,1,2025-05-10
1851,1,2025-03-01
1852,1,2025-06-19
1853,1,2025-07-25
1854,1,2025-02-13
1854,2,2025-02-17
1855,1,2026-01-12
1855,2,2026-01-22
1855,3,2026-02-06
1856,1,2025-04-11
1857,1,2025-02-12
1858,1,2025-03-03
1859,1,2025-06-19
1860,1,2025-04-21
1860,2,2025-04-24
1861,1,2025-12-16
1862,1,2025-09-22
1862,2,2025-09-27
1863,1,2026-02-22
1864,1,2025-02-13
1864,2,2025-02-16
1865,1,2025-12-31
1865,2,2026-01-04
1865,3,2026-01-14
1865,4,2026-01-28
1865,5,2026-02-02
1866,1,2026-03-30
1867,1,2025-08-01
1868,1,2025-01-01
1869,1,2026-02-02
1870,1,2025-03-17
1871,1,2025-11-15
1871,2,2025-11-20
1871,3,2025-12-02
1871,4,2025-12-16
1872,1,2025-02-18
1872,2,2025-02-23
1872,3,2025-03-03
1873,1,2026-03-10
1873,2,2026-03-20
1873,3,2026-03-30
1874,1,2025-08-20
1874,2,2025-08-25
1875,1,2025-08-07
1875,2,2025-08-09
1876,1,2025-06-21
1876,2,2025-06-25
1876,3,2025-07-04
1876,4,2025-07-19
1876,5,2025-07-29
1877,1,2026-03-07
1878,1,2026-04-27
1879,1,2026-02-28
1879,2,2026-03-04
1880,1,2025-07-24
1881,1,2026-03-13
1881,2,2026-03-15
1881,3,2026-03-20
1882,1,2026-02-05
1882,2,2026-02-10
1882,3,2026-02-15
1883,1,2025-10-02
1884,1,2025-10-11
1884,2,2025-10-19
1884,3,2025-11-06
1885,1,2025-04-19
1886,1,2026-05-19
1886,2,2026-05-26
1887,1,2026-05-15
1888,1,2025-12-27
1889,1,2025-07-10
1890,1,2025-07-07
1891,1,2026-02-14
1892,1,2026-02-08
1892,2,2026-02-16
1892,3,2026-02-25
1893,1,2025-06-13
1894,1,2025-04-30
1895,1,2026-02-23
1895,2,2026-03-04
1896,1,2026-01-30
1897,1,2026-03-07
1898,1,2026-03-30
1899,1,2025-07-20
1900,1,2026-01-06
1900,2,2026-01-14
1901,1,2026-01-30
1902,1,2025-06-28
1903,1,2025-10-28
1903,2,2025-11-05
1904,1,2025-04-10
1905,1,2026-01-03
1906,1,2025-10-24
1907,1,2025-05-13
1908,1,2025-08-21
1909,1,2025-12-02
1909,2,2025-12-05
1909,3,2025-12-18
1910,1,2025-11-29
1911,1,2025-01-12
1911,2,2025-01-17
1912,1,2025-05-30
1912,2,2025-06-05
1913,1,2025-01-20
1914,1,2026-01-16
1915,1,2026-04-15
1916,1,2025-10-24
1917,1,2026-02-09
1918,1,2026-01-13
1918,2,2026-01-22
1918,3,2026-02-03
1919,1,2026-04-17
1919,2,2026-04-20
1919,3,2026-05-01
1920,1,2025-10-27
1921,1,2025-12-03
1921,2,2025-12-10
1921,3,2025-12-18
1922,1,2026-01-14
1922,2,2026-01-22
1922,3,2026-01-30
1923,1,2025-01-22
1924,1,2026-02-03
1924,2,2026-02-06
1925,1,2025-05-31
1926,1,2025-09-07
1927,1,2026-05-05
1927,2,2026-05-14
1928,1,2025-12-20
1928,2,2025-12-24
1928,3,2025-12-29
1928,4,2026-01-06
1928,5,2026-01-13
1929,1,2025-02-15
1930,1,2026-03-06
1931,1,2025-11-20
1932,1,2025-07-26
1933,1,2026-03-19
1934,1,2025-07-24
1935,1,2025-06-24
1936,1,2025-10-23
1937,1,2025-03-21
1937,2,2025-03-29
1938,1,2026-05-05
1939,1,2025-11-15
1940,1,2025-06-05
1940,2,2025-06-08
1941,1,2025-05-06
1942,1,2025-12-14
1942,2,2025-12-19
1942,3,2025-12-27
1943,1,2026-02-12
1943,2,2026-02-17
1944,1,2025-12-10
1944,2,2025-12-18
1945,1,2026-05-13
1945,2,2026-05-19
1945,3,2026-05-25
1946,1,2025-12-22
1947,1,2025-04-15
1948,1,2026-02-10
1948,2,2026-02-13
1948,3,2026-02-22
1948,4,2026-03-02
1949,1,2026-02-23
1950,1,2025-12-15
1950,2,2025-12-20
1951,1,2026-02-08
1951,2,2026-02-17
1951,3,2026-02-22
1952,1,2026-03-29
1953,1,2026-01-18
1953,2,2026-01-25
1954,1,2026-04-06
1955,1,2025-05-02
1955,2,2025-05-10
1956,1,2026-02-05
1957,1,2025-02-27
1958,1,2025-06-16
1958,2,2025-06-24
1958,3,2025-07-08
1958,4,2025-07-17
1958,5,2025-07-22
1959,1,2025-01-20
1960,1,2025-06-19
1960,2,2025-06-24
1961,1,2025-08-02
1961,2,2025-08-08
1962,1,2026-04-09
1963,1,2025-05-23
1964,1,2025-12-10
1965,1,2025-12-31
1966,1,2025-04-04
1966,2,2025-04-09
1967,1,2026-02-09
1967,2,2026-02-19
1967,3,2026-03-01
1967,4,2026-03-09
1967,5,2026-03-19
1968,1,2025-08-10
1968,2,2025-08-13
1968,3,2025-08-24
1968,4,2025-08-30
1968,5,2025-09-05
1969,1,2025-06-08
1969,2,2025-06-14
1969,3,2025-06-30
1970,1,2026-04-29
1970,2,2026-05-08
1971,1,2025-04-24
1972,1,2025-03-21
1972,2,2025-03-26
1973,1,2025-02-25
1974,1,2026-04-25
1975,1,2026-03-13
1975,2,2026-03-17
1976,1,2026-02-24
1977,1,2026-03-08
1977,2,2026-03-12
1977,3,2026-03-18
1978,1,2025-04-12
1978,2,2025-04-26
1978,3,2025-05-08
1979,1,2025-12-07
1979,2,2025-12-16
1979,3,2025-12-30
1980,1,2025-04-12
1981,1,2025-07-14
1982,1,2025-08-21
1982,2,2025-09-01
1982,3,2025-09-13
1983,1,2025-08-02
1984,1,2025-10-12
1985,1,2026-04-07
1985,2,2026-04-10
1985,3,2026-04-14
1986,1,2025-03-16
1986,2,2025-03-20
1986,3,2025-04-07
1986,4,2025-04-16
1986,5,2025-04-24
1987,1,2025-05-16
1987,2,2025-05-27
1987,3,2025-06-12
1988,1,2025-01-03
1988,2,2025-01-13
1989,1,2026-05-26
1990,1,2025-02-05
1991,1,2026-01-06
1992,1,2025-04-11
1992,2,2025-04-23
1992,3,2025-05-11
1993,1,2026-05-17
1994,1,2026-03-24
1995,1,2025-08-07
1996,1,2025-05-19
1997,1,2025-12-21
1998,1,2026-03-16
1999,1,2026-01-01
2000,1,2026-03-28
2001,1,2025-03-04
2002,1,2025-05-04
2002,2,2025-05-13
2003,1,2025-03-02
2003,2,2025-03-07
2003,3,2025-03-16
2004,1,2025-03-30
2004,2,2025-04-02
2005,1,2025-03-12
2006,1,2025-07-23
2007,1,2026-05-22
2008,1,2025-05-05
2009,1,2025-11-29
2010,1,2025-11-03
2010,2,2025-11-08
2011,1,2026-05-29
2012,1,2025-04-03
2012,2,2025-04-11
2012,3,2025-04-22
2012,4,2025-05-10
2013,1,2025-10-17
2013,2,2025-10-23
2013,3,2025-11-02
2014,1,2026-01-08
2015,1,2025-12-07
2015,2,2025-12-18
2016,1,2025-08-22
2017,1,2026-04-13
2018,1,2026-05-14
2018,2,2026-05-20
2018,3,2026-05-29
2019,1,2026-02-06
2020,1,2026-05-09
2020,2,2026-05-15
2021,1,2025-01-21
2022,1,2025-11-05
2022,2,2025-11-09
2023,1,2026-03-20
2023,2,2026-03-25
2024,1,2026-01-04
2025,1,2025-05-18
2025,2,2025-05-26
2025,3,2025-06-04
2025,4,2025-06-12
2025,5,2025-06-20
2026,1,2025-05-20
2027,1,2025-03-25
2028,1,2025-07-06
2029,1,2025-04-10
2030,1,2025-01-20
2031,1,2025-03-17
2031,2,2025-03-21
2031,3,2025-04-02
2032,1,2025-01-22
2032,2,2025-02-02
2033,1,2025-04-29
2034,1,2025-03-24
2034,2,2025-04-04
2035,1,2026-02-15
2036,1,2025-04-01
2036,2,2025-04-10
2037,1,2026-05-21
2037,2,2026-05-25
2038,1,2025-12-21
2038,2,2025-12-31
2039,1,2025-07-14
2039,2,2025-07-22
2039,3,2025-08-01
2039,4,2025-08-10
2039,5,2025-08-14
2040,1,2026-03-26
2040,2,2026-04-05
2041,1,2025-11-19
2041,2,2025-12-01
2042,1,2026-01-29
2042,2,2026-02-06
2042,3,2026-02-14
2043,1,2025-09-05
2043,2,2025-09-10
2044,1,2026-01-11
2045,1,2025-07-07
2045,2,2025-07-13
2045,3,2025-07-23
2046,1,2025-10-18
2046,2,2025-11-01
2047,1,2026-04-17
2048,1,2026-02-17
2049,1,2025-02-26
2050,1,2025-12-30
2051,1,2025-02-05
2052,1,2025-01-09
2053,1,2025-05-06
2054,1,2025-03-04
2055,1,2026-05-02
2055,2,2026-05-13
2056,1,2026-02-07
2057,1,2025-12-13
2058,1,2026-05-29
2059,1,2026-02-18
2060,1,2025-02-02
2061,1,2025-12-01
2061,2,2025-12-04
2062,1,2025-03-27
2062,2,2025-03-31
2063,1,2025-02-16
2063,2,2025-02-19
2064,1,2025-03-20
2064,2,2025-03-25
2064,3,2025-04-01
2064,4,2025-04-09
2065,1,2025-12-18
2066,1,2026-03-01
2067,1,2025-10-02
2068,1,2025-12-31
2069,1,2026-05-26
2070,1,2025-09-05
2070,2,2025-09-17
2071,1,2025-03-24
2071,2,2025-03-31
2072,1,2025-02-27
2073,1,2025-12-05
2073,2,2025-12-10
2073,3,2025-12-21
2074,1,2025-07-17
2075,1,2026-02-15
2076,1,2025-09-11
2076,2,2025-09-25
2076,3,2025-10-03
2076,4,2025-10-19
2076,5,2025-11-02
2077,1,2026-02-05
2078,1,2025-03-04
2078,2,2025-03-08
2079,1,2025-08-26
2080,1,2026-03-05
2081,1,2025-09-10
2082,1,2025-10-25
2083,1,2026-05-30
2083,2,2026-06-06
2084,1,2025-01-20
2084,2,2025-01-31
2084,3,2025-02-14
2085,1,2025-04-25
2086,1,2026-03-03
2087,1,2025-05-30
2087,2,2025-06-08
2088,1,2025-09-21
2088,2,2025-09-24
2089,1,2026-04-10
2090,1,2026-02-10
2091,1,2025-02-24
2092,1,2025-02-06
2092,2,2025-02-14
2092,3,2025-02-25
2093,1,2025-08-30
2094,1,2026-01-08
2094,2,2026-01-20
2095,1,2026-04-16
2096,1,2025-03-28
2096,2,2025-04-05
2096,3,2025-04-14
2096,4,2025-04-28
2096,5,2025-05-01
2097,1,2025-10-22
2098,1,2026-03-08
2099,1,2025-05-15
2100,1,2025-10-20
2100,2,2025-10-31
2101,1,2026-03-14
2101,2,2026-03-20
2102,1,2026-01-25
2103,1,2025-09-05
2104,1,2025-01-21
2104,2,2025-01-30
2104,3,2025-02-15
2104,4,2025-03-01
2104,5,2025-03-08
2105,1,2025-01-15
2105,2,2025-01-23
2105,3,2025-02-04
2106,1,2025-11-09
2107,1,2025-10-18
2107,2,2025-10-24
2108,1,2026-05-26
2109,1,2026-05-04
2110,1,2025-02-09
2110,2,2025-02-18
2111,1,2025-02-14
2111,2,2025-02-20
2111,3,2025-02-24
2111,4,2025-03-05
2111,5,2025-03-11
2112,1,2026-05-23
2112,2,2026-05-27
2112,3,2026-06-07
2112,4,2026-06-29
2113,1,2025-09-07
2114,1,2026-05-31
2115,1,2025-02-04
2116,1,2025-09-28
2116,2,2025-10-02
2116,3,2025-10-13
2117,1,2025-11-12
2118,1,2026-01-06
2119,1,2026-04-15
2119,2,2026-04-19
2120,1,2026-03-12
2121,1,2025-05-27
2122,1,2025-07-10
2123,1,2025-06-30
2123,2,2025-07-05
2124,1,2025-03-25
2125,1,2025-07-16
2126,1,2025-08-08
2127,1,2025-11-01
2128,1,2025-01-26
2128,2,2025-02-07
2129,1,2025-11-26
2130,1,2026-04-28
2131,1,2025-11-07
2132,1,2025-12-08
2133,1,2025-08-25
2133,2,2025-08-28
2134,1,2025-01-05
2134,2,2025-01-10
2135,1,2025-03-13
2136,1,2025-05-19
2137,1,2025-07-18
2138,1,2026-05-31
2138,2,2026-06-14
2138,3,2026-06-29
2139,1,2026-03-19
2139,2,2026-03-26
2140,1,2025-09-02
2140,2,2025-09-16
2141,1,2025-04-16
2142,1,2026-04-14
2143,1,2025-12-26
2144,1,2025-11-16
2145,1,2025-06-24
2146,1,2025-07-03
2147,1,2025-11-07
2148,1,2025-11-22
2149,1,2025-03-26
2149,2,2025-03-31
2150,1,2026-05-13
2150,2,2026-05-21
2150,3,2026-05-25
2151,1,2026-02-28
2151,2,2026-03-04
2152,1,2025-02-11
2153,1,2025-01-14
2153,2,2025-01-20
2153,3,2025-01-28
2154,1,2025-03-23
2154,2,2025-03-31
2154,3,2025-04-14
2155,1,2025-07-04
2155,2,2025-07-09
2155,3,2025-07-19
2155,4,2025-07-28
2156,1,2025-12-12
2156,2,2025-12-16
2157,1,2025-01-19
2157,2,2025-01-28
2158,1,2026-03-31
2159,1,2025-09-06
2159,2,2025-09-10
2159,3,2025-09-22
2160,1,2025-04-12
2161,1,2025-10-03
2162,1,2025-04-02
2163,1,2026-01-08
2164,1,2025-11-29
2164,2,2025-12-01
2164,3,2025-12-09
2165,1,2026-04-13
2165,2,2026-04-20
2166,1,2026-02-23
2167,1,2026-02-01
2167,2,2026-02-08
2168,1,2025-09-04
2169,1,2026-05-23
2170,1,2025-06-26
2171,1,2025-05-30
2171,2,2025-06-03
2171,3,2025-06-11
2172,1,2025-09-05
2172,2,2025-09-13
2172,3,2025-09-21
2172,4,2025-10-02
2173,1,2026-05-27
2174,1,2025-11-28
2175,1,2026-03-16
2175,2,2026-03-26
2176,1,2026-05-09
2176,2,2026-05-20
2176,3,2026-06-04
2177,1,2025-05-30
2178,1,2025-02-12
2178,2,2025-02-23
2179,1,2025-04-19
2180,1,2025-09-29
2180,2,2025-10-07
2181,1,2026-02-23
2181,2,2026-03-07
2182,1,2025-04-12
2182,2,2025-04-19
2183,1,2026-02-06
2184,1,2026-01-17
2185,1,2026-03-19
2185,2,2026-03-23
2186,1,2025-10-22
2186,2,2025-10-31
2187,1,2026-04-05
2187,2,2026-04-13
2188,1,2025-03-01
2189,1,2025-07-02
2190,1,2026-05-24
2190,2,2026-06-02
2191,1,2025-02-17
2192,1,2026-05-31
2192,2,2026-06-05
2192,3,2026-06-14
2193,1,2025-06-04
2193,2,2025-06-08
2194,1,2025-08-27
2194,2,2025-08-31
2194,3,2025-09-05
2195,1,2025-01-14
2196,1,2026-02-28
2196,2,2026-03-07
2196,3,2026-03-16
2197,1,2025-07-30
2198,1,2026-02-17
2198,2,2026-02-20
2198,3,2026-02-24
2198,4,2026-03-06
2198,5,2026-03-12
2199,1,2025-09-30
2199,2,2025-10-07
2199,3,2025-10-16
2200,1,2025-08-19
2200,2,2025-08-30
2200,3,2025-09-08
2201,1,2025-04-03
2201,2,2025-04-14
2202,1,2025-10-15
2203,1,2025-02-22
2204,1,2025-10-12
2205,1,2025-04-29
2205,2,2025-05-03
2205,3,2025-05-11
2206,1,2026-05-13
2207,1,2025-12-28
2207,2,2026-01-02
2208,1,2026-01-13
2208,2,2026-01-22
2209,1,2025-03-27
2210,1,2026-01-03
2210,2,2026-01-07
2210,3,2026-01-14
2210,4,2026-01-28
2210,5,2026-02-06
2211,1,2025-09-15
2211,2,2025-09-18
2212,1,2025-10-09
2213,1,2026-02-12
2214,1,2025-03-03
2214,2,2025-03-11
2215,1,2025-02-20
2215,2,2025-02-28
2215,3,2025-03-07
2215,4,2025-03-16
2215,5,2025-03-26
2216,1,2026-04-04
2216,2,2026-04-11
2216,3,2026-04-18
2217,1,2025-10-19
2218,1,2025-03-14
2219,1,2025-09-01
2219,2,2025-09-07
2219,3,2025-09-18
2220,1,2025-12-27
2220,2,2025-12-31
2221,1,2025-04-01
2222,1,2026-03-22
2222,2,2026-03-27
2223,1,2026-05-02
2224,1,2026-02-25
2225,1,2026-01-19
2225,2,2026-01-27
2226,1,2025-09-14
2227,1,2025-06-19
2228,1,2025-08-04
2228,2,2025-08-14
2228,3,2025-08-24
2229,1,2025-05-13
2229,2,2025-05-24
2229,3,2025-06-04
2229,4,2025-06-22
2230,1,2025-01-22
2230,2,2025-01-27
2231,1,2026-04-17
2232,1,2026-04-13
2233,1,2026-01-28
2234,1,2025-06-09
2235,1,2026-03-13
2235,2,2026-03-17
2236,1,2025-04-10
2236,2,2025-04-17
2236,3,2025-04-29
2237,1,2026-02-07
2238,1,2025-08-15
2238,2,2025-08-23
2239,1,2026-01-10
2240,1,2025-02-18
2241,1,2025-05-20
2242,1,2025-01-21
2243,1,2025-11-18
2244,1,2025-02-21
2245,1,2025-05-08
2246,1,2025-07-06
2247,1,2026-04-19
2247,2,2026-05-01
2247,3,2026-05-12
2248,1,2026-01-21
2248,2,2026-01-29
2249,1,2025-05-12
2250,1,2025-08-22
2250,2,2025-09-03
2251,1,2025-10-11
2251,2,2025-10-17
2252,1,2025-08-26
2252,2,2025-09-02
2252,3,2025-09-08
2252,4,2025-09-19
2252,5,2025-09-25
2253,1,2026-03-31
2253,2,2026-04-07
2254,1,2026-04-03
2255,1,2026-01-31
2255,2,2026-02-08
2256,1,2025-03-19
2256,2,2025-03-27
2256,3,2025-04-02
2256,4,2025-04-12
2256,5,2025-04-17
2257,1,2025-06-10
2257,2,2025-06-14
2257,3,2025-07-02
2257,4,2025-07-18
2257,5,2025-07-27
2258,1,2026-05-26
2259,1,2025-03-20
2259,2,2025-04-01
2260,1,2025-06-21
2261,1,2025-05-09
2262,1,2026-01-27
2262,2,2026-02-02
2263,1,2026-02-23
2264,1,2025-11-22
2265,1,2025-01-15
2265,2,2025-01-21
2265,3,2025-01-27
2265,4,2025-02-05
2265,5,2025-02-11
2266,1,2025-02-04
2266,2,2025-02-12
2266,3,2025-02-19
2267,1,2025-01-23
2267,2,2025-01-30
2268,1,2025-09-03
2269,1,2026-03-26
2270,1,2025-10-01
2270,2,2025-10-05
2270,3,2025-10-13
2270,4,2025-10-19
2270,5,2025-10-23
2271,1,2025-04-25
2272,1,2025-08-15
2272,2,2025-08-21
2272,3,2025-08-25
2273,1,2026-05-22
2274,1,2025-08-25
2275,1,2026-03-31
2275,2,2026-04-07
2275,3,2026-04-16
2276,1,2025-08-15
2276,2,2025-08-25
2276,3,2025-09-06
2276,4,2025-09-20
2277,1,2026-03-01
2278,1,2025-02-09
2279,1,2026-02-25
2280,1,2025-08-22
2281,1,2025-09-26
2281,2,2025-10-06
2281,3,2025-10-21
2282,1,2025-06-12
2282,2,2025-06-18
2283,1,2025-08-12
2284,1,2025-05-05
2284,2,2025-05-09
2285,1,2026-03-06
2286,1,2025-11-18
2286,2,2025-11-21
2287,1,2025-01-14
2288,1,2025-09-26
2289,1,2026-03-05
2290,1,2025-06-22
2291,1,2025-11-25
2291,2,2025-12-02
2292,1,2026-04-04
2292,2,2026-04-08
2292,3,2026-04-14
2292,4,2026-04-28
2292,5,2026-05-02
2293,1,2025-09-29
2294,1,2026-05-23
2295,1,2026-05-27
2295,2,2026-06-04
2295,3,2026-06-15
2296,1,2025-02-23
2296,2,2025-03-02
2296,3,2025-03-11
2297,1,2026-02-15
2297,2,2026-02-19
2298,1,2026-02-18
2298,2,2026-02-21
2299,1,2025-03-18
2299,2,2025-03-23
2299,3,2025-04-04
2299,4,2025-04-16
2299,5,2025-04-20
2300,1,2026-02-15
2300,2,2026-02-21
2301,1,2025-02-25
2302,1,2025-01-13
2302,2,2025-01-24
2302,3,2025-02-07
2302,4,2025-02-18
2303,1,2026-04-19
2303,2,2026-05-03
2303,3,2026-05-17
2304,1,2026-04-14
2305,1,2026-02-17
2306,1,2025-12-22
2306,2,2025-12-29
2307,1,2026-03-16
2307,2,2026-03-27
2307,3,2026-04-12
2308,1,2026-02-23
2308,2,2026-02-26
2308,3,2026-03-08
2309,1,2025-07-07
2309,2,2025-07-11
2310,1,2025-04-08
2311,1,2025-08-23
2312,1,2025-02-28
2313,1,2026-04-22
2313,2,2026-04-30
2313,3,2026-05-07
2313,4,2026-05-12
2313,5,2026-05-18
2314,1,2025-07-26
2314,2,2025-07-29
2315,1,2026-04-14
2316,1,2026-03-03
2317,1,2026-02-19
2318,1,2025-10-31
2319,1,2025-11-07
2319,2,2025-11-12
2320,1,2025-10-09
2320,2,2025-10-13
2320,3,2025-10-26
2320,4,2025-11-10
2320,5,2025-11-14
2321,1,2025-01-14
2321,2,2025-01-26
2322,1,2025-03-24
2322,2,2025-04-01
2322,3,2025-04-05
2322,4,2025-04-15
2322,5,2025-04-18
2323,1,2025-10-17
2323,2,2025-10-25
2324,1,2025-02-09
2324,2,2025-02-13
2325,1,2026-04-14
2326,1,2025-04-23
2327,1,2026-05-06
2327,2,2026-05-10
2328,1,2026-01-30
2329,1,2026-03-25
2330,1,2025-08-30
2331,1,2025-01-11
2332,1,2025-04-01
2333,1,2026-04-22
2333,2,2026-05-02
2334,1,2025-06-02
2335,1,2026-01-25
2335,2,2026-02-06
2335,3,2026-02-16
2336,1,2025-08-31
2337,1,2025-06-13
2338,1,2025-06-20
2338,2,2025-06-22
2338,3,2025-06-30
2339,1,2025-02-15
2339,2,2025-02-21
2340,1,2025-03-18
2341,1,2025-01-31
2342,1,2026-05-12
2343,1,2026-03-03
2344,1,2026-05-29
2344,2,2026-06-03
2344,3,2026-06-14
2344,4,2026-06-26
2345,1,2025-03-21
2345,2,2025-03-26
2345,3,2025-03-31
2346,1,2025-12-08
2346,2,2025-12-16
2347,1,2025-05-02
2348,1,2025-06-17
2348,2,2025-06-19
2348,3,2025-06-28
2348,4,2025-07-04
2348,5,2025-07-07
2349,1,2025-02-20
2349,2,2025-02-25
2350,1,2026-05-30
2351,1,2026-02-20
2351,2,2026-02-27
2351,3,2026-03-17
2352,1,2025-04-15
2352,2,2025-04-19
2353,1,2025-05-02
2353,2,2025-05-06
2353,3,2025-05-12
2354,1,2026-02-23
2355,1,2025-10-11
2356,1,2026-03-11
2356,2,2026-03-22
2357,1,2025-05-07
2357,2,2025-05-12
2357,3,2025-05-18
2358,1,2026-04-01
2358,2,2026-04-07
2359,1,2025-05-26
2359,2,2025-06-01
2360,1,2025-03-12
2360,2,2025-03-19
2360,3,2025-04-01
2361,1,2025-12-24
2362,1,2026-05-03
2363,1,2025-09-22
2364,1,2026-05-17
2364,2,2026-05-27
2365,1,2025-06-04
2365,2,2025-06-09
2366,1,2025-02-16
2367,1,2025-08-11
2368,1,2026-03-16
2368,2,2026-03-27
2368,3,2026-04-11
2368,4,2026-05-01
2368,5,2026-05-12
2369,1,2026-03-08
2369,2,2026-03-17
2369,3,2026-04-02
2370,1,2025-05-15
2371,1,2025-08-28
2371,2,2025-08-31
2372,1,2025-05-20
2373,1,2025-02-03
2374,1,2025-10-13
2375,1,2026-01-03
2375,2,2026-01-06
2375,3,2026-01-16
2376,1,2026-01-07
2377,1,2025-10-29
2378,1,2025-06-24
2379,1,2026-02-25
2380,1,2025-11-05
2381,1,2026-03-10
2382,1,2025-11-14
2382,2,2025-11-20
2382,3,2025-12-01
2382,4,2025-12-08
2382,5,2025-12-11
2383,1,2025-10-05
2383,2,2025-10-14
2384,1,2025-11-05
2385,1,2025-09-30
2386,1,2025-05-07
2386,2,2025-05-13
2386,3,2025-05-19
2386,4,2025-05-30
2386,5,2025-06-01
2387,1,2026-03-26
2387,2,2026-03-30
2387,3,2026-04-10
2387,4,2026-04-19
2387,5,2026-04-24
2388,1,2026-03-01
2389,1,2026-03-16
2390,1,2026-03-22
2390,2,2026-03-25
2390,3,2026-03-31
2390,4,2026-04-10
2391,1,2026-04-04
2391,2,2026-04-13
2392,1,2026-05-14
2393,1,2026-05-28
2394,1,2025-02-18
2395,1,2025-02-16
2395,2,2025-03-02
2395,3,2025-03-14
2395,4,2025-04-03
2395,5,2025-04-14
2396,1,2026-05-16
2396,2,2026-05-26
2397,1,2026-02-14
2398,1,2026-02-04
2399,1,2026-04-12
2399,2,2026-04-21
2400,1,2025-10-21
2401,1,2025-08-10
2402,1,2025-03-15
2402,2,2025-03-22
2402,3,2025-04-02
2402,4,2025-04-16
2402,5,2025-04-19
2403,1,2025-11-07
2404,1,2025-02-28
2405,1,2025-12-24
2405,2,2025-12-29
2406,1,2025-05-21
2406,2,2025-05-29
2407,1,2026-01-27
2408,1,2025-09-01
2409,1,2025-09-08
2409,2,2025-09-17
2409,3,2025-09-22
2410,1,2025-05-14
2410,2,2025-05-22
2410,3,2025-05-30
2410,4,2025-06-15
2410,5,2025-06-22
2411,1,2026-03-03
2411,2,2026-03-11
2412,1,2026-03-04
2413,1,2025-03-14
2414,1,2026-04-21
2415,1,2025-07-17
2415,2,2025-07-27
2416,1,2025-02-01
2416,2,2025-02-08
2416,3,2025-02-13
2417,1,2025-01-06
2418,1,2026-04-25
2418,2,2026-05-02
2418,3,2026-05-10
2419,1,2025-05-31
2419,2,2025-06-10
2420,1,2026-02-27
2421,1,2025-09-22
2422,1,2026-02-20
2422,2,2026-03-03
2423,1,2025-06-24
2424,1,2026-05-27
2424,2,2026-06-04
2425,1,2025-07-25
2425,2,2025-07-29
2425,3,2025-08-08
2426,1,2025-10-25
2427,1,2026-03-17
2428,1,2026-01-16
2429,1,2025-10-17
2430,1,2025-06-12
2430,2,2025-06-23
2430,3,2025-07-08
2431,1,2025-09-12
2432,1,2025-12-11
2433,1,2025-06-15
2434,1,2025-10-02
2434,2,2025-10-09
2435,1,2025-04-04
2435,2,2025-04-18
2436,1,2025-05-22
2437,1,2025-11-27
2437,2,2025-12-04
2438,1,2026-02-10
2439,1,2026-03-28
2440,1,2025-02-20
2440,2,2025-02-28
2441,1,2026-04-03
2441,2,2026-04-08
2441,3,2026-04-21
2441,4,2026-05-01
2441,5,2026-05-04
2442,1,2025-12-14
2442,2,2025-12-21
2442,3,2025-12-26
2443,1,2025-03-31
2444,1,2025-08-31
2444,2,2025-09-05
2444,3,2025-09-14
2445,1,2026-02-22
2446,1,2026-04-02
2446,2,2026-04-08
2446,3,2026-04-17
2447,1,2025-04-06
2448,1,2025-12-10
2448,2,2025-12-19
2449,1,2025-08-31
2449,2,2025-09-10
2450,1,2025-05-27
2451,1,2025-12-16
2452,1,2026-01-21
2453,1,2025-03-09
2453,2,2025-03-15
2453,3,2025-03-26
2453,4,2025-04-10
2453,5,2025-04-14
2454,1,2026-05-05
2455,1,2025-09-16
2456,1,2026-04-12
2457,1,2025-08-19
2457,2,2025-08-27
2457,3,2025-09-07
2458,1,2025-04-14
2458,2,2025-04-21
2459,1,2025-11-23
2460,1,2025-07-30
2460,2,2025-08-04
2460,3,2025-08-08
2460,4,2025-08-16
2460,5,2025-08-21
2461,1,2025-06-03
2461,2,2025-06-08
2462,1,2025-02-04
2463,1,2025-05-04
2464,1,2025-02-17
2465,1,2026-03-03
2466,1,2025-02-05
2467,1,2025-08-09
2468,1,2025-11-04
2469,1,2025-03-04
2470,1,2026-04-16
2471,1,2025-10-23
2471,2,2025-10-29
2471,3,2025-11-04
2471,4,2025-11-09
2471,5,2025-11-13
2472,1,2026-04-19
2473,1,2025-06-10
2474,1,2026-04-08
2474,2,2026-04-18
2474,3,2026-04-27
2474,4,2026-05-12
2474,5,2026-05-17
2475,1,2025-03-11
2475,2,2025-03-16
2476,1,2025-05-28
2476,2,2025-06-03
2476,3,2025-06-15
2477,1,2025-04-24
2477,2,2025-05-02
2478,1,2025-11-07
2479,1,2026-03-04
2479,2,2026-03-11
2479,3,2026-03-22
2479,4,2026-04-02
2479,5,2026-04-06
2480,1,2025-03-07
2480,2,2025-03-10
2481,1,2025-08-17
2481,2,2025-08-24
2481,3,2025-09-05
2481,4,2025-09-12
2482,1,2025-07-12
2482,2,2025-07-17
2483,1,2025-08-21
2483,2,2025-08-25
2483,3,2025-08-31
2484,1,2025-09-08
2484,2,2025-09-14
2484,3,2025-09-25
2484,4,2025-10-07
2484,5,2025-10-11
2485,1,2025-03-26
2486,1,2026-03-12
2486,2,2026-03-19
2486,3,2026-03-31
2486,4,2026-04-10
2486,5,2026-04-13
2487,1,2025-05-01
2488,1,2026-04-12
2489,1,2025-03-21
2490,1,2025-10-20
2490,2,2025-10-24
2490,3,2025-10-30
2490,4,2025-11-10
2490,5,2025-11-14
2491,1,2026-05-04
2492,1,2025-04-13
2492,2,2025-04-17
2493,1,2026-01-22
2493,2,2026-01-29
2494,1,2025-06-11
2495,1,2026-01-14
2496,1,2025-08-28
2497,1,2026-05-04
2497,2,2026-05-10
2498,1,2025-05-14
2498,2,2025-05-19
2498,3,2025-06-02
2498,4,2025-06-13
2498,5,2025-06-20
2499,1,2026-01-01
2500,1,2025-09-21
2501,1,2025-05-22
2502,1,2025-12-27
2502,2,2026-01-02
2502,3,2026-01-10
2503,1,2026-03-07
2503,2,2026-03-12
2503,3,2026-03-20
2503,4,2026-03-31
2503,5,2026-04-08
2504,1,2025-03-19
2505,1,2025-03-27
2506,1,2025-06-06
2506,2,2025-06-10
2507,1,2025-03-05
2508,1,2026-01-25
2508,2,2026-01-31
2509,1,2025-06-08
2510,1,2026-04-08
2511,1,2025-02-16
2512,1,2026-03-11
2512,2,2026-03-17
2513,1,2025-07-07
2514,1,2025-03-05
2514,2,2025-03-10
2514,3,2025-03-16
2514,4,2025-03-25
2514,5,2025-04-02
2515,1,2026-03-15
2516,1,2025-03-06
2517,1,2025-11-27
2518,1,2025-11-24
2518,2,2025-11-29
2518,3,2025-12-17
2519,1,2025-07-21
2519,2,2025-07-30
2519,3,2025-08-10
2520,1,2026-03-22
2521,1,2025-03-02
2522,1,2026-05-28
2523,1,2025-05-12
2523,2,2025-05-17
2524,1,2025-03-21
2525,1,2025-07-02
2525,2,2025-07-06
2526,1,2025-10-05
2527,1,2025-03-10
2528,1,2025-01-28
2528,2,2025-02-02
2529,1,2025-01-04
2529,2,2025-01-10
2530,1,2025-10-03
2530,2,2025-10-13
2531,1,2025-08-20
2532,1,2025-06-13
2533,1,2025-09-10
2533,2,2025-09-18
2534,1,2025-12-16
2535,1,2025-08-14
2536,1,2025-09-07
2537,1,2025-07-20
2538,1,2025-01-22
2539,1,2025-04-22
2540,1,2025-11-18
2540,2,2025-12-02
2540,3,2025-12-16
2540,4,2025-12-25
2540,5,2026-01-08
2541,1,2025-10-07
2542,1,2026-01-20
2542,2,2026-01-29
2542,3,2026-02-05
2543,1,2025-08-06
2544,1,2025-04-09
2544,2,2025-04-20
2544,3,2025-05-06
2545,1,2026-05-23
2545,2,2026-05-28
2546,1,2026-01-25
2547,1,2025-03-30
2547,2,2025-04-04
2547,3,2025-04-13
2547,4,2025-05-03
2547,5,2025-05-08
2548,1,2025-05-26
2548,2,2025-06-03
2548,3,2025-06-11
2548,4,2025-06-17
2548,5,2025-06-20
2549,1,2025-09-05
2549,2,2025-09-13
2549,3,2025-09-17
2549,4,2025-09-25
2549,5,2025-10-02
2550,1,2025-01-03
2550,2,2025-01-06
2551,1,2026-03-12
2552,1,2025-12-06
2552,2,2025-12-09
2552,3,2025-12-16
2552,4,2025-12-28
2552,5,2026-01-01
2553,1,2026-05-21
2554,1,2025-05-17
2555,1,2026-02-12
2555,2,2026-02-21
2555,3,2026-03-07
2556,1,2025-08-26
2557,1,2025-06-22
2557,2,2025-07-02
2558,1,2025-12-13
2558,2,2025-12-17
2558,3,2025-12-30
2558,4,2026-01-15
2558,5,2026-01-21
2559,1,2025-07-13
2560,1,2026-03-12
2561,1,2025-08-07
2561,2,2025-08-11
2562,1,2025-03-10
2563,1,2025-07-27
2564,1,2026-02-16
2565,1,2026-05-03
2566,1,2025-04-02
2566,2,2025-04-07
2567,1,2026-04-05
2568,1,2025-11-06
2569,1,2025-09-29
2570,1,2025-03-28
2570,2,2025-04-08
2571,1,2025-05-21
2572,1,2026-05-08
2572,2,2026-05-16
2572,3,2026-05-24
2572,4,2026-06-07
2572,5,2026-06-15
2573,1,2025-10-27
2574,1,2025-11-25
2575,1,2025-12-19
2575,2,2025-12-22
2575,3,2026-01-01
2576,1,2026-01-27
2577,1,2025-12-24
2577,2,2025-12-31
2577,3,2026-01-05
2577,4,2026-01-18
2578,1,2026-05-11
2578,2,2026-05-21
2579,1,2025-03-13
2580,1,2025-09-29
2580,2,2025-10-04
2580,3,2025-10-18
2581,1,2025-03-27
2582,1,2025-04-18
2582,2,2025-04-30
2582,3,2025-05-15
2582,4,2025-05-26
2583,1,2025-04-25
2584,1,2025-05-16
2584,2,2025-05-19
2584,3,2025-05-28
2584,4,2025-06-14
2584,5,2025-06-20
2585,1,2025-06-15
2585,2,2025-06-19
2586,1,2025-05-11
2586,2,2025-05-19
2586,3,2025-06-01
2586,4,2025-06-17
2586,5,2025-06-20
2587,1,2025-12-09
2588,1,2025-08-07
2588,2,2025-08-16
2589,1,2025-12-16
2589,2,2025-12-23
2590,1,2025-10-16
2590,2,2025-10-20
2590,3,2025-11-03
2591,1,2025-04-18
2592,1,2025-05-18
2592,2,2025-05-22
2593,1,2026-01-17
2594,1,2026-01-02
2594,2,2026-01-14
2595,1,2025-07-17
2595,2,2025-07-19
2596,1,2025-09-23
2596,2,2025-10-04
2597,1,2025-08-24
2597,2,2025-08-27
2597,3,2025-09-04
2598,1,2025-02-13
2598,2,2025-02-17
2598,3,2025-02-22
2598,4,2025-03-05
2598,5,2025-03-09
2599,1,2025-01-01
2600,1,2025-08-11
2600,2,2025-08-18
2600,3,2025-08-31
2600,4,2025-09-06
2600,5,2025-09-15
2601,1,2025-01-07
2601,2,2025-01-13
2601,3,2025-01-23
2601,4,2025-02-01
2601,5,2025-02-03
2602,1,2025-11-25
2603,1,2025-10-29
2604,1,2025-07-14
2605,1,2025-07-04
2605,2,2025-07-12
2605,3,2025-07-25
2606,1,2025-11-17
2607,1,2025-11-08
2608,1,2025-11-14
2608,2,2025-11-17
2608,3,2025-11-28
2609,1,2025-07-14
2610,1,2025-08-15
2611,1,2025-09-13
2611,2,2025-09-17
2612,1,2026-02-07
2613,1,2025-05-15
2614,1,2025-06-08
2615,1,2026-05-24
2616,1,2025-01-14
2617,1,2026-01-29
2617,2,2026-02-07
2617,3,2026-02-21
2618,1,2025-11-29
2619,1,2025-04-15
2619,2,2025-04-25
2620,1,2025-11-11
2621,1,2025-05-13
2622,1,2026-02-06
2622,2,2026-02-15
2623,1,2026-05-15
2624,1,2025-06-08
2624,2,2025-06-12
2625,1,2025-06-06
2625,2,2025-06-17
2626,1,2026-05-16
2626,2,2026-05-19
2627,1,2025-05-16
2628,1,2026-04-05
2628,2,2026-04-11
2629,1,2025-12-08
2630,1,2026-02-22
2631,1,2025-08-01
2632,1,2025-06-13
2632,2,2025-06-16
2632,3,2025-06-25
2633,1,2025-03-17
2633,2,2025-03-20
2634,1,2025-08-06
2635,1,2026-01-16
2636,1,2025-08-18
2637,1,2025-11-02
2638,1,2025-04-25
2639,1,2026-03-29
2640,1,2026-02-19
2641,1,2025-10-09
2641,2,2025-10-13
2642,1,2025-01-28
2642,2,2025-02-01
2642,3,2025-02-06
2643,1,2026-03-04
2644,1,2026-04-26
2645,1,2025-05-07
2646,1,2026-03-03
2646,2,2026-03-11
2646,3,2026-03-17
2647,1,2025-07-27
2648,1,2025-05-03
2649,1,2025-11-07
2649,2,2025-11-14
2650,1,2025-02-24
2650,2,2025-03-01
2650,3,2025-03-14
2651,1,2025-10-01
2652,1,2025-07-25
2652,2,2025-07-29
2653,1,2026-02-25
2654,1,2025-12-02
2655,1,2025-03-31
2656,1,2025-01-05
2656,2,2025-01-08
2657,1,2026-05-07
2658,1,2025-05-24
2658,2,2025-06-07
2658,3,2025-06-18
2659,1,2025-11-26
2659,2,2025-12-03
2660,1,2025-06-08
2661,1,2025-10-23
2662,1,2026-04-22
2663,1,2025-07-08
2663,2,2025-07-11
2664,1,2025-10-26
2665,1,2025-10-10
2665,2,2025-10-16
2666,1,2025-11-28
2667,1,2025-10-03
2668,1,2025-08-07
2669,1,2025-12-02
2669,2,2025-12-06
2669,3,2025-12-13
2670,1,2025-11-30
2671,1,2026-04-16
2672,1,2025-04-07
2673,1,2025-04-08
2673,2,2025-04-12
2673,3,2025-04-19
2674,1,2025-07-31
2675,1,2026-05-16
2675,2,2026-05-24
2675,3,2026-05-30
2676,1,2025-03-20
2677,1,2025-03-28
2677,2,2025-04-07
2678,1,2026-04-25
2679,1,2025-03-22
2679,2,2025-03-29
2680,1,2025-07-31
2681,1,2026-04-07
2682,1,2026-02-11
2682,2,2026-02-21
2682,3,2026-03-05
2682,4,2026-03-14
2682,5,2026-03-24
2683,1,2025-04-28
2683,2,2025-05-04
2684,1,2025-08-03
2685,1,2025-12-11
2685,2,2025-12-16
2685,3,2025-12-21
2686,1,2026-04-19
2686,2,2026-04-27
2686,3,2026-05-05
2686,4,2026-05-16
2686,5,2026-05-18
2687,1,2025-03-12
2688,1,2025-05-31
2689,1,2025-11-22
2690,1,2026-02-08
2691,1,2025-05-30
2692,1,2025-11-23
2692,2,2025-11-28
2692,3,2025-12-04
2692,4,2025-12-16
2692,5,2025-12-22
2693,1,2025-02-08
2693,2,2025-02-13
2693,3,2025-02-28
2693,4,2025-03-19
2693,5,2025-03-27
2694,1,2026-01-16
2695,1,2026-01-11
2696,1,2025-03-30
2696,2,2025-04-07
2696,3,2025-04-13
2696,4,2025-04-25
2696,5,2025-05-04
2697,1,2025-12-28
2697,2,2026-01-05
2698,1,2025-10-18
2699,1,2025-09-07
2699,2,2025-09-11
2699,3,2025-09-21
2699,4,2025-10-01
2699,5,2025-10-07
2700,1,2025-02-19
2701,1,2025-09-14
2702,1,2026-03-03
2703,1,2025-04-09
2703,2,2025-04-17
2704,1,2025-09-10
2705,1,2025-03-05
2705,2,2025-03-13
2706,1,2025-09-28
2706,2,2025-10-04
2707,1,2025-11-13
2707,2,2025-11-16
2708,1,2025-09-12
2709,1,2025-08-12
2710,1,2026-04-27
2710,2,2026-05-11
2711,1,2025-05-12
2712,1,2025-11-14
2713,1,2025-11-20
2713,2,2025-11-27
2714,1,2025-06-08
2714,2,2025-06-19
2715,1,2025-09-23
2716,1,2025-04-09
2716,2,2025-04-17
2717,1,2025-09-17
2717,2,2025-09-24
2717,3,2025-10-04
2717,4,2025-10-14
2717,5,2025-10-18
2718,1,2026-02-11
2718,2,2026-02-15
2718,3,2026-03-02
2718,4,2026-03-16
2718,5,2026-03-20
2719,1,2025-08-18
2720,1,2025-04-30
2720,2,2025-05-07
2721,1,2025-11-12
2721,2,2025-11-22
2722,1,2025-02-10
2722,2,2025-02-15
2722,3,2025-02-22
2723,1,2026-02-01
2724,1,2026-05-21
2725,1,2025-05-25
2726,1,2025-06-16
2727,1,2026-04-05
2728,1,2026-03-15
2729,1,2025-03-29
2729,2,2025-04-09
2730,1,2025-03-20
2730,2,2025-03-25
2731,1,2026-04-12
2731,2,2026-04-15
2731,3,2026-04-25
2732,1,2026-01-10
2732,2,2026-01-19
2732,3,2026-02-01
2732,4,2026-02-17
2732,5,2026-02-20
2733,1,2025-04-25
2734,1,2025-12-15
2735,1,2026-01-03
2735,2,2026-01-11
2735,3,2026-01-19
2736,1,2025-11-01
2736,2,2025-11-09
2737,1,2025-10-07
2738,1,2025-10-06
2739,1,2025-01-20
2740,1,2025-03-05
2741,1,2025-04-14
2741,2,2025-04-19
2742,1,2025-07-06
2742,2,2025-07-10
2742,3,2025-07-22
2743,1,2026-04-02
2744,1,2025-11-12
2744,2,2025-11-26
2745,1,2026-01-27
2745,2,2026-02-02
2745,3,2026-02-12
2745,4,2026-02-24
2745,5,2026-03-03
2746,1,2025-06-06
2746,2,2025-06-14
2747,1,2025-07-17
2747,2,2025-07-28
2747,3,2025-08-04
2748,1,2026-04-13
2748,2,2026-04-22
2749,1,2025-07-10
2749,2,2025-07-14
2750,1,2026-04-23
2751,1,2026-03-29
2751,2,2026-04-02
2752,1,2025-07-01
2753,1,2025-10-02
2754,1,2025-09-26
2754,2,2025-10-06
2755,1,2026-05-09
2756,1,2025-12-01
2756,2,2025-12-08
2757,1,2025-03-22
2757,2,2025-03-31
2757,3,2025-04-12
2757,4,2025-04-24
2757,5,2025-04-30
2758,1,2025-05-17
2759,1,2026-02-05
2760,1,2025-12-17
2760,2,2025-12-22
2760,3,2025-12-30
2761,1,2025-01-14
2762,1,2026-02-12
2763,1,2025-10-07
2763,2,2025-10-11
2763,3,2025-10-18
2763,4,2025-10-25
2763,5,2025-10-31
2764,1,2026-02-09
2764,2,2026-02-11
2764,3,2026-02-21
2764,4,2026-03-03
2764,5,2026-03-11
2765,1,2025-01-05
2765,2,2025-01-08
2765,3,2025-01-16
2765,4,2025-01-24
2766,1,2025-12-31
2767,1,2026-02-02
2767,2,2026-02-07
2767,3,2026-02-19
2767,4,2026-03-02
2767,5,2026-03-08
2768,1,2026-03-05
2768,2,2026-03-09
2769,1,2025-11-17
2769,2,2025-11-25
2769,3,2025-12-07
2769,4,2025-12-25
2769,5,2026-01-05
2770,1,2025-06-15
2770,2,2025-06-26
2771,1,2026-02-21
2772,1,2025-06-24
2773,1,2026-02-09
2774,1,2026-01-13
2774,2,2026-01-25
2774,3,2026-02-05
2774,4,2026-02-16
2774,5,2026-02-25
2775,1,2025-09-28
2776,1,2025-03-22
2777,1,2025-07-29
2777,2,2025-08-07
2777,3,2025-08-14
2778,1,2026-04-25
2779,1,2025-08-21
2780,1,2025-01-17
2781,1,2025-11-30
2781,2,2025-12-12
2781,3,2025-12-23
2781,4,2026-01-10
2781,5,2026-01-17
2782,1,2025-02-25
2782,2,2025-03-05
2783,1,2025-01-05
2783,2,2025-01-09
2784,1,2026-03-19
2785,1,2025-06-29
2785,2,2025-07-07
2786,1,2025-10-16
2786,2,2025-10-22
2787,1,2025-12-18
2787,2,2025-12-25
2788,1,2025-10-27
2788,2,2025-11-06
2788,3,2025-11-14
2789,1,2026-01-27
2790,1,2025-04-07
2790,2,2025-04-12
2790,3,2025-04-19
2790,4,2025-05-01
2790,5,2025-05-06
2791,1,2026-01-31
2791,2,2026-02-03
2791,3,2026-02-09
2792,1,2026-05-07
2792,2,2026-05-10
2793,1,2025-01-13
2793,2,2025-01-16
2793,3,2025-01-26
2794,1,2026-03-22
2794,2,2026-03-28
2795,1,2025-07-07
2796,1,2025-09-15
2797,1,2025-09-06
2797,2,2025-09-09
2798,1,2026-02-25
2799,1,2025-05-23
2800,1,2025-03-02
2800,2,2025-03-06
2800,3,2025-03-10
2801,1,2025-07-18
2802,1,2026-03-08
2803,1,2026-05-12
2803,2,2026-05-16
2803,3,2026-05-23
2804,1,2025-04-11
2804,2,2025-04-18
2804,3,2025-04-27
2805,1,2025-09-20
2806,1,2025-07-23
2806,2,2025-07-27
2806,3,2025-08-10
2806,4,2025-08-26
2806,5,2025-08-31
2807,1,2025-11-24
2807,2,2025-12-01
2808,1,2025-12-08
2809,1,2025-05-06
2810,1,2025-04-05
2811,1,2026-03-01
2812,1,2025-07-26
2813,1,2025-01-17
2813,2,2025-01-19
2814,1,2026-04-30
2814,2,2026-05-08
2815,1,2026-05-20
2815,2,2026-05-28
2816,1,2026-03-22
2817,1,2025-10-21
2817,2,2025-10-24
2818,1,2026-01-30
2819,1,2025-09-24
2819,2,2025-09-30
2819,3,2025-10-10
2819,4,2025-10-19
2819,5,2025-10-26
2820,1,2025-11-10
2821,1,2026-05-03
2822,1,2025-02-15
2822,2,2025-02-20
2823,1,2025-06-22
2824,1,2025-03-12
2825,1,2025-11-21
2826,1,2025-07-01
2827,1,2025-05-01
2827,2,2025-05-05
2828,1,2025-09-27
2828,2,2025-10-05
2828,3,2025-10-15
2829,1,2026-01-05
2830,1,2025-07-03
2831,1,2025-01-15
2831,2,2025-01-20
2831,3,2025-01-28
2831,4,2025-02-04
2831,5,2025-02-14
2832,1,2025-04-01
2832,2,2025-04-08
2832,3,2025-04-18
2833,1,2026-03-21
2834,1,2025-01-29
2834,2,2025-02-07
2835,1,2025-08-05
2836,1,2026-04-24
2837,1,2025-04-28
2838,1,2025-08-04
2839,1,2026-01-22
2839,2,2026-01-27
2840,1,2025-06-21
2840,2,2025-06-26
2841,1,2025-08-07
2842,1,2025-07-05
2843,1,2025-06-30
2843,2,2025-07-06
2843,3,2025-07-14
2843,4,2025-07-19
2843,5,2025-07-26
2844,1,2025-10-18
2845,1,2025-04-10
2845,2,2025-04-14
2846,1,2025-11-06
2846,2,2025-11-14
2846,3,2025-11-28
2847,1,2025-09-27
2847,2,2025-10-06
2847,3,2025-10-13
2847,4,2025-10-24
2847,5,2025-10-29
2848,1,2025-05-24
2849,1,2025-01-01
2849,2,2025-01-05
2849,3,2025-01-15
2850,1,2026-01-16
2850,2,2026-01-26
2850,3,2026-01-31
2851,1,2025-08-28
2852,1,2025-04-07
2852,2,2025-04-21
2852,3,2025-05-03
2852,4,2025-05-18
2852,5,2025-05-25
2853,1,2026-04-17
2854,1,2025-05-24
2855,1,2025-06-15
2855,2,2025-06-22
2856,1,2025-02-07
2857,1,2025-07-08
2857,2,2025-07-12
2858,1,2025-06-11
2858,2,2025-06-17
2858,3,2025-06-23
2858,4,2025-06-30
2858,5,2025-07-04
2859,1,2025-01-05
2859,2,2025-01-08
2859,3,2025-01-14
2859,4,2025-01-20
2859,5,2025-01-23
2860,1,2025-10-14
2861,1,2025-03-25
2861,2,2025-03-31
2861,3,2025-04-04
2861,4,2025-04-16
2862,1,2025-10-05
2863,1,2025-10-16
2864,1,2026-02-02
2865,1,2025-10-12
2865,2,2025-10-20
2866,1,2025-05-13
2866,2,2025-05-21
2867,1,2025-06-05
2867,2,2025-06-10
2868,1,2025-11-16
2868,2,2025-11-22
2869,1,2025-03-14
2869,2,2025-03-20
2869,3,2025-03-28
2869,4,2025-04-07
2869,5,2025-04-12
2870,1,2025-11-04
2871,1,2025-10-26
2871,2,2025-11-04
2871,3,2025-11-12
2872,1,2026-01-31
2872,2,2026-02-03
2873,1,2025-12-27
2874,1,2025-03-12
2875,1,2025-12-16
2876,1,2025-11-27
2876,2,2025-12-02
2876,3,2025-12-10
2877,1,2025-06-30
2877,2,2025-07-04
2878,1,2026-01-30
2879,1,2025-11-03
2880,1,2026-03-12
2881,1,2025-11-02
2881,2,2025-11-05
2882,1,2026-04-17
2883,1,2025-09-27
2884,1,2025-08-31
2884,2,2025-09-02
2885,1,2026-02-27
2885,2,2026-03-02
2885,3,2026-03-12
2886,1,2025-04-12
2886,2,2025-04-16
2886,3,2025-04-23
2886,4,2025-05-06
2886,5,2025-05-13
2887,1,2026-03-22
2888,1,2025-05-14
2889,1,2025-09-01
2890,1,2025-10-12
2891,1,2025-10-06
2891,2,2025-10-13
2891,3,2025-10-17
2892,1,2026-01-26
2893,1,2025-05-16
2894,1,2025-07-11
2895,1,2025-04-18
2896,1,2025-01-05
2896,2,2025-01-10
2897,1,2026-02-01
2897,2,2026-02-09
2898,1,2025-04-20
2898,2,2025-04-25
2898,3,2025-05-09
2899,1,2025-08-14
2900,1,2025-08-03
2900,2,2025-08-11
2901,1,2025-06-06
2901,2,2025-06-14
2902,1,2026-01-28
2903,1,2025-11-25
2904,1,2025-08-10
2904,2,2025-08-14
2905,1,2026-05-08
2905,2,2026-05-11
2905,3,2026-05-17
2906,1,2025-07-05
2907,1,2026-02-19
2907,2,2026-02-27
2907,3,2026-03-07
2908,1,2025-03-23
2909,1,2025-02-20
2909,2,2025-02-28
2910,1,2025-10-28
2910,2,2025-11-02
2910,3,2025-11-13
2910,4,2025-11-21
2911,1,2025-02-14
2912,1,2026-04-30
2913,1,2025-12-08
2913,2,2025-12-13
2913,3,2025-12-17
2914,1,2025-03-04
2914,2,2025-03-08
2915,1,2025-09-12
2915,2,2025-09-16
2916,1,2025-02-05
2916,2,2025-02-08
2917,1,2026-04-15
2918,1,2026-03-11
2919,1,2025-04-27
2919,2,2025-05-05
2920,1,2026-01-26
2921,1,2026-04-13
2922,1,2025-07-27
2922,2,2025-08-04
2923,1,2026-05-13
2924,1,2025-02-02
2925,1,2025-12-17
2926,1,2025-09-24
2927,1,2025-12-18
2928,1,2025-04-12
2929,1,2025-09-30
2930,1,2025-11-03
2930,2,2025-11-10
2931,1,2025-06-17
2931,2,2025-06-29
2932,1,2025-08-30
2932,2,2025-09-07
2932,3,2025-09-15
2933,1,2025-06-23
2933,2,2025-06-25
2933,3,2025-07-05
2934,1,2025-07-05
2935,1,2025-05-20
2935,2,2025-05-27
2936,1,2025-03-31
2936,2,2025-04-11
2936,3,2025-04-25
2936,4,2025-05-03
2936,5,2025-05-09
2937,1,2025-05-08
2938,1,2025-10-20
2938,2,2025-10-29
2939,1,2026-04-28
2939,2,2026-05-05
2940,1,2026-01-21
2940,2,2026-01-29
2941,1,2026-02-26
2942,1,2025-06-11
2943,1,2026-03-03
2944,1,2025-10-01
2944,2,2025-10-12
2944,3,2025-10-20
2945,1,2025-01-26
2945,2,2025-01-30
2945,3,2025-02-04
2946,1,2025-08-26
2946,2,2025-08-31
2946,3,2025-09-15
2946,4,2025-10-01
2946,5,2025-10-15
2947,1,2026-02-22
2948,1,2025-01-18
2948,2,2025-01-26
2948,3,2025-02-01
2949,1,2026-02-06
2950,1,2026-05-07
2951,1,2025-07-06
2952,1,2025-05-08
2952,2,2025-05-16
2952,3,2025-05-24
2953,1,2026-01-16
2953,2,2026-01-21
2954,1,2025-09-19
2955,1,2026-02-20
2955,2,2026-03-01
2955,3,2026-03-10
2956,1,2026-03-15
2957,1,2026-04-23
2958,1,2025-01-07
2958,2,2025-01-18
2959,1,2025-08-28
2960,1,2025-05-03
2961,1,2026-01-22
2962,1,2025-09-18
2962,2,2025-09-22
2962,3,2025-09-28
2962,4,2025-10-11
2962,5,2025-10-17
2963,1,2026-03-10
2964,1,2025-09-03
2964,2,2025-09-12
2964,3,2025-09-24
2965,1,2026-02-10
2965,2,2026-02-15
2966,1,2025-10-11
2966,2,2025-10-19
2967,1,2025-08-23
2967,2,2025-08-26
2967,3,2025-09-03
2968,1,2025-05-15
2969,1,2025-04-22
2969,2,2025-04-25
2969,3,2025-04-29
2969,4,2025-05-05
2969,5,2025-05-11
2970,1,2025-07-17
2971,1,2025-06-23
2972,1,2025-04-06
2973,1,2025-01-28
2973,2,2025-02-02
2973,3,2025-02-11
2974,1,2026-05-01
2975,1,2025-08-20
2976,1,2025-11-21
2977,1,2025-02-04
2977,2,2025-02-08
2977,3,2025-02-24
2978,1,2026-01-05
2979,1,2025-04-22
2979,2,2025-04-29
2979,3,2025-05-08
2980,1,2025-12-30
2981,1,2025-07-30
2982,1,2026-04-21
2983,1,2025-07-04
2984,1,2026-01-19
2985,1,2025-08-12
2986,1,2026-02-06
2986,2,2026-02-14
2987,1,2026-04-03
2988,1,2026-03-03
2988,2,2026-03-10
2988,3,2026-03-16
2989,1,2025-11-26
2989,2,2025-12-06
2989,3,2025-12-16
2990,1,2025-08-11
2990,2,2025-08-15
2991,1,2026-02-23
2991,2,2026-03-07
2991,3,2026-03-25
2991,4,2026-04-12
2992,1,2025-04-29
2992,2,2025-05-02
2992,3,2025-05-10
2992,4,2025-05-19
2992,5,2025-05-22
2993,1,2025-09-17
2993,2,2025-09-28
2994,1,2025-01-06
2995,1,2025-01-12
2996,1,2026-04-14
2996,2,2026-04-20
2996,3,2026-04-26
2997,1,2025-03-27
2997,2,2025-04-03
2997,3,2025-04-17
2998,1,2026-03-16
2999,1,2025-03-31
2999,2,2025-04-06
3000,1,2026-04-04
3001,1,2026-04-14
3001,2,2026-04-19
3002,1,2026-01-12
3003,1,2026-05-15
3004,1,2025-06-26
3004,2,2025-06-30
3005,1,2025-05-03
3006,1,2025-02-05
3006,2,2025-02-11
3007,1,2026-03-25
3007,2,2026-04-02
3007,3,2026-04-12
3007,4,2026-04-24
3007,5,2026-05-02
3008,1,2025-05-19
3008,2,2025-05-30
3008,3,2025-06-08
3009,1,2025-02-08
3009,2,2025-02-13
3009,3,2025-02-22
3009,4,2025-03-08
3009,5,2025-03-12
3010,1,2026-02-12
3011,1,2025-12-11
3012,1,2025-09-26
3012,2,2025-10-10
3013,1,2025-06-24
3014,1,2025-08-09
3014,2,2025-08-12
3015,1,2026-04-28
3016,1,2025-03-03
3017,1,2026-05-31
3018,1,2025-04-02
3018,2,2025-04-13
3018,3,2025-04-21
3019,1,2025-07-25
3020,1,2025-12-15
3021,1,2025-03-31
3022,1,2025-06-12
3023,1,2025-02-09
3024,1,2025-06-14
3025,1,2025-02-23
3025,2,2025-02-25
3026,1,2026-01-26
3026,2,2026-01-30
3027,1,2025-01-17
3027,2,2025-01-25
3027,3,2025-02-03
3027,4,2025-02-17
3027,5,2025-02-23
3028,1,2025-05-10
3029,1,2025-06-06
3029,2,2025-06-15
3030,1,2026-04-24
3031,1,2026-01-21
3031,2,2026-01-28
3032,1,2026-02-25
3032,2,2026-03-05
3033,1,2025-03-29
3033,2,2025-04-07
3033,3,2025-04-18
3034,1,2025-02-17
3035,1,2026-02-26
3036,1,2025-08-24
3037,1,2025-02-04
3037,2,2025-02-12
3038,1,2026-02-23
3038,2,2026-02-28
3039,1,2026-03-30
3040,1,2025-07-25
3041,1,2025-05-26
3041,2,2025-05-29
3041,3,2025-06-03
3042,1,2026-02-18
3043,1,2025-08-14
3043,2,2025-08-22
3044,1,2025-05-17
3045,1,2025-02-13
3045,2,2025-02-27
3045,3,2025-03-10
3046,1,2025-07-06
3047,1,2025-03-30
3047,2,2025-04-09
3047,3,2025-04-16
3047,4,2025-04-27
3047,5,2025-05-07
3048,1,2026-02-11
3049,1,2026-01-22
3050,1,2025-06-02
3050,2,2025-06-09
3050,3,2025-06-20
3051,1,2026-04-06
3051,2,2026-04-13
3051,3,2026-04-19
3051,4,2026-04-26
3052,1,2025-08-07
3052,2,2025-08-15
3052,3,2025-08-22
3052,4,2025-09-04
3052,5,2025-09-10
3053,1,2025-11-19
3053,2,2025-11-27
3053,3,2025-12-06
3054,1,2026-02-17
3055,1,2026-01-26
3055,2,2026-02-01
3055,3,2026-02-08
3055,4,2026-02-17
3055,5,2026-02-26
3056,1,2025-06-07
3057,1,2025-02-06
3057,2,2025-02-17
3058,1,2026-01-28
3059,1,2025-03-05
3060,1,2026-03-10
3061,1,2025-11-17
3061,2,2025-11-22
3061,3,2025-11-29
3062,1,2026-03-13
3062,2,2026-03-19
3063,1,2025-08-30
3064,1,2025-09-18
3065,1,2025-04-22
3065,2,2025-05-02
3065,3,2025-05-17
3066,1,2025-08-31
3066,2,2025-09-10
3067,1,2025-05-22
3068,1,2025-07-07
3069,1,2026-05-13
3069,2,2026-05-15
3070,1,2026-03-02
3071,1,2025-01-14
3071,2,2025-01-18
3071,3,2025-01-24
3071,4,2025-02-03
3072,1,2025-07-14
3072,2,2025-07-17
3073,1,2026-01-16
3073,2,2026-01-22
3074,1,2025-03-26
3074,2,2025-04-01
3074,3,2025-04-10
3074,4,2025-04-23
3074,5,2025-04-29
3075,1,2025-04-07
3075,2,2025-04-18
3076,1,2025-11-26
3077,1,2026-01-21
3077,2,2026-01-29
3077,3,2026-02-07
3078,1,2025-09-21
3079,1,2026-05-08
3079,2,2026-05-12
3079,3,2026-05-27
3080,1,2025-12-19
3081,1,2025-07-03
3081,2,2025-07-11
3081,3,2025-07-26
3081,4,2025-08-07
3081,5,2025-08-19
3082,1,2025-12-18
3082,2,2025-12-30
3083,1,2025-09-21
3084,1,2026-05-15
3084,2,2026-05-23
3085,1,2025-02-02
3085,2,2025-02-08
3086,1,2025-12-28
3087,1,2026-02-15
3088,1,2025-03-08
3089,1,2025-08-26
3090,1,2025-06-02
3091,1,2025-12-16
3092,1,2025-06-21
3092,2,2025-07-03
3092,3,2025-07-11
3093,1,2025-12-31
3094,1,2025-03-18
3094,2,2025-03-22
3094,3,2025-03-27
3095,1,2025-08-02
3096,1,2026-02-19
3097,1,2026-02-01
3098,1,2025-02-04
3099,1,2025-02-10
3100,1,2025-04-02
3100,2,2025-04-13
3100,3,2025-04-28
3100,4,2025-05-07
3100,5,2025-05-15
3101,1,2025-08-29
3101,2,2025-09-12
3102,1,2025-06-04
3103,1,2026-04-10
3104,1,2025-09-21
3104,2,2025-09-30
3104,3,2025-10-09
3105,1,2025-08-23
3105,2,2025-08-29
3105,3,2025-09-08
3105,4,2025-09-20
3105,5,2025-09-24
3106,1,2025-03-09
3106,2,2025-03-18
3107,1,2025-03-11
3107,2,2025-03-15
3107,3,2025-03-24
3107,4,2025-04-01
3107,5,2025-04-09
3108,1,2026-01-07
3108,2,2026-01-14
3108,3,2026-01-21
3109,1,2025-11-25
3110,1,2025-12-21
3110,2,2025-12-27
3111,1,2025-08-12
3111,2,2025-08-26
3112,1,2025-04-23
3113,1,2026-05-21
3113,2,2026-05-25
3113,3,2026-06-06
3114,1,2025-04-22
3114,2,2025-04-26
3115,1,2025-05-04
3115,2,2025-05-11
3115,3,2025-05-21
3116,1,2025-04-11
3117,1,2025-08-26
3118,1,2025-10-07
3119,1,2025-02-01
3120,1,2026-04-12
3120,2,2026-04-15
3121,1,2025-02-05
3122,1,2025-11-16
3123,1,2025-05-29
3124,1,2025-09-21
3124,2,2025-09-27
3125,1,2026-02-24
3126,1,2025-05-14
3126,2,2025-05-17
3126,3,2025-05-23
3127,1,2025-03-10
3128,1,2025-04-04
3129,1,2025-09-26
3129,2,2025-10-01
3130,1,2025-10-30
3131,1,2025-09-22
3132,1,2026-05-22
3132,2,2026-05-25
3133,1,2025-02-11
3134,1,2025-12-09
3135,1,2025-07-10
3135,2,2025-07-24
3135,3,2025-08-02
3136,1,2026-05-05
3136,2,2026-05-15
3136,3,2026-05-25
3136,4,2026-06-02
3136,5,2026-06-10
3137,1,2025-06-03
3137,2,2025-06-08
3137,3,2025-06-17
3137,4,2025-06-22
3137,5,2025-06-27
3138,1,2025-07-25
3139,1,2025-02-23
3140,1,2025-03-26
3141,1,2026-01-25
3142,1,2025-03-04
3143,1,2025-02-25
3143,2,2025-03-02
3144,1,2025-08-30
3145,1,2025-02-11
3146,1,2025-06-29
3147,1,2025-04-05
3148,1,2026-02-21
3148,2,2026-03-04
3148,3,2026-03-18
3149,1,2026-03-06
3150,1,2025-11-02
3151,1,2026-05-21
3152,1,2025-03-11
3152,2,2025-03-14
3153,1,2025-01-18
3153,2,2025-01-27
3154,1,2026-05-10
3155,1,2025-04-21
3155,2,2025-04-27
3156,1,2025-06-18
3157,1,2025-04-16
3157,2,2025-04-20
3158,1,2025-06-11
3158,2,2025-06-21
3158,3,2025-06-29
3158,4,2025-07-15
3158,5,2025-07-20
3159,1,2026-05-07
3160,1,2025-05-07
3161,1,2025-01-24
3161,2,2025-01-31
3161,3,2025-02-08
3162,1,2025-03-10
3163,1,2026-04-13
3164,1,2026-05-05
3164,2,2026-05-12
3164,3,2026-05-23
3165,1,2026-02-01
3166,1,2025-03-02
3166,2,2025-03-10
3166,3,2025-03-18
3166,4,2025-04-09
3166,5,2025-04-21
3167,1,2025-11-16
3168,1,2025-06-09
3168,2,2025-06-12
3169,1,2025-06-12
3169,2,2025-06-21
3170,1,2025-02-28
3171,1,2025-10-13
3172,1,2026-05-09
3173,1,2025-10-23
3173,2,2025-10-30
3173,3,2025-11-03
3173,4,2025-11-14
3173,5,2025-11-22
3174,1,2025-07-04
3174,2,2025-07-11
3175,1,2025-07-21
3176,1,2026-01-14
3177,1,2025-03-07
3178,1,2025-09-08
3179,1,2025-03-20
3180,1,2026-03-24
3181,1,2025-07-21
3181,2,2025-07-27
3181,3,2025-08-03
3182,1,2025-08-27
3183,1,2026-01-17
3183,2,2026-01-22
3184,1,2026-02-18
3185,1,2026-03-06
3186,1,2026-02-06
3187,1,2025-12-01
3187,2,2025-12-06
3188,1,2025-07-21
3189,1,2025-03-13
3190,1,2025-09-28
3190,2,2025-10-05
3190,3,2025-10-12
3191,1,2025-10-30
3191,2,2025-11-02
3191,3,2025-11-07
3192,1,2025-10-02
3192,2,2025-10-16
3192,3,2025-10-23
3193,1,2025-05-18
3194,1,2025-11-26
3195,1,2026-03-30
3196,1,2026-02-15
3197,1,2026-01-02
3197,2,2026-01-07
3198,1,2025-08-30
3198,2,2025-09-06
3198,3,2025-09-10
3199,1,2025-01-29
3200,1,2025-06-03
3200,2,2025-06-07
3201,1,2025-08-16
3201,2,2025-08-21
3202,1,2026-02-18
3203,1,2025-12-01
3204,1,2025-10-06
3204,2,2025-10-12
3205,1,2025-04-03
3206,1,2025-08-17
3206,2,2025-08-22
3207,1,2025-10-28
3207,2,2025-11-02
3207,3,2025-11-12
3208,1,2026-04-22
3208,2,2026-04-28
3208,3,2026-05-06
3208,4,2026-05-17
3208,5,2026-05-23
3209,1,2025-07-08
3209,2,2025-07-16
3210,1,2025-09-05
3211,1,2025-10-28
3212,1,2025-05-18
3212,2,2025-05-26
3212,3,2025-06-03
3213,1,2026-03-14
3213,2,2026-03-20
3214,1,2026-04-02
3215,1,2025-06-20
3216,1,2026-01-25
3216,2,2026-02-02
3216,3,2026-02-11
3217,1,2025-02-05
3217,2,2025-02-08
3218,1,2026-01-19
3218,2,2026-01-25
3219,1,2025-11-04
3219,2,2025-11-07
3219,3,2025-11-17
3219,4,2025-11-24
3220,1,2026-01-28
3220,2,2026-02-02
3220,3,2026-02-20
3220,4,2026-03-14
3220,5,2026-03-26
3221,1,2025-10-29
3222,1,2025-12-13
3223,1,2025-12-27
3224,1,2025-02-26
3225,1,2025-05-11
3225,2,2025-05-22
3226,1,2026-03-22
3227,1,2026-03-14
3228,1,2025-10-28
3228,2,2025-11-03
3228,3,2025-11-15
3229,1,2025-04-11
3230,1,2025-08-15
3230,2,2025-08-23
3231,1,2025-06-25
3232,1,2026-03-19
3232,2,2026-03-27
3233,1,2025-04-28
3233,2,2025-05-06
3233,3,2025-05-17
3234,1,2025-12-21
3234,2,2025-12-25
3234,3,2026-01-01
3235,1,2025-07-27
3236,1,2025-08-30
3236,2,2025-09-03
3237,1,2026-05-15
3237,2,2026-05-24
3238,1,2025-05-20
3238,2,2025-05-29
3238,3,2025-06-08
3238,4,2025-06-17
3238,5,2025-06-22
3239,1,2025-07-13
3239,2,2025-07-19
3240,1,2025-01-09
3240,2,2025-01-13
3240,3,2025-01-23
3240,4,2025-02-04
3240,5,2025-02-13
3241,1,2025-01-15
3242,1,2025-04-15
3243,1,2025-11-14
3243,2,2025-11-20
3244,1,2025-10-20
3244,2,2025-10-28
3245,1,2025-05-12
3245,2,2025-05-16
3246,1,2025-01-29
3247,1,2026-02-13
3247,2,2026-02-20
3248,1,2025-06-13
3248,2,2025-06-21
3248,3,2025-07-01
3248,4,2025-07-14
3248,5,2025-07-20
3249,1,2025-08-24
3249,2,2025-08-29
3249,3,2025-09-06
3249,4,2025-09-22
3249,5,2025-09-30
3250,1,2026-05-17
3251,1,2025-03-21
3251,2,2025-03-24
3252,1,2026-02-13
3253,1,2025-09-09
3253,2,2025-09-19
3253,3,2025-10-02
3254,1,2025-12-07
3254,2,2025-12-16
3254,3,2025-12-29
3254,4,2026-01-06
3255,1,2025-08-08
3255,2,2025-08-14
3256,1,2026-01-27
3257,1,2025-04-13
3258,1,2025-10-05
3259,1,2025-07-27
3260,1,2025-03-03
3260,2,2025-03-09
3261,1,2026-04-13
3261,2,2026-04-18
3261,3,2026-04-23
3262,1,2026-05-01
3262,2,2026-05-05
3262,3,2026-05-13
3262,4,2026-05-20
3263,1,2026-03-21
3263,2,2026-03-25
3264,1,2026-04-29
3265,1,2026-05-30
3265,2,2026-06-07
3265,3,2026-06-13
3265,4,2026-06-26
3265,5,2026-06-30
3266,1,2025-01-16
3266,2,2025-01-28
3266,3,2025-02-05
3267,1,2025-10-23
3268,1,2025-02-21
3269,1,2025-01-02
3270,1,2026-04-13
3270,2,2026-04-25
3271,1,2025-01-22
3271,2,2025-01-26
3272,1,2025-03-14
3273,1,2026-04-05
3274,1,2026-05-11
3275,1,2025-02-19
3275,2,2025-02-28
3275,3,2025-03-08
3275,4,2025-03-22
3275,5,2025-03-28
3276,1,2025-11-19
3276,2,2025-11-22
3276,3,2025-11-28
3276,4,2025-12-10
3276,5,2025-12-18
3277,1,2025-03-15
3278,1,2025-05-11
3279,1,2025-09-08
3279,2,2025-09-13
3280,1,2026-03-16
3281,1,2025-10-21
3282,1,2025-12-13
3282,2,2025-12-21
3283,1,2025-09-01
3284,1,2026-01-06
3285,1,2025-12-30
3286,1,2026-04-29
3286,2,2026-05-07
3287,1,2025-05-25
3287,2,2025-05-31
3287,3,2025-06-04
3288,1,2025-10-15
3289,1,2025-12-19
3290,1,2026-03-10
3291,1,2025-12-19
3292,1,2025-05-04
3292,2,2025-05-10
3292,3,2025-05-16
3293,1,2026-04-27
3294,1,2026-02-06
3294,2,2026-02-11
3294,3,2026-02-21
3294,4,2026-03-06
3294,5,2026-03-09
3295,1,2025-01-30
3296,1,2025-10-24
3296,2,2025-10-26
3296,3,2025-11-04
3296,4,2025-11-11
3296,5,2025-11-17
3297,1,2026-02-21
3298,1,2026-01-30
3298,2,2026-02-05
3299,1,2025-02-02
3300,1,2025-05-11
3300,2,2025-05-18
3301,1,2025-11-12
3302,1,2025-01-18
3302,2,2025-01-22
3302,3,2025-01-27
3303,1,2026-04-03
3303,2,2026-04-09
3304,1,2025-11-13
3304,2,2025-11-18
3304,3,2025-11-23
3304,4,2025-12-09
3305,1,2026-04-06
3306,1,2025-12-29
3306,2,2026-01-06
3306,3,2026-01-18
3307,1,2025-01-13
3307,2,2025-01-20
3307,3,2025-01-28
3307,4,2025-02-10
3308,1,2025-10-19
3309,1,2025-11-01
3310,1,2025-07-09
3311,1,2025-10-28
3312,1,2025-02-22
3313,1,2025-07-30
3313,2,2025-08-02
3314,1,2025-09-25
3315,1,2025-01-22
3315,2,2025-01-26
3316,1,2025-01-15
3317,1,2025-10-05
3317,2,2025-10-12
3317,3,2025-10-18
3318,1,2025-08-30
3319,1,2025-03-08
3319,2,2025-03-11
3320,1,2025-05-27
3321,1,2026-04-25
3321,2,2026-05-01
3321,3,2026-05-10
3322,1,2026-02-03
3323,1,2025-07-31
3324,1,2025-03-06
3324,2,2025-03-15
3324,3,2025-03-27
3325,1,2026-05-09
3326,1,2025-12-14
3326,2,2025-12-19
3326,3,2025-12-26
3327,1,2025-07-23
3328,1,2025-02-23
3328,2,2025-03-01
3328,3,2025-03-07
3329,1,2025-09-20
3329,2,2025-09-28
3330,1,2025-02-27
3330,2,2025-03-11
3330,3,2025-03-22
3331,1,2025-08-31
3332,1,2026-03-12
3333,1,2025-07-12
3334,1,2025-02-10
3335,1,2026-01-07
3335,2,2026-01-14
3336,1,2026-01-11
3336,2,2026-01-20
3337,1,2025-11-10
3338,1,2025-09-13
3338,2,2025-09-17
3338,3,2025-09-30
3338,4,2025-10-10
3338,5,2025-10-15
3339,1,2025-10-06
3339,2,2025-10-09
3339,3,2025-10-13
3339,4,2025-10-21
3339,5,2025-10-29
3340,1,2025-06-21
3340,2,2025-06-26
3340,3,2025-07-06
3340,4,2025-07-14
3340,5,2025-07-16
3341,1,2025-09-10
3342,1,2025-04-28
3343,1,2026-04-02
3343,2,2026-04-14
3344,1,2025-04-03
3344,2,2025-04-09
3344,3,2025-04-17
3344,4,2025-04-25
3344,5,2025-04-29
3345,1,2026-04-20
3345,2,2026-04-28
3346,1,2026-04-16
3346,2,2026-04-26
3346,3,2026-05-03
3347,1,2025-06-05
3348,1,2026-03-08
3348,2,2026-03-17
3348,3,2026-03-28
3348,4,2026-04-11
3349,1,2026-02-08
3349,2,2026-02-16
3350,1,2026-02-18
3351,1,2026-04-21
3352,1,2025-12-09
3353,1,2025-01-06
3353,2,2025-01-09
3354,1,2026-01-07
3354,2,2026-01-10
3355,1,2025-11-21
3355,2,2025-11-27
3356,1,2025-08-30
3357,1,2025-01-12
3357,2,2025-01-18
3357,3,2025-01-28
3358,1,2025-01-17
3358,2,2025-01-29
3358,3,2025-02-04
3358,4,2025-02-23
3358,5,2025-02-28
3359,1,2025-05-16
3359,2,2025-05-25
3359,3,2025-06-10
3360,1,2025-12-26
3360,2,2026-01-02
3360,3,2026-01-11
3360,4,2026-01-18
3361,1,2026-01-04
3361,2,2026-01-12
3362,1,2025-11-03
3362,2,2025-11-08
3362,3,2025-11-24
3362,4,2025-12-08
3363,1,2025-03-12
3363,2,2025-03-17
3364,1,2025-08-09
3365,1,2025-07-25
3366,1,2025-11-29
3366,2,2025-12-02
3366,3,2025-12-12
3367,1,2026-01-01
3367,2,2026-01-08
3367,3,2026-01-14
3368,1,2026-03-03
3369,1,2025-07-26
3369,2,2025-08-02
3370,1,2025-01-17
3370,2,2025-01-21
3371,1,2025-06-07
3372,1,2025-10-25
3372,2,2025-10-31
3373,1,2026-03-06
3374,1,2025-02-08
3374,2,2025-02-15
3374,3,2025-02-24
3374,4,2025-03-15
3374,5,2025-03-19
3375,1,2026-03-27
3375,2,2026-04-04
3375,3,2026-04-16
3375,4,2026-04-30
3376,1,2025-08-09
3377,1,2026-01-14
3378,1,2025-03-21
3378,2,2025-03-29
3378,3,2025-04-03
3379,1,2025-06-29
3380,1,2026-02-27
3381,1,2026-04-02
3381,2,2026-04-10
3382,1,2025-08-25
3383,1,2026-05-12
3384,1,2026-04-24
3384,2,2026-04-29
3384,3,2026-05-10
3385,1,2025-10-27
3386,1,2025-04-07
3387,1,2026-03-31
3388,1,2025-03-29
3389,1,2025-06-23
3390,1,2026-04-25
3390,2,2026-05-01
3391,1,2025-06-15
3391,2,2025-06-19
3392,1,2025-08-21
3393,1,2026-05-06
3394,1,2025-07-27
3395,1,2026-03-07
3396,1,2026-03-29
3397,1,2025-09-04
3397,2,2025-09-07
3398,1,2025-09-21
3398,2,2025-09-29
3399,1,2025-08-19
3399,2,2025-08-23
3399,3,2025-08-30
3400,1,2025-04-27
3401,1,2025-09-03
3402,1,2025-03-26
3402,2,2025-04-03
3403,1,2025-11-02
3403,2,2025-11-10
3404,1,2025-04-29
3405,1,2026-05-09
3405,2,2026-05-15
3405,3,2026-05-24
3406,1,2025-09-03
3406,2,2025-09-06
3406,3,2025-09-11
3407,1,2025-01-06
3407,2,2025-01-20
3408,1,2025-01-26
3408,2,2025-01-30
3408,3,2025-02-09
3409,1,2025-11-20
3409,2,2025-11-30
3409,3,2025-12-08
3410,1,2025-06-04
3411,1,2025-10-13
3412,1,2025-04-30
3412,2,2025-05-08
3412,3,2025-05-14
3412,4,2025-05-26
3412,5,2025-06-01
3413,1,2025-05-01
3413,2,2025-05-09
3414,1,2025-03-30
3414,2,2025-04-13
3415,1,2025-07-21
3416,1,2025-11-23
3416,2,2025-12-04
3417,1,2025-05-03
3418,1,2025-07-12
3419,1,2026-05-13
3420,1,2025-04-15
3421,1,2026-02-20
3421,2,2026-02-26
3421,3,2026-03-07
3421,4,2026-03-26
3421,5,2026-04-07
3422,1,2025-08-08
3422,2,2025-08-14
3422,3,2025-08-24
3422,4,2025-08-31
3422,5,2025-09-06
3423,1,2025-05-12
3423,2,2025-05-20
3424,1,2026-01-19
3424,2,2026-01-22
3425,1,2025-09-27
3425,2,2025-10-03
3426,1,2025-06-14
3427,1,2026-01-18
3428,1,2025-08-14
3428,2,2025-08-21
3428,3,2025-08-31
3428,4,2025-09-10
3428,5,2025-09-18
3429,1,2025-04-27
3430,1,2025-01-23
3431,1,2025-07-31
3431,2,2025-08-07
3432,1,2026-01-16
3433,1,2026-02-25
3433,2,2026-03-01
3433,3,2026-03-12
3433,4,2026-03-21
3433,5,2026-03-24
3434,1,2026-04-16
3434,2,2026-04-22
3435,1,2026-02-26
3436,1,2025-05-26
3437,1,2025-05-24
3438,1,2025-11-28
3438,2,2025-12-06
3438,3,2025-12-19
3438,4,2026-01-03
3438,5,2026-01-08
3439,1,2025-08-10
3439,2,2025-08-22
3440,1,2025-09-14
3441,1,2025-08-28
3442,1,2025-11-08
3443,1,2026-01-06
3443,2,2026-01-09
3444,1,2025-12-05
3445,1,2025-05-15
3446,1,2025-08-13
3446,2,2025-08-21
3447,1,2025-03-28
3448,1,2026-03-14
3448,2,2026-03-22
3448,3,2026-03-30
3449,1,2025-10-10
3450,1,2026-04-27
3450,2,2026-05-04
3450,3,2026-05-12
3450,4,2026-05-18
3451,1,2025-04-12
3451,2,2025-04-24
3452,1,2025-05-29
3452,2,2025-06-05
3452,3,2025-06-18
3453,1,2025-06-08
3454,1,2025-05-11
3455,1,2025-10-16
3456,1,2026-03-21
3457,1,2026-05-12
3457,2,2026-05-16
3457,3,2026-05-29
3457,4,2026-06-11
3457,5,2026-06-21
3458,1,2026-03-03
3458,2,2026-03-07
3458,3,2026-03-14
3459,1,2025-11-17
3460,1,2025-03-26
3460,2,2025-04-02
3461,1,2025-03-01
3461,2,2025-03-12
3461,3,2025-03-26
3461,4,2025-04-09
3461,5,2025-04-17
3462,1,2025-04-05
3463,1,2025-04-16
3463,2,2025-04-27
3463,3,2025-05-05
3464,1,2025-07-15
3465,1,2025-11-03
3465,2,2025-11-09
3465,3,2025-11-16
3465,4,2025-11-26
3465,5,2025-12-01
3466,1,2025-11-14
3467,1,2026-02-06
3467,2,2026-02-18
3468,1,2025-10-23
3468,2,2025-11-03
3469,1,2025-07-22
3470,1,2025-12-04
3471,1,2026-03-16
3472,1,2025-09-12
3472,2,2025-09-21
3472,3,2025-10-07
3472,4,2025-10-27
3472,5,2025-11-05
3473,1,2026-03-07
3473,2,2026-03-10
3473,3,2026-03-17
3473,4,2026-03-29
3473,5,2026-04-02
3474,1,2025-09-20
3474,2,2025-10-02
3475,1,2025-07-31
3476,1,2025-07-26
3476,2,2025-08-03
3476,3,2025-08-14
3476,4,2025-08-27
3476,5,2025-09-04
3477,1,2025-08-30
3477,2,2025-09-02
3478,1,2025-12-02
3478,2,2025-12-07
3478,3,2025-12-12
3479,1,2025-04-01
3480,1,2025-07-22
3481,1,2026-05-16
3481,2,2026-05-30
3482,1,2026-01-27
3483,1,2025-10-31
3483,2,2025-11-07
3484,1,2025-06-05
3485,1,2025-02-04
3486,1,2026-01-01
3486,2,2026-01-07
3487,1,2026-01-14
3487,2,2026-01-22
3487,3,2026-01-30
3487,4,2026-02-07
3487,5,2026-02-14
3488,1,2025-01-27
3488,2,2025-02-02
3489,1,2026-04-11
3489,2,2026-04-18
3489,3,2026-04-26
3489,4,2026-05-15
3489,5,2026-05-24
3490,1,2025-11-30
3490,2,2025-12-03
3491,1,2025-03-06
3491,2,2025-03-13
3492,1,2026-03-17
3493,1,2026-05-30
3494,1,2026-03-23
3494,2,2026-04-01
3494,3,2026-04-14
3495,1,2025-07-20
3495,2,2025-07-24
3495,3,2025-07-29
3495,4,2025-08-05
3495,5,2025-08-13
3496,1,2026-03-20
3497,1,2025-05-04
3497,2,2025-05-10
3498,1,2025-09-07
3499,1,2026-04-16
3500,1,2025-08-21
3500,2,2025-08-31
3500,3,2025-09-11
3500,4,2025-09-30
3500,5,2025-10-11
3501,1,2026-03-22
3502,1,2025-03-02
3503,1,2025-11-20
3504,1,2025-03-11
3504,2,2025-03-19
3504,3,2025-03-25
3505,1,2026-01-15
3505,2,2026-01-23
3506,1,2026-01-10
3507,1,2025-08-17
3507,2,2025-08-25
3508,1,2025-05-13
3509,1,2025-05-09
3509,2,2025-05-19
3509,3,2025-05-25
3510,1,2025-11-17
3511,1,2026-02-23
3512,1,2025-06-16
3512,2,2025-06-24
3512,3,2025-07-04
3512,4,2025-07-12
3512,5,2025-07-18
3513,1,2025-04-21
3513,2,2025-04-24
3514,1,2025-02-20
3514,2,2025-02-23
3515,1,2025-03-22
3516,1,2025-07-23
3517,1,2025-07-16
3518,1,2025-11-09
3518,2,2025-11-13
3518,3,2025-11-19
3519,1,2025-12-20
3519,2,2025-12-26
3520,1,2025-10-27
3521,1,2025-12-23
3521,2,2026-01-03
3521,3,2026-01-11
3522,1,2025-06-25
3523,1,2025-04-20
3524,1,2026-02-05
3525,1,2025-03-07
3525,2,2025-03-21
3526,1,2025-03-25
3527,1,2025-11-29
3527,2,2025-12-04
3527,3,2025-12-14
3528,1,2025-05-25
3529,1,2025-01-12
3529,2,2025-01-20
3529,3,2025-01-24
3529,4,2025-02-01
3530,1,2025-04-11
3531,1,2025-08-05
3531,2,2025-08-11
3531,3,2025-08-15
3532,1,2026-03-08
3532,2,2026-03-17
3532,3,2026-03-27
3532,4,2026-04-04
3532,5,2026-04-12
3533,1,2025-06-02
3533,2,2025-06-07
3534,1,2025-08-05
3535,1,2025-03-21
3535,2,2025-03-26
3536,1,2026-04-27
3536,2,2026-05-04
3536,3,2026-05-13
3537,1,2025-07-16
3538,1,2025-09-03
3539,1,2025-10-09
3540,1,2025-10-12
3540,2,2025-10-19
3540,3,2025-10-25
3540,4,2025-11-04
3540,5,2025-11-11
3541,1,2026-02-18
3541,2,2026-03-02
3542,1,2025-09-13
3542,2,2025-09-16
3543,1,2025-05-30
3543,2,2025-06-06
3543,3,2025-06-17
3544,1,2025-07-28
3545,1,2026-05-29
3546,1,2026-04-05
3547,1,2026-04-08
3547,2,2026-04-14
3548,1,2025-05-20
3549,1,2025-10-25
3549,2,2025-10-30
3550,1,2025-01-10
3550,2,2025-01-15
3550,3,2025-01-28
3551,1,2025-05-25
3552,1,2025-10-18
3552,2,2025-10-25
3553,1,2025-10-17
3553,2,2025-10-22
3553,3,2025-11-03
3553,4,2025-11-18
3553,5,2025-11-28
3554,1,2026-04-01
3555,1,2025-12-10
3555,2,2025-12-17
3556,1,2025-08-28
3556,2,2025-09-06
3557,1,2026-03-16
3558,1,2025-12-22
3558,2,2025-12-31
3559,1,2026-03-20
3559,2,2026-03-26
3560,1,2025-05-17
3560,2,2025-05-26
3560,3,2025-06-11
3560,4,2025-06-29
3560,5,2025-07-06
3561,1,2025-09-23
3561,2,2025-10-02
3562,1,2025-10-02
3562,2,2025-10-07
3562,3,2025-10-22
3563,1,2025-03-15
3564,1,2025-06-14
3565,1,2025-08-02
3565,2,2025-08-05
3565,3,2025-08-17
3566,1,2025-02-14
3566,2,2025-02-17
3567,1,2026-02-03
3568,1,2026-04-03
3568,2,2026-04-12
3569,1,2026-05-25
3570,1,2025-05-23
3570,2,2025-05-26
3570,3,2025-06-02
3571,1,2025-05-09
3572,1,2025-12-23
3572,2,2025-12-26
3572,3,2025-12-31
3573,1,2025-03-11
3573,2,2025-03-22
3574,1,2025-01-09
3575,1,2025-12-03
3575,2,2025-12-14
3576,1,2025-03-27
3577,1,2026-01-23
3577,2,2026-01-30
3577,3,2026-02-05
3578,1,2025-01-30
3578,2,2025-02-03
3579,1,2025-05-04
3580,1,2025-11-27
3581,1,2025-11-01
3582,1,2026-04-25
3582,2,2026-05-05
3583,1,2025-05-14
3584,1,2025-07-11
3585,1,2026-04-21
3585,2,2026-05-05
3586,1,2026-01-03
3586,2,2026-01-15
3586,3,2026-01-27
3587,1,2025-02-27
3587,2,2025-03-02
3588,1,2025-07-09
3588,2,2025-07-12
3589,1,2025-12-12
3589,2,2025-12-19
3589,3,2025-12-26
3589,4,2026-01-03
3590,1,2026-05-27
3591,1,2025-06-16
3591,2,2025-06-20
3591,3,2025-06-26
3592,1,2025-04-11
3593,1,2025-07-31
3594,1,2025-04-27
3594,2,2025-05-04
3594,3,2025-05-12
3595,1,2025-12-16
3596,1,2026-05-16
3597,1,2026-03-09
3598,1,2025-10-11
3598,2,2025-10-15
3599,1,2025-08-03
3599,2,2025-08-09
3600,1,2025-09-03
3600,2,2025-09-10
3600,3,2025-09-20
3600,4,2025-10-07
3600,5,2025-10-14
3601,1,2025-09-21
3602,1,2025-03-05
3602,2,2025-03-08
3602,3,2025-03-16
3603,1,2025-11-16
3603,2,2025-11-25
3604,1,2025-05-07
3605,1,2025-02-17
3606,1,2025-04-20
3606,2,2025-04-30
3607,1,2025-04-02
3608,1,2026-01-19
3609,1,2025-02-06
3610,1,2025-09-12
3610,2,2025-09-24
3611,1,2025-12-17
3612,1,2026-05-28
3613,1,2026-04-24
3613,2,2026-05-02
3614,1,2025-11-21
3615,1,2025-08-04
3616,1,2025-08-18
3616,2,2025-08-21
3617,1,2026-01-13
3617,2,2026-01-16
3617,3,2026-01-29
3617,4,2026-02-15
3617,5,2026-02-19
3618,1,2025-07-30
3619,1,2025-02-01
3619,2,2025-02-07
3620,1,2026-01-23
3620,2,2026-01-28
3621,1,2025-05-21
3621,2,2025-05-30
3622,1,2025-11-10
3622,2,2025-11-17
3622,3,2025-11-25
3622,4,2025-12-08
3623,1,2025-06-23
3624,1,2025-03-08
3624,2,2025-03-19
3625,1,2025-05-28
3626,1,2025-07-21
3626,2,2025-07-26
3626,3,2025-07-31
3626,4,2025-08-10
3626,5,2025-08-16
3627,1,2025-12-11
3627,2,2025-12-15
3627,3,2025-12-22
3628,1,2026-04-20
3629,1,2025-02-23
3629,2,2025-03-03
3629,3,2025-03-19
3629,4,2025-04-04
3629,5,2025-04-15
3630,1,2025-04-27
3630,2,2025-05-04
3631,1,2025-04-11
3631,2,2025-04-14
3632,1,2025-04-02
3633,1,2025-12-29
3634,1,2026-03-19
3635,1,2025-11-05
3635,2,2025-11-08
3636,1,2026-04-10
3637,1,2026-02-11
3638,1,2025-03-07
3639,1,2026-01-24
3639,2,2026-02-03
3639,3,2026-02-16
3640,1,2025-04-15
3640,2,2025-04-26
3641,1,2025-11-25
3642,1,2025-02-12
3643,1,2025-02-14
3644,1,2026-01-24
3645,1,2025-10-01
3646,1,2026-01-02
3646,2,2026-01-05
3646,3,2026-01-17
3647,1,2025-11-23
3648,1,2025-07-14
3649,1,2025-05-31
3650,1,2025-12-10
3651,1,2026-01-08
3651,2,2026-01-20
3651,3,2026-02-03
3651,4,2026-02-12
3651,5,2026-02-16
3652,1,2025-05-29
3652,2,2025-06-03
3653,1,2025-03-23
3653,2,2025-03-27
3653,3,2025-04-04
3653,4,2025-04-14
3653,5,2025-04-22
3654,1,2025-01-21
3654,2,2025-01-28
3655,1,2025-01-12
3656,1,2025-08-31
3657,1,2025-12-07
3658,1,2025-03-03
3659,1,2026-02-16
3660,1,2026-02-07
3661,1,2025-04-13
3661,2,2025-04-20
3662,1,2025-12-13
3663,1,2025-07-21
3663,2,2025-08-02
3664,1,2025-09-18
3664,2,2025-09-24
3664,3,2025-10-02
3665,1,2026-01-06
3665,2,2026-01-16
3666,1,2026-05-13
3667,1,2025-04-14
3668,1,2025-02-22
3668,2,2025-03-02
3669,1,2026-03-03
3670,1,2025-10-16
3670,2,2025-10-21
3670,3,2025-10-29
3670,4,2025-11-20
3670,5,2025-11-29
3671,1,2026-04-08
3672,1,2025-09-30
3673,1,2026-01-24
3673,2,2026-01-27
3673,3,2026-02-04
3673,4,2026-02-12
3673,5,2026-02-18
3674,1,2026-04-23
3674,2,2026-04-27
3674,3,2026-05-13
3675,1,2025-04-22
3676,1,2025-04-26
3677,1,2026-04-13
3677,2,2026-04-18
3678,1,2025-04-30
3678,2,2025-05-06
3678,3,2025-05-11
3678,4,2025-05-20
3678,5,2025-05-25
3679,1,2026-01-16
3680,1,2026-03-04
3681,1,2025-12-30
3682,1,2025-10-19
3682,2,2025-10-27
3683,1,2025-09-27
3683,2,2025-10-05
3684,1,2025-03-29
3685,1,2025-09-29
3685,2,2025-10-04
3685,3,2025-10-08
3686,1,2025-09-05
3686,2,2025-09-13
3687,1,2025-10-13
3688,1,2026-05-01
3688,2,2026-05-09
3689,1,2025-10-01
3689,2,2025-10-06
3690,1,2025-02-19
3690,2,2025-02-23
3690,3,2025-03-01
3690,4,2025-03-06
3690,5,2025-03-11
3691,1,2025-11-29
3692,1,2025-05-18
3692,2,2025-05-23
3693,1,2025-05-14
3694,1,2025-08-24
3695,1,2026-01-11
3696,1,2026-04-03
3696,2,2026-04-10
3696,3,2026-04-22
3697,1,2025-08-02
3698,1,2025-11-24
3698,2,2025-12-01
3698,3,2025-12-15
3698,4,2025-12-24
3698,5,2026-01-04
3699,1,2025-10-18
3700,1,2026-01-19
3700,2,2026-01-27
3701,1,2025-11-14
3701,2,2025-11-21
3701,3,2025-12-02
3702,1,2025-09-15
3702,2,2025-09-22
3702,3,2025-10-01
3702,4,2025-10-07
3702,5,2025-10-17
3703,1,2026-01-07
3704,1,2025-08-22
3704,2,2025-08-28
3704,3,2025-09-07
3704,4,2025-09-12
3704,5,2025-09-16
3705,1,2025-06-20
3705,2,2025-06-26
3705,3,2025-07-05
3706,1,2026-05-03
3706,2,2026-05-09
3706,3,2026-05-20
3707,1,2025-12-11
3708,1,2026-01-06
3709,1,2026-02-26
3710,1,2025-07-17
3710,2,2025-07-24
3711,1,2025-04-01
3711,2,2025-04-06
3711,3,2025-04-22
3711,4,2025-05-10
3711,5,2025-05-20
3712,1,2025-08-22
3713,1,2025-09-17
3713,2,2025-09-23
3714,1,2026-02-13
3714,2,2026-02-17
3715,1,2026-01-18
3716,1,2025-07-30
3716,2,2025-08-06
3716,3,2025-08-12
3716,4,2025-08-23
3716,5,2025-08-31
3717,1,2025-05-05
3717,2,2025-05-08
3717,3,2025-05-20
3718,1,2025-02-16
3719,1,2025-05-15
3719,2,2025-05-21
3719,3,2025-05-26
3719,4,2025-06-01
3719,5,2025-06-07
3720,1,2025-10-25
3720,2,2025-10-28
3720,3,2025-11-05
3720,4,2025-11-16
3720,5,2025-11-22
3721,1,2026-05-03
3722,1,2025-03-30
3723,1,2026-01-18
3724,1,2025-06-06
3725,1,2026-01-10
3725,2,2026-01-19
3726,1,2025-03-06
3727,1,2025-01-13
3727,2,2025-01-16
3727,3,2025-01-27
3728,1,2025-05-28
3728,2,2025-06-03
3729,1,2026-04-27
3730,1,2025-07-24
3730,2,2025-08-05
3730,3,2025-08-17
3731,1,2025-10-05
3732,1,2025-07-19
3732,2,2025-07-30
3732,3,2025-08-10
3733,1,2026-01-04
3734,1,2025-10-02
3734,2,2025-10-07
3734,3,2025-10-17
3734,4,2025-10-29
3734,5,2025-11-01
3735,1,2026-02-20
3735,2,2026-03-01
3736,1,2025-06-12
3737,1,2025-12-21
3738,1,2025-06-27
3739,1,2026-04-01
3740,1,2025-05-16
3741,1,2025-08-13
3742,1,2025-09-05
3742,2,2025-09-10
3742,3,2025-09-17
3743,1,2025-03-03
3744,1,2025-09-22
3745,1,2025-10-16
3746,1,2025-02-05
3746,2,2025-02-11
3747,1,2025-10-15
3748,1,2025-12-17
3748,2,2025-12-25
3748,3,2026-01-06
3749,1,2026-03-20
3750,1,2026-05-03
3751,1,2025-02-04
3751,2,2025-02-10
3751,3,2025-02-21
3752,1,2025-06-04
3753,1,2025-01-01
3753,2,2025-01-06
3753,3,2025-01-13
3754,1,2025-04-14
3755,1,2025-04-05
3756,1,2025-01-30
3756,2,2025-02-03
3757,1,2025-03-01
3757,2,2025-03-04
3757,3,2025-03-08
3758,1,2025-06-25
3758,2,2025-06-27
3759,1,2025-05-27
3760,1,2025-01-23
3761,1,2025-09-03
3761,2,2025-09-07
3762,1,2025-03-06
3763,1,2025-12-06
3764,1,2026-03-06
3765,1,2025-12-22
3765,2,2025-12-30
3765,3,2026-01-05
3765,4,2026-01-10
3766,1,2025-06-12
3767,1,2025-04-06
3768,1,2025-08-06
3769,1,2025-04-19
3769,2,2025-04-23
3770,1,2025-05-27
3771,1,2025-10-03
3772,1,2025-10-26
3772,2,2025-11-02
3772,3,2025-11-14
3772,4,2025-11-26
3772,5,2025-12-04
3773,1,2025-08-05
3774,1,2025-11-09
3774,2,2025-11-20
3775,1,2025-05-22
3775,2,2025-05-24
3775,3,2025-05-28
3775,4,2025-06-09
3775,5,2025-06-12
3776,1,2025-04-09
3776,2,2025-04-16
3777,1,2026-03-03
3778,1,2026-03-15
3779,1,2025-07-01
3779,2,2025-07-06
3780,1,2026-04-09
3781,1,2026-01-23
3782,1,2025-12-10
3782,2,2025-12-16
3782,3,2025-12-25
3783,1,2025-12-28
3784,1,2025-11-28
3785,1,2025-10-19
3785,2,2025-10-25
3786,1,2026-04-14
3786,2,2026-04-17
3786,3,2026-04-25
3787,1,2025-02-28
3787,2,2025-03-06
3788,1,2025-02-12
3789,1,2025-02-17
3789,2,2025-02-27
3790,1,2025-07-31
3791,1,2025-10-08
3792,1,2025-09-27
3792,2,2025-10-03
3792,3,2025-10-11
3793,1,2025-11-03
3793,2,2025-11-10
3793,3,2025-11-21
3793,4,2025-12-04
3793,5,2025-12-07
3794,1,2025-11-15
3795,1,2026-03-10
3796,1,2025-07-25
3796,2,2025-08-01
3796,3,2025-08-11
3796,4,2025-08-24
3796,5,2025-09-01
3797,1,2026-03-05
3797,2,2026-03-08
3797,3,2026-03-16
3798,1,2025-11-06
3799,1,2025-06-09
3800,1,2025-06-09
3800,2,2025-06-11
3800,3,2025-06-18
3800,4,2025-06-28
3800,5,2025-07-05
3801,1,2026-05-08
3802,1,2026-04-25
3802,2,2026-05-04
3802,3,2026-05-19
3802,4,2026-06-02
3802,5,2026-06-13
3803,1,2026-05-02
3803,2,2026-05-10
3804,1,2025-04-30
3804,2,2025-05-11
3805,1,2026-01-15
3805,2,2026-01-20
3806,1,2025-06-10
3807,1,2025-03-12
3808,1,2025-05-01
3808,2,2025-05-11
3808,3,2025-05-19
3808,4,2025-06-04
3808,5,2025-06-10
3809,1,2025-06-01
3810,1,2026-03-20
3810,2,2026-03-31
3811,1,2026-04-28
3812,1,2025-12-01
3813,1,2026-01-03
3814,1,2025-05-30
3815,1,2025-08-24
3815,2,2025-08-30
3815,3,2025-09-10
3816,1,2025-08-31
3816,2,2025-09-06
3817,1,2025-03-11
3818,1,2025-04-08
3819,1,2026-05-29
3820,1,2025-05-09
3820,2,2025-05-12
3820,3,2025-05-19
3820,4,2025-05-25
3820,5,2025-05-31
3821,1,2025-11-11
3821,2,2025-11-19
3821,3,2025-11-29
3821,4,2025-12-05
3821,5,2025-12-07
3822,1,2025-03-24
3822,2,2025-04-01
3822,3,2025-04-12
3822,4,2025-04-20
3822,5,2025-04-23
3823,1,2026-05-31
3823,2,2026-06-08
3823,3,2026-06-20
3824,1,2025-06-30
3825,1,2025-04-18
3826,1,2025-02-07
3826,2,2025-02-12
3827,1,2025-11-19
3827,2,2025-11-28
3828,1,2026-01-11
3828,2,2026-01-17
3829,1,2025-09-04
3829,2,2025-09-08
3829,3,2025-09-21
3829,4,2025-09-28
3829,5,2025-10-02
3830,1,2026-02-06
3831,1,2026-05-17
3832,1,2026-04-06
3832,2,2026-04-14
3833,1,2026-02-28
3834,1,2026-05-11
3834,2,2026-05-18
3834,3,2026-05-30
3834,4,2026-06-05
3834,5,2026-06-12
3835,1,2025-10-16
3836,1,2025-05-26
3837,1,2025-09-22
3838,1,2025-04-03
3839,1,2025-04-02
3840,1,2025-06-03
3840,2,2025-06-08
3840,3,2025-06-14
3841,1,2025-06-04
3841,2,2025-06-09
3842,1,2025-06-26
3842,2,2025-07-03
3843,1,2025-12-11
3843,2,2025-12-16
3843,3,2025-12-27
3844,1,2026-02-28
3845,1,2026-04-07
3845,2,2026-04-13
3845,3,2026-04-20
3846,1,2025-07-12
3847,1,2025-08-21
3848,1,2025-10-18
3848,2,2025-10-29
3849,1,2025-08-22
3849,2,2025-08-26
3849,3,2025-09-02
3849,4,2025-09-10
3849,5,2025-09-19
3850,1,2026-05-04
3850,2,2026-05-08
3850,3,2026-05-17
3850,4,2026-05-27
3850,5,2026-05-30
3851,1,2026-01-29
3852,1,2025-05-06
3853,1,2025-09-20
3854,1,2025-12-10
3854,2,2025-12-18
3854,3,2025-12-22
3855,1,2025-03-22
3856,1,2026-01-20
3857,1,2025-02-22
3857,2,2025-02-28
3857,3,2025-03-12
3857,4,2025-03-19
3857,5,2025-03-26
3858,1,2025-09-06
3858,2,2025-09-15
3858,3,2025-09-24
3858,4,2025-10-06
3858,5,2025-10-15
3859,1,2026-02-26
3860,1,2025-04-20
3861,1,2025-09-23
3862,1,2026-05-18
3863,1,2025-10-08
3864,1,2025-04-22
3864,2,2025-04-26
3865,1,2025-11-18
3865,2,2025-11-24
3866,1,2026-05-05
3866,2,2026-05-14
3866,3,2026-05-30
3866,4,2026-06-21
3866,5,2026-06-29
3867,1,2026-02-04
3867,2,2026-02-12
3868,1,2025-04-21
3869,1,2025-03-31
3870,1,2025-04-29
3870,2,2025-05-03
3870,3,2025-05-11
3870,4,2025-05-23
3870,5,2025-05-29
3871,1,2025-05-24
3871,2,2025-05-28
3871,3,2025-06-06
3871,4,2025-06-20
3872,1,2025-07-14
3873,1,2025-05-08
3873,2,2025-05-14
3874,1,2025-05-05
3874,2,2025-05-09
3875,1,2025-07-22
3875,2,2025-08-03
3876,1,2026-01-25
3877,1,2026-01-25
3878,1,2025-03-16
3879,1,2025-08-14
3880,1,2025-07-12
3881,1,2025-01-22
3881,2,2025-01-31
3881,3,2025-02-07
3881,4,2025-02-27
3881,5,2025-03-07
3882,1,2025-02-02
3883,1,2025-09-20
3884,1,2025-03-08
3885,1,2026-02-27
3885,2,2026-03-03
3886,1,2025-06-20
3886,2,2025-06-23
3886,3,2025-07-03
3886,4,2025-07-13
3886,5,2025-07-16
3887,1,2025-11-14
3887,2,2025-11-24
3887,3,2025-12-01
3888,1,2025-11-02
3889,1,2025-11-07
3890,1,2026-05-19
3891,1,2025-03-26
3892,1,2026-05-12
3893,1,2026-02-02
3893,2,2026-02-07
3893,3,2026-02-13
3893,4,2026-02-18
3893,5,2026-02-21
3894,1,2025-06-12
3894,2,2025-06-20
3894,3,2025-07-04
3895,1,2025-03-27
3895,2,2025-03-31
3896,1,2026-01-07
3897,1,2025-04-25
3897,2,2025-04-29
3898,1,2025-04-14
3898,2,2025-04-18
3899,1,2025-12-10
3899,2,2025-12-21
3900,1,2025-03-29
3901,1,2025-04-05
3902,1,2025-04-18
3903,1,2025-05-23
3904,1,2025-07-03
3905,1,2026-02-15
3905,2,2026-02-23
3906,1,2025-11-20
3907,1,2025-06-09
3907,2,2025-06-17
3907,3,2025-07-01
3907,4,2025-07-10
3907,5,2025-07-18
3908,1,2025-08-27
3908,2,2025-09-10
3909,1,2025-10-27
3909,2,2025-11-02
3910,1,2026-01-08
3911,1,2025-03-17
3911,2,2025-03-25
3912,1,2025-12-02
3912,2,2025-12-04
3912,3,2025-12-10
3913,1,2025-06-20
3914,1,2026-04-20
3915,1,2025-10-09
3915,2,2025-10-17
3915,3,2025-10-28
3916,1,2025-02-28
3916,2,2025-03-10
3917,1,2025-11-24
3917,2,2025-11-28
3918,1,2025-03-19
3919,1,2025-02-13
3919,2,2025-02-22
3919,3,2025-03-04
3920,1,2025-03-19
3920,2,2025-03-28
3921,1,2025-08-25
3922,1,2025-04-06
3922,2,2025-04-14
3922,3,2025-04-23
3923,1,2025-05-03
3923,2,2025-05-05
3924,1,2025-08-27
3925,1,2025-03-14
3926,1,2025-08-01
3926,2,2025-08-04
3927,1,2025-09-01
3927,2,2025-09-04
3927,3,2025-09-12
3928,1,2026-04-26
3929,1,2025-05-11
3930,1,2026-02-14
3931,1,2025-09-24
3932,1,2026-01-11
3933,1,2026-02-16
3934,1,2025-07-06
3934,2,2025-07-18
3935,1,2025-07-17
3935,2,2025-07-25
3936,1,2025-10-27
3937,1,2025-02-28
3937,2,2025-03-06
3938,1,2025-11-01
3938,2,2025-11-12
3939,1,2025-12-18
3940,1,2025-07-31
3940,2,2025-08-08
3941,1,2026-03-01
3942,1,2026-03-26
3942,2,2026-04-02
3942,3,2026-04-10
3942,4,2026-04-16
3942,5,2026-04-24
3943,1,2025-03-05
3944,1,2026-03-21
3945,1,2026-01-14
3945,2,2026-01-19
3945,3,2026-01-23
3946,1,2025-03-23
3946,2,2025-04-01
3947,1,2025-06-14
3948,1,2026-01-14
3948,2,2026-01-20
3949,1,2025-06-04
3949,2,2025-06-10
3949,3,2025-06-18
3949,4,2025-06-24
3949,5,2025-06-28
3950,1,2025-08-06
3950,2,2025-08-12
3951,1,2025-11-01
3952,1,2026-04-13
3952,2,2026-04-22
3953,1,2025-01-06
3954,1,2025-09-22
3954,2,2025-10-03
3955,1,2026-05-25
3955,2,2026-06-02
3955,3,2026-06-11
3956,1,2025-01-25
3956,2,2025-02-01
3957,1,2026-04-11
3958,1,2025-11-30
3958,2,2025-12-10
3958,3,2025-12-18
3959,1,2025-07-29
3959,2,2025-07-31
3960,1,2025-09-03
3960,2,2025-09-06
3960,3,2025-09-11
3960,4,2025-09-16
3960,5,2025-09-20
3961,1,2025-05-15
3961,2,2025-05-23
3962,1,2026-03-03
3962,2,2026-03-11
3962,3,2026-03-23
3962,4,2026-03-29
3962,5,2026-04-04
3963,1,2026-01-13
3964,1,2025-08-08
3965,1,2025-03-16
3966,1,2025-02-18
3967,1,2025-08-14
3967,2,2025-08-23
3967,3,2025-09-06
3968,1,2026-04-25
3969,1,2026-05-13
3970,1,2025-07-23
3970,2,2025-07-30
3971,1,2025-01-09
3972,1,2025-02-07
3972,2,2025-02-12
3973,1,2026-04-24
3973,2,2026-05-04
3974,1,2026-01-26
3974,2,2026-02-03
3975,1,2026-04-23
3976,1,2025-09-30
3976,2,2025-10-03
3977,1,2026-03-12
3977,2,2026-03-19
3978,1,2025-08-14
3979,1,2025-04-09
3979,2,2025-04-15
3979,3,2025-04-21
3980,1,2025-01-14
3980,2,2025-01-26
3981,1,2025-08-15
3981,2,2025-08-18
3981,3,2025-08-23
3981,4,2025-08-30
3981,5,2025-09-06
3982,1,2025-06-15
3982,2,2025-06-19
3982,3,2025-06-25
3983,1,2026-03-29
3983,2,2026-04-06
3984,1,2025-09-27
3984,2,2025-10-01
3985,1,2025-09-14
3985,2,2025-09-17
3985,3,2025-09-25
3985,4,2025-10-02
3985,5,2025-10-11
3986,1,2025-03-07
3986,2,2025-03-12
3986,3,2025-03-30
3986,4,2025-04-15
3986,5,2025-04-22
3987,1,2025-07-11
3987,2,2025-07-16
3987,3,2025-07-23
3988,1,2026-01-31
3988,2,2026-02-08
3988,3,2026-02-14
3989,1,2025-03-28
3989,2,2025-04-08
3990,1,2025-03-21
3990,2,2025-03-29
3991,1,2025-11-09
3992,1,2025-01-18
3992,2,2025-01-24
3993,1,2026-03-26
3994,1,2025-07-30
3995,1,2025-09-27
3996,1,2025-12-15
3996,2,2025-12-19
3997,1,2026-04-19
3998,1,2025-05-04
3999,1,2025-05-29
4000,1,2026-01-27
